691772252
211380241
190476204
862977899
864239400
663145572
703905710
210018550
893731299
735344610
691336757
333333377
342857180
984458925
390524313
778727907
481783942
855660424
40544221
82537029
666602400
660362378
62812707
497663476
549884375
28330014
372632714
156510190
192985149
955909336
535700619
423605147
95819715
215546867
765458699
691456133
406135995
906322012
579490527
758495794
406424695
375163070
818489180
627988137
439782454
440258366
799237094
850292213
862149765
463462470
981056053
621398394
900950503
234630346
66575703
710596840
566972327
490704005
863506581
628571470
669355215
533602215
128721378
929099963
543371555
816106740
470070454
914524288
521452063
666666692
364733066
179124624
266666676
86898933
994245320
723377841
779329489
419209239
323469718
806762329
824739148
571428596
980934864
961604490
695456490
898275271
41536937
226038390
299273303
646634036
998355677
452099696
946364586
365336970
610575616
876511299
288045317
185915522
917369193
547041956
108100639
208201987
422563114
405687070
801191996
8536485
614071410
665476074
14518914
492955267
325285253
937437755
296387868
67791697
254162593
928919650
458116706
249450936
863625786
218364400
63436039
333333357
354732684
724473568
875232929
318393985
724617934
422931251
613042700
350983185
176648644
836840502
818939292
700739944
412597268
569520852
71988828
713593229
561048107
28918503
699837101
105747899
539006553
327390843
634910389
153081098
90637288
198430894
699043407
515610361
972275991
39018148
723296536
639107767
623431979
192343973
722894148
571979565
519794700
175718190
683433225
634078312
220817496
785657782
992287209
511974507
625081172
228408931
704758282
829693509
946314897
48
458450208
136147871
139055800
809856337
983963599
613995313
810536428
291985368
565871332
945937388
205129190
260373894
349114471
188394140
159238552
32195219
892918455
550234778
861731929
746615516
300257466
432045448
910546364
487312885
283463936
486632152
133641657
426771944
931605209
342018243
363756012
63625349
276654752
480985944
874147078
528963391
981978069
670277449
42
656150176
516790001
104112984
748589487
47707863
661499350
987540252
170794476
51371656
278421779
891049532
307247070
469143034
431849917
857794708
969239077
974296818
601947057
539540825
623431979
912666834
811850392
740655189
361573585
82000966
446323518
457857887
329977500
530451241
774807234
568989297
660726502
263033219
554430524
327284642
664977263
262405397
626451379
500584017
311513522
58775773
616477817
100947046
699198682
242375487
740612837
135469179
806762329
561150268
300158637
708504669
928800706
164183287
280653147
717952165
977361789
666666728
412984198
313213129
803876222
202432645
399171309
303796322
752380993
997762459
336051504
434283769
317138873
90355231
875569332
459553541
986717974
200284607
369772834
864393141
347046057
185521578
666338071
533940618
834086641
89940257
922695648
734209462
387612058
210239961
634452713
171428590
576079739
627988137
710438506
511829857
997762459
876628681
539682578
914591434
671726608
826963951
28536795
888443649
523639836
595297326
457127855
698723053
118544635
575987873
650089313
407710342
538239559
76493196
468244660
428170871
952418799
536184521
532546198
195973086
214178407
149533013
693148092
100517507
759906770
820649971
976688384
492955267
593877351
236585727
237655651
729198332
604042205
38014211
574092588
220539939
957503338
439677065
187388817
808627730
121275507
114813195
835956886
564442739
647816856
666241458
414870571
627872761
894738867
347957194
663446311
12987043
397820022
38763140
309668025
451186518
389286692
707742491
94835708
873581390
871857679
532782859
687206511
333333357
260373894
564785533
151408772
583683004
32538403
564774429
404961880
29592167
846724805
498412721
113719736
152498620
946529046
799390759
450793693
463637660
786579229
218364400
939967115
529418226
434728410
740162192
873096324
533333360
670930611
791939631
666666738
795671019
591809683
977062995
645589554
391297630
905974548
343328309
987694475
865358285
328267953
891104761
52221125
151408772
990828166
715920224
54282615
714189797
790413761
197757626
158007341
938263639
85714327
403699058
769956053
322265861
9172274
821959199
131613067
669020191
332792613
354942911
160066523
74444147
632995499
887858188
179987767
754546405
176466176
662618220
443892852
29263611
380787448
693274735
268628384
560721012
475048478
168601834
588163663
67979834
616003858
865678349
738688252
510047872
907128361
271971840
793287936
4377244
411044259
247207956
400000046
109637039
538239559
406866536
731916361
825055863
577431741
917965819
608604191
986104322
329934839
844977977
545463436
665585226
872686845
164263112
149501206
798354019
683949413
50398826
846968096
756722822
264964066
318307116
333333347
510619662
39432121
578069011
591803176
47232853
116187863
484848496
566453908
878608179
228158912
333333357
708957364
739088442
419415412
566777243
527444218
682060402
264662236
876757035
466856407
742069459
536247767
229398604
657771310
327284642
959847782
531260202
979943938
818910801
400810884
697830566
773843933
277827983
556584436
485831560
295383439
477104141
306188142
42438383
551545005
890853682
316176358
934326933
406967194
918624372
112518164
212220812
785657782
541241953
53902835
870287297
575828276
477836531
178771078
526820574
956084908
814185825
502930122
593199501
129482781
98027222
666666674
344514258
174284875
41269857
872145545
344701836
287801100
88982314
128839524
60317503
178381549
319729933
163003675
392563821
909892495
515296406
720734039
468056589
12987043
119207681
145207218
483924892
949494982
51966348
939194231
826963951
373307758
973494042
870151585
285410242
81558283
68829017
559079264
622031032
662416031
36352680
2886038
666338071
243867267
910060274
180039224
909956054
585871826
376299212
158730170
298937269
36721599
685425705
931234728
698981415
993470756
14342313
62089238
884837745
937075777
734662858
95491221
449205763
585657392
52784859
864812680
419987674
362444819
792986047
957544907
707263661
245047771
569818998
592447347
857928010
141259463
591630622
748910528
555668967
486187667
251210433
213829332
28553816
350649393
416905199
382912259
61529051
382475506
665444183
421134156
971210597
785847390
570622565
115879273
758373229
156837806
594981244
982285482
427888053
891659776
550863625
322991663
128527961
745103067
778437994
965064803
32401668
365913771
663145572
904939327
77719241
967533246
190172468
868695138
771854407
874279828
46745842
427696707
795026874
180514160
186064047
857408987
690900705
862615892
422030255
971428618
611240857
481783942
623751392
606883326
351749579
550114829
399603470
487390797
232440422
996009717
391411503
979943938
30290518
57901456
875403677
333333351
336574291
559286250
5093314
502171570
31906600
910060274
293324822
870380643
262557522
395859033
355933844
467813544
431281512
932143750
299286129
846168260
718967239
654193222
370974238
934512476
622887854
580321057
535059068
471175333
290805262
533873624
557287360
695596622
108401931
188723628
64428107
829710070
267385954
910324989
168601834
901510165
648393115
943801380
603679513
902241934
811245035
847456305
859339931
27371252
795154370
283632740
853207953
824222352
126227270
430639683
781602002
33833577
620753904
114285748
320999896
928371540
645704058
269481644
904078485
600000049
221142107
13600856
25732093
208201987
975855759
28203889
121275507
278996176
221687478
517566095
50831808
514553225
304622856
789982591
716480476
281579770
323528823
80973058
555915430
989349402
519296382
67979834
447274916
502451530
969345259
857142902
799765293
699835454
683021479
173457417
392366028
29867706
287321282
941292604
991377807
255487197
790413761
977777796
882105020
472029590
108643145
335785480
982482374
784127027
359073254
840459917
22938063
862977899
185644914
83927279
76026827
963278208
500418631
129088623
969468435
791809325
330736397
901372854
954492718
93965002
119658138
391297630
323789656
789982591
532228412
800690014
774835692
196988387
979822875
387612058
62
168645328
662652969
734804931
325385946
347195119
630434365
295881904
98027222
6048388
527894337
768861206
944858151
15659887
472718449
177164960
563356958
350983185
963278208
274628602
849680862
531260202
336221421
168681725
885714323
134830121
739384965
702080188
932780886
946529046
905724980
475048478
188749557
983853241
832611851
859065912
383709358
762553834
422931251
716833906
68
864635970
316509936
491372421
381978408
569521714
414784424
942318249
238975273
608106500
758652396
38049060
316535339
338966658
908311684
597933641
650146046
702080188
716056649
93862665
93734888
901587386
741784186
891482786
469483635
554568961
113276255
666666700
799237094
774471493
411044259
440299756
436098722
119742723
275565677
802247472
465058392
355289716
657984360
287060550
834480617
977899440
528138554
719502750
937616468
969093984
492955267
330389184
466666687
324329228
336574291
310265924
215850825
32344003
929259403
266692341
846395976
666666686
81558283
533159741
385337832
209629824
229681506
533333392
974436917
167532292
328526224
847712608
44663892
139753216
468509039
339367837
731510299
717636758
425130922
187223905
489092678
634920680
992840411
989911441
159164382
971428602
180684702
567521396
677680218
793429993
18894992
668018140
333333345
755692434
82594982
548489434
762067799
541241953
941292604
627778950
457142864
31302038
921575809
732326273
420573918
449927742
655389495
80593374
501567745
261579690
655920527
416550445
959174772
395003100
267177155
699955377
354626407
336574291
782444025
753032572
666666702
357590711
859352172
128347213
27598328
216233858
389901824
991135354
57713387
166378687
792052346
459553541
674849016
184531821
399495784
130556511
514889718
481929432
999489751
417116223
676913100
875569332
654575975
717952165
538917845
447340079
153970392
725593425
650287449
939393977
703905710
341599045
885890722
200000011
530300116
55067792
533333368
416994254
522090218
44674715
376554740
150316283
997702656
745357626
414514507
722155953
739088442
422761038
298896806
899887415
226722447
571828081
739069463
63431494
854806061
382198549
599351137
334947244
501567745
267385954
173495563
207966057
297411442
364719571
300257466
332004544
131179033
355169900
260261799
325368382
624817382
869259437
762187509
89385539
593256817
356119491
93938158
884837745
429872250
378662637
934331781
340551625
13409646
759906770
918498817
327313353
558892372
630730468
704221810
968066105
333293044
954403475
60035825
449274783
229464152
891297026
753579795
208744610
64188675
302113630
817867663
819599074
212358361
269308837
734656120
791989728
577089372
481090600
112309921
432045448
404160369
791909580
31429653
885523786
413175195
420762014
377110232
781247947
544318336
727707988
784208998
820225384
207211861
673902366
726449223
126402756
144866328
246631546
247226177
846924460
879564908
417116223
971428602
478798099
794604609
237655651
293701687
262405397
499253915
825610246
415602543
93906114
649409514
923775892
114285748
946364586
91078290
41853940
451724548
461004639
172559887
247226177
788637155
692389984
836949330
782727149
4377244
28
12925442
351721391
818910801
269915653
122348620
421348801
361892464
895623550
62062031
760945000
963278208
981751708
608604191
448429141
697831015
114813195
684256183
563803980
54989266
636850479
733952353
376095855
933333366
485991463
329688489
363568102
347051443
977022990
414730807
414514507
99883822
744576408
550809200
148230291
742857170
274644155
796670868
759395549
906396402
870592105
449445343
23626750
888878100
423123523
521935791
914554034
650287449
755475457
933333374
640181475
542359444
403939677
618629540
77895598
331557139
922183800
830835867
313643534
647214577
780974952
6
113716975
590939681
769717319
728715763
200460007
193381254
884814346
870349362
665603638
994422797
285714306
391681224
424414463
491783592
554430524
986204487
123232001
377110232
591151735
929481323
474305716
432226237
503154081
262557522
682846179
697831015
718419129
940840924
130141230
104453366
15461964
214576686
984487498
38000909
380247095
378780824
189917340
416061087
45148660
192917440
443923478
758372053
651444914
209523850
782093353
251438951
644674621
922354065
741671674
295383439
356694522
475745729
96136039
712373383
226264970
224923195
587152322
636762519
841703144
615264728
287381789
438674093
451136610
783667280
8
162684191
921107115
666059199
179533365
238685724
658906336
200000027
15753784
313414281
96286131
992840411
605212822
673902366
837397218
467850616
73015891
384953854
6750951
591763808
770718279
419702883
149533013
28
313458774
380247095
60035825
76655202
223430980
114285732
60881073
965699864
971009431
588305067
848842689
285628859
194901443
923476060
683330133
729881925
243746710
878760017
761333197
300876684
276502986
298077877
755582923
318790235
50732080
467344728
90382315
723223545
600108070
613106074
672493851
896958810
588175964
128207936
755546385
971428586
441899213
881955987
879043863
183537653
650570506
550234778
786219427
98723440
194139203
364097717
970637712
677516307
639250964
487206052
117653089
258270585
674739285
771853271
875812693
170079465
50377234
997526498
389295613
548340564
703625410
532765558
394192550
14695065
391053413
662416031
48431916
50061760
332622857
361509485
208642072
168367743
864282478
252446785
757480064
885714307
437323984
768715530
13501000
420320290
981888568
232655022
689587222
46746546
774774052
572929054
380386457
328803273
875783746
106261789
445600516
735796442
268990339
242606996
277143847
698981415
485954256
730350047
395661125
12654429
666338071
116687225
361279110
426454094
163003675
939744335
376539021
23189732
266823190
900725812
870509395
610575616
776793314
337845332
662748537
479507933
212619756
218347188
781152708
764405419
840459917
379680568
517358768
517566095
355965248
445600516
785670999
703625410
156680049
319199980
880645442
566678648
230338069
452337146
679961088
51001425
382475506
532765558
124187333
522090218
593199501
254858828
10141759
992287209
810474936
447349045
638173349
525719959
381040012
611644391
597760133
836464507
773196306
745453978
885890722
724935585
92760789
578119126
676913100
235256709
521627343
16
34380826
656108759
205960371
522400249
333945377
113605013
965644845
90754336
89986035
820532304
654021384
895190255
154826622
188723628
694335512
389286692
611988867
707263661
700539469
412603030
141019476
342601977
483766623
411255423
575895255
263492095
666666730
466660346
413984853
91819810
615264728
948911182
881243893
5984047
645468295
142640774
785779887
324852316
944366968
382421998
87334922
299273303
164083988
898336299
105747899
400000006
662872306
740607487
36455830
192400274
756251689
103694808
40795441
128377350
478040049
394394807
12517610
848035764
268345035
515073324
856672769
217461801
976587234
259810861
615310348
585510853
788156007
895610630
504139650
973054206
901961958
234449740
967288626
205895358
254826421
674308614
390560841
387417846
582183678
64929050
409124068
460793010
705627715
489059734
490390037
651582835
743745162
676531479
179190483
814216562
703803330
455290830
26250163
728564949
507086644
93862665
739319631
224924283
111844716
993508065
775151718
227947590
351040094
742857170
603174646
182490855
287178723
778830493
74553902
30632378
866530619
145002980
928371540
836290534
95238102
900297119
635193345
52310742
844434195
95066763
131613067
803625287
847198363
215546867
556843558
633088496
545634018
26474774
954818529
287178723
169347696
561048107
771279293
96136039
170221333
496836516
936378710
315276408
88570024
729271729
523435432
125150220
913070234
110767315
595259598
870853940
816234342
50492293
859065912
371479752
983962715
458766022
573964408
371361467
313414281
365336970
85689092
426358104
140465143
771428591
523807129
847456305
214930114
651402763
723296536
364719571
230174500
997702656
68829017
231360846
237655651
744203794
391681224
766932949
838061107
637999715
43394926
85689092
666233414
284085618
888269922
703862187
114813195
308351865
596492578
27598328
5093314
496836516
46745842
46343458
610522326
85840996
257904112
381947270
617102913
635262639
298588704
246595321
840442895
149270520
17783571
954390325
89986035
32
408519436
447340079
134830121
942826306
307384336
480491041
774867391
765440627
268568792
608404436
244456766
151011762
373660928
842712856
285714322
774603204
575828276
753901986
655396562
637777219
6766562
93938158
246394668
437208490
949695371
229429999
75168874
500862514
268504693
725770824
885114922
20188807
172425278
130279782
303452659
871713607
796434510
482309234
399674195
869667210
430339091
516790001
841130206
109485324
747584735
322214600
87608008
223665257
356739143
790366603
281579770
929317854
248030944
163610756
840161134
665046370
901108767
168601834
192343973
136110011
739319631
788413101
592504650
708348310
403939677
621548421
146105335
143454279
556099386
107629145
319347355
771428607
338966658
550124376
673016255
857142902
190907344
51590576
90382326
232491418
810748370
427182510
545975951
141849735
604575064
844855742
667998702
787869225
925965552
724586635
234469822
497410805
337121150
248823449
187046288
439297008
689158165
626451379
642839629
201253209
496593363
701430432
673041961
948405907
273498427
891482786
985464537
548636530
785787516
153908516
755975160
4021966
708454621
743872530
261050423
198273987
872163682
34338935
93906114
824204026
977776748
659325907
44926308
776793314
969345259
163610756
386451831
923817350
303782039
833815665
929292972
189036579
471623526
419464237
256891888
433811382
789362422
421134156
338869782
70118763
231394629
909892495
806762329
179533365
920693346
489059734
567703862
553412439
736465034
455627555
177164960
626568573
861996072
475431170
277326218
28571453
462789258
865958184
451186843
420746346
492879754
847698234
55858558
475424490
180684702
21318309
178771078
400810884
959162490
419702883
500127587
347444218
319347355
851974716
965064803
378517165
597643578
72042990
567521396
622436306
563377448
346005958
405265687
132629533
937437755
666666714
744026290
691926063
399755382
703803330
564253452
722155953
810536428
711802577
831338274
256020158
117716622
468808234
563052724
632885175
106470794
743491152
218451761
451186843
478987144
74929828
488451533
131018640
666666676
208414942
296233688
343328309
30683856
766932949
131946251
350983185
284806050
985274028
156424487
789222640
189151956
880578693
961147302
668981527
816373998
517554359
478541645
246565857
417827899
893033092
269611606
464128608
855322496
689097589
710596840
13501000
647913066
855196969
54282615
782106826
453384948
992660446
416932371
438674093
217451319
178468446
133590468
855660424
864282478
835312302
180684702
878190217
152855080
202522849
583683004
239643230
905039520
305616990
201476993
21697463
646426603
344701836
57734634
116904576
850292213
990629014
680317860
846420578
567703243
313732201
458327746
191358153
977772272
266927557
705627715
835523648
74929828
883511624
258161274
990607025
519007056
87345760
231674210
56211586
320458736
434272517
74067720
979488130
717063681
345097446
172168422
211980327
137256798
807345476
288045317
777896642
142321116
297879838
447863258
959289986
380089808
131439168
164263112
302113630
944498957
755641580
109637039
925202740
201086532
38303869
670887999
313643534
701775924
748488620
408409991
746919053
954130843
186432756
983089268
420762014
994410524
968611614
434283769
143900550
75574933
313643534
738385632
394406903
356901848
564277491
657793224
994422797
857431699
978616951
231432702
332875667
263606924
973494042
847550369
63492068
304622856
462892123
189295715
262405397
117716622
478065808
865800904
696655757
650866679
81363785
839578210
936789526
439146745
493227523
605394626
780596586
271971840
138965666
387612058
332604282
584348537
856625541
445903524
545780991
717508065
244422607
214698374
471175333
742069459
68715369
936972629
910606443
106824871
519118498
794544529
397252687
611168068
816615468
512477020
859089818
393379468
226264970
300746176
28723428
513481055
352082510
176601988
385337832
137610597
459031
893523873
485954256
690115787
134168806
295549744
810144034
320212617
199147427
673156285
599807169
817848418
293741388
227947590
519296382
703385051
416905199
666666718
507922185
857431699
862792689
587282287
825412545
311235395
533940618
979950453
349386920
509568259
456417884
332738037
346605025
379219347
108264829
158148294
40822617
588305067
208623088
341028731
342857180
212069677
610441594
883511624
275209600
310545679
677681548
688068879
817825079
948542574
563377448
605302348
172020578
932196574
337203668
68628399
466032129
921797192
870287297
692010408
480049788
398294854
220775345
509075886
362990928
195542078
996392340
936259350
713317071
489872543
759018778
388379759
759018778
184669972
856625541
693580944
651891023
412679377
955517378
768998807
533024724
824773166
471545830
915973479
793706698
54282615
823390072
258266392
190172468
250306967
721361715
316266949
571133592
948240343
423605147
983853241
326588777
894738867
52221125
485684484
374653125
23013623
366939371
487270067
129280148
317081775
631202702
90382326
961604490
188749557
489003614
666241458
113108768
217073495
905598611
99670366
292864672
568310849
670115393
334660455
317460340
919336479
738688252
978616951
787628503
317039156
192400274
403666228
187159424
487270067
61619519
314939309
51590576
753579795
959847782
29269607
26474774
304729458
13758411
794604609
996643685
257552525
743050984
43714936
482345013
590070611
232395100
661499350
112012091
572929054
360197919
805040348
915973479
848474550
336051504
184796001
663852135
701775924
809241236
313213129
53120275
705517150
940840924
703625410
730395426
823213305
25932929
316266949
354103396
77719241
848474550
322176043
664342089
823481698
717636758
946039435
372288204
700049311
473022168
241359454
724964793
963276225
596128369
181129729
247350731
747431734
865904660
152855080
655933034
973128717
467929397
733424580
947300504
347763355
77895598
96136039
91098861
826236998
301010770
242012048
958496892
354732684
52221125
469713777
769119783
251438951
314660154
107828104
229464152
743314701
699001115
443722352
295344729
733333379
384410155
559112708
802247472
628350174
238987528
399107178
48800684
832682466
668335655
252902751
678648163
966859731
459317706
671780376
49842383
38829433
942857165
342433942
509562938
293324822
212299531
549764240
275526421
214576686
415994541
857142870
511068310
700539469
768742799
406967194
650497155
763627095
873852660
582965209
697457775
801524774
125291823
815245206
183527609
293597883
958001642
286696505
297258330
44674715
330823657
415602543
263939662
422664014
807882913
567928590
315586441
152905763
286696505
74553902
855780372
982000189
226722447
569728524
304622856
177806719
961460367
760694110
961171403
387155466
156932723
199826819
966449151
916471646
615387570
587589997
854806061
925676831
30592805
957123459
274356012
741948476
162684191
973054206
855154071
167622039
868695138
916361051
668224843
114285748
666666714
94032451
175000032
714404005
774835692
302278382
103694808
32764071
557287360
905353590
617102913
461405397
357523456
221961739
819200600
954818529
333333343
403658597
226385471
538917845
959055661
291277512
411034901
483924892
607686399
272304912
787462591
625782731
629688282
152498620
964505710
743491152
865909661
616092905
333333355
43188259
481090600
44206070
934036281
199855375
317081775
437208490
262927294
15316189
63898029
868637130
360088082
624552683
650866679
62030108
591242763
127542947
785670999
314913866
185521578
999489751
620136994
457332628
493095489
188362474
972460301
16
483292594
415447071
892745952
821685393
946557188
197757626
509957573
119658138
493942959
226274466
439562623
391608926
232456642
9619009
602411790
303258745
114285748
195883334
495966647
724246569
985990220
907395455
594219064
550981644
960982082
682690318
579806995
498412721
988529146
928257755
468808234
618629540
440174848
76258271
391608926
304056603
36721599
616642950
48
519947171
968611614
135469179
468808234
6
989886975
202759633
171696370
929943700
933149793
830713243
106466350
66666673
614703361
443497319
522584590
248640236
28571469
806737556
707062125
285482323
16998488
369261592
86580116
840596945
800638304
208744610
434045469
570517404
622865524
987927883
882735301
712903255
587152322
875375254
263033219
377110232
13501000
440283729
2616335
11545298
200895248
946276946
889653747
468418917
702806752
19433582
975542114
548765601
295344729
416909235
885861670
712276047
114021133
627327812
719078676
356976368
49295801
569818998
726490330
481568263
416254003
161376250
933333382
672702991
696655757
563628772
172119908
812261608
65832836
437323984
953078318
920644263
335328680
884039860
970773188
28342488
728197357
791989728
119416416
299614160
40230028
751992119
841461843
864045731
177497735
590053741
746919053
200284607
550022460
243399049
711421946
199585661
156424487
337008480
371100451
699603600
488325181
489088940
157892917
383804469
67424392
208201987
533333368
771707805
141849735
557879404
669841279
122284064
393379468
594547933
774568108
892783667
861739645
785279719
761021304
370163393
36694040
566731185
717859501
349206374
575897246
427186451
158730170
69129872
266145970
864715315
748326711
316142596
391297630
966859731
107327602
416118858
19123299
714057685
988821041
227098976
669275667
415001795
581309469
356400444
682837309
270471494
531624075
856158798
278609814
428170871
952102037
333333391
561991997
151314667
786579519
559286250
943434379
788951376
427115813
730820815
551508406
711398186
500052170
192536062
564129997
720199500
247289743
299475446
118224034
57142890
623671588
814379446
743480076
714303533
653656292
366939371
728464579
342857164
776028940
123232001
957123459
180413373
405837618
383804469
775291417
149505549
87838244
376081341
297366632
200000011
715142835
523159380
391297630
232062147
392300035
770620980
941402715
964559435
335430503
535085143
45867550
550124376
351418121
458929429
654245598
275839376
976008832
88636665
737493586
12745663
257552525
604852111
448355379
579671969
736113872
423797886
684283330
718938296
478880299
357667195
643501694
798699737
316176358
108100639
769079230
153908516
350983185
634910389
274882875
666666714
455553422
581405158
880804143
332744056
575007
434283769
916655492
727943312
707742491
862615892
935105415
284884726
463062178
98492661
960385903
832722095
260774714
739319631
439563817
765925534
225948792
787462591
392366028
929481323
51130792
45867550
243746710
105908405
857142902
666666704
20396638
333333347
848842689
172881018
399755382
934326933
553849526
145829968
595774685
803625287
823481698
292670292
918579759
880088702
137607351
177164960
976840532
685408387
543895072
246170711
989987160
550124376
22944406
330723095
645534123
103321801
572095905
439782454
339950830
713977873
248524116
574565135
627778950
328086806
603057824
624552683
873096324
493058998
179751718
10794191
820800903
815770080
382421998
439787820
626020463
650146046
38
89407398
26765002
645578044
91543923
973725555
513517781
291293770
204513445
981843563
907742337
595006267
690910560
390476231
853399364
509293763
376244177
502819556
354732684
422664014
465272367
863403300
43667225
157313261
559079264
600478728
840459917
531756183
384779961
864239400
734733494
947968868
11545298
187046288
796836576
52976332
522090218
566731185
255468260
714068050
503468507
577431741
792174272
745453978
630171848
810192344
802308836
553462281
192676838
176466176
973271187
466666687
505137623
531812678
3407171
543618772
949483425
536916195
336574291
697859383
34873828
823390072
748826030
987927883
626098854
170925445
511465346
622865524
892783667
96681121
394733203
87334922
332639374
647816856
543300979
167270328
323789656
801827302
557879404
205767009
654245598
423856304
994422797
975425806
210894001
550114829
271490576
701264126
381040012
333333349
666666736
877343126
419415412
835424764
801524774
337121150
660334537
558826753
359450868
343968897
937747686
764210033
333333391
923793145
629692532
351749579
840442895
950043986
459553541
484848496
55929310
857142902
101439659
493779381
232487768
294877615
631202702
221646751
942857181
418356977
31302038
192540304
637777219
287321282
5090504
212358361
773736286
579671969
798241299
545818426
411770459
76493196
89445696
123805911
797276261
896958810
567703862
625520339
72911181
55788667
508426280
2801190
108958281
261579690
385657715
883394766
402144410
862469449
946108405
298242184
335604783
877060130
245501005
237421914
974436917
847790523
856669054
914554034
854981429
28330014
392227789
379157724
340551625
58393329
427635531
908291474
836949330
173457417
855660424
951882289
490390037
486600299
270213732
101209035
720537153
829058062
881350042
862060397
615387570
505182716
527444218
86580116
171323446
494558961
213564252
362105380
723819565
670115393
571812969
517554359
786587014
479734556
283463936
332287265
788413101
999234623
946880198
604852111
929259403
439091589
988008424
545463436
142197352
363197993
707851035
490704005
573726626
558244153
936789526
540552704
457127855
902073138
144555935
626288068
795026874
82867629
904757394
963276225
264819424
787628503
633426899
617654597
829979921
916567970
362463115
774114716
32596279
120204139
347046057
288600411
773196306
798241299
595259598
46841515
777194671
192431825
994410524
276025632
592504650
514553225
507594554
300746176
113011264
382574846
285730736
656696691
915831358
870349362
760243348
261794684
12745663
160500153
450557205
704678125
865107179
88770833
671428394
482863891
466660346
85714311
406135995
769956053
729212746
354942911
36121787
307936517
831763012
906156629
192400274
37789984
34738923
95164227
753901986
667050680
101209035
587589997
771853271
266666716
455231129
123058102
862792689
532848871
193602552
9654235
138965666
989797455
664944702
616642950
737958252
636979107
594219064
619537464
33484559
794604609
724586635
825844056
210894001
32596279
83162604
782727149
919790955
695705755
138084501
540361188
86559931
34488199
238333299
427318750
177079177
504518171
640086621
969760331
697935883
119209864
452337146
491590068
58443862
740162192
436207893
878760017
148230291
154288468
529912441
438674093
712941030
716341833
207243585
827629258
43394926
281702247
800690014
505161537
450316055
74444147
189931897
116883131
380778570
998355677
928800706
345758179
974589963
380386457
903941773
287460446
602411790
235575059
412698442
81338298
378662637
100224961
472542576
220008844
300574891
42438383
101314186
648179550
279720296
987673217
26250163
654834016
672723037
941097500
329934839
125150220
661499350
709909387
945017037
255084675
935814434
72983462
752380993
534992398
275991759
733333355
2811571
43705653
610441594
244248866
673525725
796455491
151027369
924897862
177183130
813379751
944858151
245416134
184953142
221039707
944498957
740655189
129280148
550234778
541500134
41940843
75092640
536463686
576262094
706453145
771428591
712827845
925207480
189931897
612983363
926924940
817878946
315850617
43290058
426132094
769449702
844352397
600805014
779962332
223833280
890501013
557287360
193602552
52079415
776556812
786579229
616642950
214756452
948911182
479156476
382304723
150078048
14
845487863
452365580
819191408
497588993
674749870
396942947
833912113
522974287
7303843
359975534
706453145
274994359
519007056
991470706
353880530
951949200
255612151
964550521
971869599
672723037
766932949
903941773
462103405
665277218
473022168
218440967
185521578
31214100
531932515
666666708
181269783
759434606
561297968
396312035
649531212
829851910
183088928
971254858
853223224
707429501
27429506
998355677
885714307
655643451
53609658
666602400
434430664
992983663
633654918
504454606
25932929
363593710
285131138
570406808
866666693
56
409118138
101314186
862944044
964716292
99789714
52155038
718584237
846168260
594542688
403322474
662416031
937978134
39018148
951515183
479156476
876242725
947369437
868482429
11535655
587936699
713944030
666666706
294877615
469483635
232487768
86852184
888443649
407014884
504694871
327529557
251493011
232250741
557147949
631169680
54255248
400000006
533333384
583808686
496304513
183606345
568754815
782472140
548068023
156991776
877343126
9447363
326258706
679489728
85173080
587876461
659835081
475558734
933086076
484962838
453431298
898336299
822703495
734889451
911344826
90382315
893033092
131490202
723545780
322047561
350307120
759486926
520815315
961604490
61529051
251280367
285642346
920693346
565115240
307384336
687937738
386451831
616092905
396603427
164483670
849016692
450557205
511732729
973170111
23372921
650960590
414442529
1882680
119416416
904288927
441279235
172774460
813826889
666666684
6750951
867252313
611988867
369947319
15659887
41280795
792012509
613106074
287157325
367898597
901719443
428571443
755392333
542857191
618379431
252126809
241255637
851581258
234630346
811850392
724246569
15430985
548636530
753697559
858071467
364502044
477489241
323775780
375610069
949694995
225577853
603457701
769786421
278693986
42411583
265068300
132744266
532147712
788413101
402501650
979797997
993115901
733333371
940977997
970887337
806439146
383764549
401123640
300735054
946276946
292774745
986717974
688158338
701592061
59381521
730350047
355708452
853063878
79897226
877060130
842518457
863400749
744585409
314660154
402699567
100224961
855660364
998573356
359922169
789592766
138221074
537117685
537929368
262961559
744061939
174090157
227947590
478933984
278349416
263906022
483738732
726490330
247007404
499670262
43188259
803909198
321488642
749349963
714057685
703639085
483924892
872163682
550863625
214746890
612304755
41630623
443723484
459782025
698477792
88900303
605940074
399629107
54225532
888279716
702080188
230198986
819626097
77514370
734733494
848842689
624842566
913162640
739613057
762268995
129022185
420573918
720734039
384357765
38000909
890501013
205895358
415087153
540104739
759486926
246170711
256919664
617102913
293391032
527454012
828686629
582587540
490704005
434343471
680115106
323000171
762924515
41853940
418356977
782727149
10444323
896336461
441765547
26878753
276502986
32538403
473022168
292847159
91881061
200000011
108100639
923809551
742451597
981023770
556154964
194651758
616764485
802247472
893731299
36
178381549
730848424
496070974
488107235
783180062
161894828
332801819
280653147
552057873
739613057
264621074
317039156
586077704
556036326
67993952
74407715
869456820
581122983
513775891
995177986
969696992
478111356
758782235
471791163
590070611
867213883
191358153
880578693
561648567
404182923
44206070
522655377
853207953
700488058
933333358
791909580
100517507
638981037
699835454
274178999
666059199
782993141
452099696
71479544
607520958
212557073
801191996
401154418
371428601
81558283
608106500
411903453
977349988
474524581
502877902
462861781
29867706
410331866
250250167
264093119
865410411
804970903
960199842
530922580
464964589
556154964
610522326
303040673
633531257
50836374
499689474
800638304
658851954
835931040
865904660
602411790
963543976
880645442
772676080
924744501
964334269
319729933
825610246
64929050
466666711
666666688
15953300
954390325
917043324
730447208
703658813
559603844
229464152
124091627
33833577
151011762
292068644
369771851
626288068
515048642
960005288
80272186
548506185
824346453
713848357
929302736
675215319
221090076
292588914
784127027
185261163
690882605
63776229
551545005
133333386
800562898
564780038
716833906
551403002
228142813
909079875
94703542
858584714
499883131
704758282
768742799
982538006
722277757
612436032
13123653
460544438
852522539
580987435
757350724
292035831
174763045
628703155
617490228
939416050
853930987
814645275
620753904
387804749
415001795
703862187
406424695
980513408
552706084
516589404
772865554
150610907
79624902
327217624
153584785
620823152
532890501
514171048
443565801
382938479
922743935
266666676
32548907
444939235
236034084
951842249
581575568
561500728
358050338
919564050
200171644
282472215
126077379
111577334
541500134
523807129
712203681
421657990
185915522
990684202
739338379
292068644
906322012
940523497
37523054
619177352
76297077
233291693
666666674
685371382
929835065
549764240
110402423
72956701
526820574
507213060
479045597
900322943
723223545
952866126
612983363
32786202
528138554
783805068
716185721
437323984
865909661
765925534
302058714
510576862
120932121
993115901
141208930
855548204
289252409
196525230
620111318
930188686
748589487
434359401
531812678
675614791
206414184
891482786
849856851
417837125
647619068
713696122
736194188
795039230
995177986
879028349
707861967
521185136
978072375
670375652
523858344
333333397
215216044
261871427
656108759
655933034
887581002
665046370
900297119
740326786
172118164
342324372
238685724
810829056
866666685
139182965
209247132
611310183
83412893
237138968
808866111
326388926
52440509
258203182
106466350
480240303
392745585
491069580
165201079
818803317
295238129
579547075
387612058
300704263
986717974
380952408
668803898
317039156
244456766
292774745
950550881
319433810
333333381
369947319
997967685
171662317
363788960
722925035
936789526
617614483
117483241
794164900
210371914
13409646
755119103
566777243
746458793
493099752
620416770
380386457
46595824
482685103
525708513
525610726
931040180
617490228
819200600
460294707
201841182
392227789
751506030
615305117
478798099
148684736
439563817
195542078
804489725
402144410
622843057
600000033
172533065
864635868
444001517
966695993
771428607
877666005
111513552
611376742
27371252
834768592
469372135
577089372
761391831
522309293
851974716
814216562
955517378
292891568
563535603
123404300
462861781
432045448
280360506
6511108
83181247
392513891
979950453
1190307
264917356
46981924
148256629
369154828
691336757
373626410
295979867
668335655
207243585
378266276
349114471
58913500
829710070
699300740
254250132
824131897
141612027
49769590
130907083
947968868
773282460
438208843
90801382
232491418
649016136
395280509
530122176
537166260
968806941
622436306
755546385
391297630
576635440
220008844
919659111
447425178
683330133
804079543
216638030
234630346
45103390
836550952
100986761
311165369
906764390
735638242
338869782
364679324
133333378
267203549
720634959
110163807
985348011
732326273
624049703
541244043
382304723
802308836
652230082
575895255
501567745
492879754
680527081
865870845
904020825
475303606
863625488
104761925
186432756
973271187
205129190
341138978
867164122
417837125
462541440
938757097
719158006
395859033
963057476
657142875
708346936
659325907
664342089
725593425
799533829
14766864
340971117
201619320
332993165
242893995
989349402
773282460
510833152
459553541
453738660
117655685
387791864
833276769
487278474
470419821
845963035
506561830
237978921
636294986
403049445
61806209
761487147
317460340
311513522
771904678
666666704
434667881
710438506
487390797
145201914
577978812
623247521
119207681
901719443
718910474
141800185
882059580
350999647
508752656
472726518
631903185
328803273
390538476
955555585
359643123
657142875
551403002
936972629
899840410
495543134
600000009
761135239
690882605
4339189
829979921
702727042
43290058
116883131
561569023
759434606
31429653
312874822
195542078
385657715
338966658
13557394
302697313
710282008
299125638
133333338
875403677
682956889
533345546
134848784
58443862
801264586
266544999
858647046
15985319
482808983
655633279
575602200
181129729
979264067
573862269
201476993
677680218
835633165
183606345
946395062
806491685
668724879
697562310
769079230
406285180
864393141
38829433
15753784
370926803
186204989
940552534
376081341
27326287
93352395
581498729
718938296
336259387
135510080
378230386
722138229
703739994
449927742
493099752
611215936
209909289
769640935
739319631
338990663
224924283
154896879
261794684
891297026
41536937
814641110
110754915
74078129
666666682
339383924
810536428
629995212
862137905
843023501
868676325
570520248
309786086
341891544
301699288
840442895
328941398
361984024
268905419
198273987
276654752
464964589
2811571
299125638
638365371
484848496
467696181
712704243
755546385
866666717
996643685
412603030
93367347
382263960
697033291
851974716
241058899
425293978
854505931
624344260
142857169
90382315
14766864
872053234
541379975
495374194
618392761
871857679
482879454
191376886
983844336
321533316
804079543
504518171
411250551
471545830
702148447
281702247
889391906
13758411
65697735
501206116
295979867
21537307
924178510
468808234
13758411
999202732
997303462
647913066
710362472
104057306
866743000
210567078
200000011
86559931
749478704
558441569
916842180
125150220
723339641
30556861
226057927
493227523
907516096
568989297
496194384
237978921
382747400
565668860
680077422
889391906
938263639
982870482
238618671
161186379
951089852
357159660
350017519
295549744
330389184
621875043
981031167
74160569
919854003
386598153
504462953
772865554
263492095
968718881
89407398
899349872
154655617
645696410
149328089
94193286
339823764
97347297
96365774
745453978
828895194
229464152
101667081
41940843
380447707
183606345
119207681
6
662175397
102719787
256743279
387612058
593650823
801264586
244529867
800000012
704221907
226722447
194984230
178381549
946880198
165330730
829979921
452337146
444608156
609379585
945017037
252662839
926193871
160147841
937747686
648179550
205328890
645988822
724274898
178665299
414784424
916842180
119688910
207759971
603705934
85744847
538165570
401358731
353728539
364898813
709423733
902045389
829211012
695193705
836949330
737675388
354732684
567703862
177471699
42
997666728
755582923
840866440
367832179
623603280
837943697
880088702
748705406
180514160
532765558
641314592
455553422
554243661
515668011
838210031
384779961
497588993
24
718614758
440690900
939744335
832727316
458116706
946880198
880099617
546523322
113719736
732326273
357953429
7025533
975542114
474685914
998573356
300279656
995039759
989349402
363197993
9172274
511465346
836267307
955555585
883230799
733333387
527531627
713171078
74368385
485714333
933149793
693953555
972408967
105908405
959755163
322265861
748910528
883394766
786219427
564785533
128347213
478880299
255438960
20975487
175835804
725608098
564774429
708506018
10444323
957123459
964505710
382263960
292077758
52079415
358364386
640423988
339367837
298588704
276992233
400000006
409321543
550863625
277326218
42
28212823
44
404588884
738816768
449173263
249653789
58539214
99808653
524498839
239643230
526525851
339950830
789009893
615387570
500127587
688728983
150316283
283611061
597732085
450347707
216261598
395250333
298339452
322176043
819200600
697762469
661014831
509071285
414737808
472029590
665444183
533602215
170062319
968144903
915236358
972375334
254144186
246170711
983962715
856138027
485991463
773843933
83943416
573706880
230512692
517554359
374019542
987927883
489092678
261579690
414730807
331074277
518118035
339367837
600000017
341599045
28553816
291277512
63492068
719183190
915783489
128206957
1918599
411774589
186653879
134549752
518404814
946364586
618060521
976963421
981888568
328446462
679489728
263558688
766303375
67979834
44644629
949483425
291472794
776028940
66666721
673902366
179124624
699778715
828571449
591136518
991753030
898355782
227314078
793638643
670062214
813826889
538347223
362463115
783180062
650570506
687206511
544105821
731304255
599259960
225170896
387791864
171335539
636466646
554430524
274532616
883394766
63431494
904288927
696055925
86559931
698412394
375163070
416712961
866666725
786579519
333333381
797276261
138274574
87771396
355746585
919659111
309794738
404961880
882078593
875096789
46
27494633
177497735
886828224
116131298
186502479
909363823
41940843
669678783
169489393
449173263
338732818
303782039
414514507
474685914
205129190
977777796
840205977
399171309
167622039
292068644
817939961
632574516
611210347
862469449
783002454
847790523
292586507
117766378
647672368
693393456
136343727
527898277
734209462
292347587
818939292
142661355
685290420
572095905
864512430
729212746
453099197
778813205
890599623
726227800
133333346
829979921
237269111
498217298
742789337
99670366
797178097
19941625
353164905
831666272
787462591
325368382
671794887
314939309
317322667
743830735
76493196
810192344
852718967
625081172
166378687
12987043
752398254
112008157
191358153
630421386
101268773
314904598
988529146
337203668
360829362
520634932
985274028
811530047
633088496
369771851
848842689
142857153
623310063
239617279
414870571
74160569
813794299
42496220
933461399
588602412
763998646
570607065
786300424
333333347
583528753
38303869
840237524
895190255
93742947
582183678
981806265
899766918
721203487
863400749
351878860
624552683
310319298
824818331
524415048
412659613
536278346
85581093
724246569
292891568
928903301
16569120
706516652
762192761
330554429
746761413
22703922
576079739
343328309
113108768
636296113
332169387
48
153908516
613719647
161574199
253968272
8
173495563
189036579
708513753
478933984
849100048
658906336
138084501
484916459
519856084
272304912
42698264
482685103
250720894
885523786
760689872
370690884
921107115
128493733
919231455
982755607
389901824
714303533
177806719
996467025
955434140
559184946
764651465
636163802
839581903
668497781
400964605
572033561
900297119
683433225
906156629
499883131
201253209
175395828
777934313
401078931
713593229
989349402
737675388
91078290
976218690
706402565
111780248
21248110
323469718
517798471
35654719
428170871
734655523
552873953
338869782
460793010
530941834
57369897
688888925
373163787
297258330
31546255
185855920
677374241
752301481
758056691
823474220
367832179
474562115
241616882
512225077
525464801
683984845
722138229
875783746
40891599
893747011
572065758
489003614
608751028
769956053
765410401
271419348
208414942
673902366
25497732
88900303
892766901
822703495
823390072
145301441
984867158
757214262
706329810
510512623
691336757
803625287
484962838
823776241
205328890
379945693
215850825
733333347
523765471
497007286
171023564
267254365
917965819
866743000
102393266
78618007
471623526
264510711
262363109
534140883
39627059
682690318
968598964
272160537
209724333
981978069
361665736
929317854
744576408
566931550
51966348
76493196
950043986
284365754
564277491
977032376
178539621
316562552
27452172
119416416
928265497
804089313
183508616
628703155
439562623
437024472
555082402
388616207
344788299
796625787
902125996
271490576
400098898
818939292
62544601
286910072
262040190
380952408
244014855
10444323
908311684
254840700
332875667
200000051
460532513
479734556
517554359
74023790
229681506
564746089
671780376
189295715
623312762
344993963
744576408
669774819
813760218
582183678
759586740
297411442
150373088
130231782
228630010
362737214
572065758
869296731
734733494
447425178
676913100
206065833
898275271
713944030
705502246
48870653
179987767
589894145
27280145
958667933
92760789
993213460
452337146
376449001
864512430
847773049
63431494
122599565
774608327
7025533
710976651
749869319
135242506
911334715
305524036
85043868
697746597
533333344
950019261
533073687
732506223
359922169
849016692
435806719
119742723
780629961
419326169
374008577
264281962
546153729
634173985
229535161
133692977
291941469
846303526
743633222
920298476
212952101
66666681
58152842
5872121
889332982
126649343
261871427
391297630
141245123
593705132
431108738
392300035
59604932
735073672
511767333
846168260
781152708
370851403
671726608
45400691
35635619
563121442
807797720
987673217
278832041
111819227
683021479
830002719
878670181
324423729
982755607
523765471
696447630
337121150
987927883
66666681
183426096
19617427
782472140
595066036
209909289
622045681
427090778
281787027
567521396
925241295
733333355
528123765
332482909
13600856
989511161
579079033
870349362
933401683
219511434
178468446
764013855
466660346
865616002
363910494
238987528
843212954
986717974
626020463
793707464
515380942
605161558
261819441
986717974
477836531
238333299
57188755
637862402
329934839
14410319
620823152
204429963
357523456
113601390
477460674
25066889
710282008
905408901
885929854
856007566
676608271
123230709
823776241
340158930
138854571
85560282
531141038
283463936
445903524
604042205
482203560
353381176
958711265
190692496
764468214
528403798
153207068
946314897
977366536
140821323
364719571
345510325
900255829
896407820
548872299
783002454
808146122
991135354
757214262
974133407
489872543
281291910
978185356
969685200
612304755
615305117
225170896
904288927
11535655
893731299
708067385
744910095
740061514
759018778
763208851
976963421
777194671
655643451
808866111
637089503
103217748
727577920
391297630
810234457
969536662
416061087
350746871
986957880
64598000
818939292
898034300
4021966
782444025
431764684
640007696
183739663
539380382
665245714
369710489
743425320
587589997
808296771
243639237
532160866
385337832
519813533
60035825
589894145
868464880
70507261
709737524
174059004
156424487
23465451
959847782
970878554
733333371
993470756
642938080
740655189
623624705
592871801
560043516
127125066
299475446
798577727
898292422
434459694
493342161
361573585
456245771
509562938
268412340
323775780
718584237
189151956
156305977
602501211
863403300
511235863
928020890
295238129
335018860
406695104
485714317
287060550
636466646
651775466
368503051
534992398
911344826
285802423
53745941
808866111
645936961
45576550
749478704
483034083
255084675
798354019
928371540
992249196
87346730
775225171
654556510
811850392
880578693
759434606
743745162
113601390
799237094
529764540
199826819
846420578
509617296
419580444
405852033
395154845
142640774
5602380
145002980
746740881
859257645
263492095
321640630
10088743
88770833
101439659
464646486
653101625
399424504
113549488
534400666
826094448
144462388
740825554
755874190
914554034
530941834
324379410
981347303
25256116
46595824
982851962
514889718
262572165
630720579
250752029
655933034
57646201
665585226
65154721
335508963
693274735
128207936
840855098
788849803
782472140
300735054
933322005
43705653
480099921
229407208
21299835
630399102
29059396
652092615
335894213
202859211
690024178
924455822
645578044
711802577
209523850
291977637
229429999
246631546
984487498
656894070
412659613
168367743
844434195
846260341
145462566
985451256
454904969
665223695
214680589
600702305
806737556
27371252
454383870
597605926
910696017
242375487
825610246
928919650
498132257
199855375
997666728
961441102
307936517
634031069
856138027
244529867
891659776
479734556
389286692
354188644
848345363
850898951
186427265
335721920
384357765
395280509
103878844
971254858
950602806
881776146
982538006
494891214
692552960
280245696
774484489
720472036
633531257
51966348
637437324
294786768
429067074
313049427
150316283
862792689
343837656
754978790
212014041
527898277
983821422
904078485
8541885
20770199
133003201
634905290
427199477
67045341
941097500
428291132
588175964
143900550
287256373
737469034
925676831
728581203
703905710
480762789
523986164
416905199
399910747
285424062
698477792
210018550
322664212
568308721
320458736
626759495
14969873
432817029
984458925
392129149
393379468
699060281
543895072
277326218
97911262
632938665
60941361
629194124
754443786
598984118
863506581
119416416
922354065
13734990
88900303
509560436
112309921
30632378
94468049
65963674
22458461
126174883
595006267
710579432
536818344
934689456
371180651
860863794
846924460
134412880
961147302
77895598
898051439
669559464
300279656
94032451
48010090
622045681
775748160
493099752
596898831
534414512
242375487
511767333
224138588
605107923
760813675
293474719
146876758
862469449
423095973
451724548
784280039
896670823
932196574
910603109
975288419
765925534
20765933
595221032
699057173
45867550
868637130
790452145
787119873
166085253
431851147
888269922
34
237138968
317251212
685598849
323051299
527573372
921579176
721361715
178634188
272589965
694335512
917965819
641307191
42360374
755914932
439562623
74237906
649490174
635378307
9447363
713696122
165201079
98756960
527573372
25066889
548068023
763998646
712903255
627327812
882078593
688068879
782099057
238428439
122284064
420746346
478488587
59254176
536278346
332738037
144014490
235256709
207359019
996918954
145201914
355204182
695503353
584483301
573706880
37789984
215693943
9750003
754518475
628207633
982755607
240702770
603243731
82000966
800000036
24418250
156991776
448109990
418856427
943864160
713593229
977765910
899840410
164263112
292994101
574092588
509560436
325368382
584127000
689331322
2096298
982538006
122656561
371428601
172119908
945017037
295583304
639250964
316266949
633996092
785657782
334660455
309786086
392997333
209523850
177777816
600260912
255722791
833815665
34087567
761808256
850099801
649857237
610441594
139971179
357523456
17494615
301638580
813368067
384953854
910324989
491972168
9761289
647672368
610522326
765149692
981806265
844566073
344514258
103496530
472021273
954818529
493331738
11585082
856011756
746701219
518829189
347677075
16998488
97201862
576079739
247226177
234508305
863625488
658180047
315135244
610522326
459154964
937362360
703341142
634248137
973680382
66445461
333333401
642879606
796590605
238428439
742128622
746725814
724935585
380601228
904186363
342703865
991470706
353788054
780974952
602220179
462491726
20401284
392513891
863625786
21318309
69669847
138404790
241255637
364906625
912324316
705942338
853288983
3761203
32548907
974165752
928562974
477977241
203901799
792052346
605212822
976218690
87549032
73457081
356694522
178381549
809629807
277143847
157222368
785670999
313414281
514993185
789009893
430639683
719502750
81697652
906165381
602947767
333333397
864383138
850292213
281222969
950171190
714057685
481305224
49531959
164594926
562570820
491167027
186786827
321644569
873852660
225238848
781844018
620569535
751956752
997303462
260261799
925550556
96030053
916687240
953086528
451186843
392923695
312314695
813379751
595066036
828886682
127738942
665585226
592985573
66424913
320782245
411250551
252662839
32344003
85318663
705329980
931234728
931605209
414187293
513812186
162684191
770718279
356209022
584483301
754443786
698458575
717636758
475303606
141800185
94835708
685371382
9523823
84765344
686860350
415540042
171323446
538086715
659896411
600000025
791878084
245194726
371816611
983838399
273498427
271490576
943247052
914591434
536463686
182191281
277729312
174209179
163714046
877592989
445458129
64859134
165270078
230130885
858481120
905408901
925777900
278236231
148088982
17187539
992660446
641545395
266927557
473834864
981827527
411774589
533908976
409321543
626143713
133333338
672912829
652751790
409321543
157215901
156510190
153336351
550022460
819599074
80272186
602509714
439811392
741948476
472976938
714285749
851623040
283463936
906204924
546523322
696655757
514101948
524352465
116687225
494062526
527898277
532848871
853720700
863082992
316688355
182437625
351878860
724964793
913120230
601685499
937075777
801127184
562570820
245194726
231442643
502601324
178539621
877592989
93738039
534831520
675324700
491972168
584859195
229429999
574843049
21378636
171013316
775151718
110754915
458215808
841262742
960385903
809062155
332482909
771859701
470870772
313186226
42698264
819599074
4339189
744910095
538987421
226722447
938479075
623418422
540117672
918164865
109871008
718577081
976438254
504518171
184747887
447913606
858387403
485088663
425293978
174730415
508752656
281660817
262961559
413835936
543862008
685598849
932196574
663714083
460532513
248418258
638660000
874990323
528000624
700653900
685714328
80774018
904186363
245416134
579853099
661197589
799373523
93738039
246878384
427566003
598984642
192077136
111577334
241646297
122656561
544775772
302113630
799990290
567833055
973271187
9447363
645534123
665245714
967642837
790452145
124091627
866666677
764907412
428798397
614902710
200000043
971682056
687726631
935075796
46595824
394185140
368860077
736929753
776799753
841262742
618554361
872197444
125640888
148927330
773196306
799237094
50108271
678648163
434430664
482184520
562911268
505951746
169489393
241359454
310265924
88636665
864635970
517554359
634920680
675123983
758373229
714674490
283611061
401154418
248086431
310055659
128207936
451186843
451136610
3229683
502819556
312883806
684256183
534992398
219265623
192160672
338966658
515610361
503984231
338633396
143484402
370948473
79254118
314784196
252662839
906396402
594229310
771168933
490316467
403069746
931234728
976385270
161920703
86712216
862149765
190907344
703021770
956816933
959207636
662301083
315818166
502746668
658037558
902387028
792547459
960407125
33273938
214680589
798721144
223833280
418522674
392745585
714285765
2632320
486454842
28571469
148185169
38829433
137100073
123890780
555665443
503399618
951981628
53649193
28330014
225238848
51288803
551403002
825610246
70301166
393105413
72842755
361984024
904275953
333333363
119742723
274178999
129482781
820192065
713082973
781656524
215850825
689432294
530820795
333333363
225829412
706829568
953376761
831272433
113518297
826441352
966715154
323969504
610247557
81015843
355708452
434272517
398689742
276025632
347180135
117112985
161376250
940991718
181965382
649409514
514575190
599617194
330242329
97771039
799378495
574092588
989511161
452865169
149501206
767997952
525708513
327561345
405519266
886002914
519813533
518288348
427428002
696574521
428170871
485151970
186502479
131412012
30556861
701966983
999922092
814185825
951842249
412839738
757207077
182668660
585871826
527587785
870541556
495409275
796836576
697762469
652230082
799751582
374608451
427115813
457549262
171662317
803625287
47473342
333333365
308079844
698723053
910064803
780030231
541762678
730096206
973680382
483655252
808071000
869456820
600260912
508391696
421134156
153719706
518829189
111213345
441768646
848842689
277827983
285131138
973054206
742477988
753032572
545975951
465564060
123805911
196054444
242381067
894257985
212597952
132744266
976587234
811245035
582587540
338869782
794267508
968879997
534313533
582565567
707318745
666751727
36121787
671780376
662618220
389295613
538086715
185867239
904120670
104057306
995662955
626211261
418457129
120061246
385942101
31546255
813368067
939826413
451186518
88390120
128437087
79005568
598133381
322176043
749216902
919231455
723302142
355215517
431131101
201619320
425233991
225948792
272127954
134801359
586859979
862381463
388616207
238912875
718614758
888443649
919854003
922354065
295180167
158272398
289788773
417885708
311513522
97347297
832831938
82088956
358667275
685598849
117653089
568101040
356193621
391473802
810748370
82447723
134727641
156424487
6766562
123603978
956264684
837943697
172643708
790532309
669929049
833169039
264662236
441805361
314561559
717636758
953459630
835633165
226472664
220484252
968719901
951882852
483847216
267203549
275117355
747589659
954786865
742857154
439811392
283463936
914433220
416061087
827671872
952418799
799390759
477350555
540357662
736077164
3407171
164483670
601731627
956084908
113719736
951659615
869841306
987694475
979488130
536569569
464570593
410534802
443723484
138685940
97771039
99808653
525708513
421319681
145829968
499883131
889332982
56520179
204020877
853207953
290673076
389295613
909363823
746761413
965064803
507936544
938194551
39648388
405852033
309891329
408290492
362990928
668724879
314285759
818219734
990607025
13501000
535363915
254571971
752301481
909480386
27494633
799533829
485151970
429629785
192343973
63898029
660362378
677805362
839343448
634993332
895623550
134549752
496070974
310545679
128493733
93742947
410932918
469713777
933333382
55788667
533073687
89986035
243639237
513812186
293597883
76258271
786579519
38380311
422664014
341312065
868482429
534414512
450195684
652149653
287060550
444444476
490747359
268504693
264069277
380952408
623297664
30683856
600000017
93906114
338732818
887675681
818939292
430018834
960716204
910064803
855660364
313186226
900455467
265818038
58539214
697173416
805409746
489088940
385337832
983853241
288131047
333333385
362068425
978177511
456640721
821685393
576382611
213466478
26878753
356976368
187046288
402035558
968173549
135138334
632392216
741539952
667486505
765932084
50831808
504426689
383804469
575895255
946557188
241350385
140821323
48
617614047
977981869
562232897
27546406
696004600
171428606
606690175
714404005
482274622
113518297
443892852
745103067
750783876
141320218
347046057
877158430
821496450
339195245
581874438
561569023
854252338
830713243
316287258
32639425
676594497
82537029
340551625
253685249
533333352
661197589
44621031
775151718
841386974
351878860
405017174
662301083
851931097
765440627
173261729
407014884
592184330
468244660
188362474
782444025
771168933
953376761
537929368
969536662
53761198
622318623
964334269
753319086
569832319
860863794
712276047
801574145
868676325
299420560
719158006
41280795
156932723
268117176
180684702
208430641
101439659
505568040
773282460
227314078
76026827
523420761
239035578
507213060
136507959
752510107
265677711
660726502
163536887
508768605
666666714
95985104
103222675
439650247
791809325
472336446
177340025
292347587
162648317
672912829
793423659
400964605
51044448
125141633
409799945
744061939
707861967
982251024
122497376
330494690
863082992
658180047
421134156
916305929
753901986
507922185
140821323
231746061
890839596
961081078
714285765
714303533
738385632
117038322
103046187
784280039
795026874
774471493
612932928
50
941290715
479345224
650146046
552282740
840866440
455168285
204932075
409568986
526064465
5633841
202304791
114285748
324354637
899349872
443923478
673016255
739338379
816615468
956264684
710000323
26427632
814641110
855648542
2632320
45748140
362388822
31214100
379054829
227314078
889216312
187298998
740607487
164084542
623471885
103496530
951416595
697033291
805252911
707318745
851974716
889167273
810707173
627507207
640596275
571812969
440690900
590053741
914285744
300257466
36957216
96758777
740612837
713598189
115058033
634910389
266382589
757350724
278236231
708504669
289252409
272904162
568319523
232772290
636462689
704221907
213997112
891028852
883446515
245047771
474524581
97514097
526525851
685549901
898275271
624344260
437323984
537184196
62
14547697
906396402
834232446
668744832
333333351
709642138
189407084
30506431
209155590
760813675
10892753
746761413
40795441
969574144
828895194
970289429
266927557
558441569
128639917
173952770
240517343
38829433
599351137
302278382
901938712
377546741
320307212
292688046
572331381
28918503
788156007
864512430
439562623
666666698
965079408
506518383
453099197
605394626
356697021
279822374
636716211
666666714
316535339
563121442
668724879
862977899
990583120
533862358
685371382
187380207
419326169
846232240
20251500
879365129
880614525
771685781
664944702
490740481
303782039
212220812
902626459
927655193
761693094
128207936
182485519
364906625
52338404
51001425
310554838
655409819
966264429
90355231
142737241
86580116
2096298
689576598
104112984
36132145
53977538
790490270
166368149
939243137
166378687
338869782
376539021
2801553
808071000
391694930
267959139
437024472
419326169
54255248
748918417
224476778
732506223
237524239
527444218
824739148
871889570
239051589
21637704
680791940
456159775
274178999
703905710
586986504
138274574
590070611
416118858
731916361
638365371
389846010
825861586
315909802
966843861
181965382
503255818
594563929
57734634
108533048
386451831
645468295
358380966
452898439
474562115
236625973
685714296
164263112
496836516
573308804
552673927
581805227
744333283
106684134
962378391
241154617
333333399
254195848
914066972
672911749
34380826
201975633
80742818
728059913
482700905
279962034
266666684
947742218
72222337
323396477
780629961
784760856
114813195
480015196
187388817
881898152
232129720
902886618
477104141
765149692
333333365
156837806
331972653
933195564
865904660
34632921
854252338
478111356
12987043
409676057
122284064
716147062
285807008
951882852
35654719
926552443
10284541
488988857
632938665
408252983
384410155
415881506
839343448
848035764
592184330
732394406
542857159
869259437
680115106
108581535
719515349
925869769
438126122
914066972
388666843
176080697
339149312
278243780
945653810
447274916
268345035
66183270
708685479
498217298
593974718
315492686
118529314
235378563
169219354
249653789
129088623
846420578
770327001
453738660
246595321
902550800
394133333
585173014
236750537
374636285
136110011
88439285
698717266
127829881
722138229
497368755
518288348
237106947
202073432
283611061
777121834
184249222
814641110
300257466
907128361
951334179
11281301
511829857
132468178
365627751
333293044
293111152
328803273
514575190
443204242
997666728
611644391
61529051
478987144
809875291
710596840
887704764
12502559
812462125
859339931
395364866
645021685
875812693
572331381
156955496
780595976
123890780
275214702
584032635
518118035
771904678
996918954
236758855
441899213
518288348
12925442
177806719
986989039
287060550
672912829
720634959
872686845
23465451
887704764
764347312
822510846
330723095
145462566
341195878
899409652
550981644
824937585
570412914
795026874
349077670
659835081
973054206
907395455
565806537
11281301
845487863
794543295
44280948
663714083
828571449
665245714
646426603
369497356
996562439
806439146
556154964
177164960
194651758
474685914
908715482
442786664
299453277
152131569
238618671
675614791
710596840
477104141
653822631
292688046
908311684
313186226
947669728
171118184
107327602
963057476
62812707
286361016
242829133
977071335
579671969
27424027
53977538
183606345
880088702
734804931
241616882
109871008
133333338
945653810
453192289
204020877
119209864
705885233
376539021
996697169
751142893
594553512
892918455
943434379
472038468
719423778
38303869
957123459
403920269
519000458
796777396
383127648
766364219
807882913
133962733
85471753
244248866
842518457
315474756
662196202
826046311
362347897
579668329
264621074
923809551
179124624
76026827
344701836
66128437
846861553
405454077
967533246
293324822
888245411
292586507
452790014
359361042
27409555
301321083
114799619
870380643
911991226
959755163
592447347
800000028
828272775
802678058
904186363
486187667
343328309
16468936
60342913
706550034
499689474
854942111
600260912
546153729
267730842
502962524
536887222
950342897
396942947
764651465
570262276
860736108
615387570
154288468
530050938
514285754
870287297
908311684
317081775
934241218
182437625
751142893
397820022
867213883
65435965
233386882
852188331
634971953
98854283
998431270
853399364
8325021
422563114
497417788
740607487
210348179
342857164
720537153
101314186
10444323
837943697
961171403
913162640
414529563
569818998
636716211
207359019
22703922
554568961
829211012
468244660
385122334
825610246
168016100
641661153
755914932
671613272
539172839
635698785
836092652
226552721
979161723
229398604
133333362
339367837
847698234
875375254
427712801
648393115
800000036
39432121
148076219
419625772
242381067
467270283
142583708
291922600
374608451
445600516
892599054
301972170
876102178
148235648
602744332
993847241
591151735
953376761
260833082
400810884
33941093
295741294
870540774
85560282
485684484
337662350
262405397
284457502
600000049
664712855
528000624
635262639
636648295
977772272
687212748
8541885
129482781
870828010
278693986
186502479
634377530
639471671
989005468
178539621
453968299
478798099
356209022
443723484
603423509
110605645
711102480
101071277
247905117
891049532
695354150
172881018
177777816
713082973
964238750
86852184
386072628
223755441
692010408
371024151
380154481
636466646
969450780
65931787
369906284
185644914
672911749
460532513
846168260
133333354
481852407
749967149
355049142
61872050
151408772
310319298
508725002
442786664
287460446
278349416
514285722
765932084
700707195
327313353
34000950
877343126
191188568
789362422
818415882
552863669
738869438
564129997
241359454
270471494
666666690
421376943
12745663
317138873
550114829
669322823
49295801
126174883
46745842
14129098
343202642
644547851
746740881
927823430
888003034
342933709
311797454
174905727
668224843
301321083
128493733
887863310
824346453
838061107
798354019
400000014
846845429
467103404
986426662
615630913
287910826
478216834
412805123
86010289
381978408
847790523
931234728
21318309
133333370
246631546
946277891
827343392
23674108
151408772
275407290
167366001
51044448
970696015
531770284
274994359
374281181
885929854
365620065
427186451
207435009
133782728
507594554
865870845
285714306
391239986
264093119
937197921
951334179
697831015
184436647
758372053
116150316
675939009
33484559
795026874
422303656
246595321
365958621
726227800
281579770
346194992
951249829
288790817
915133119
968719901
388948321
679757071
527587785
695431363
781679185
167622039
764907412
447425178
511974507
357953429
116150316
409728740
342324372
508747311
186204989
1998396
772944609
682657445
126984136
913451227
128347213
828571449
836290534
366381881
157892917
451186843
808146122
194139203
508922643
380600064
367008157
141731968
624301213
304401297
989308479
395994864
921579176
975855759
939204631
720634959
604809020
304263138
362388822
829570850
873147330
143051124
873672814
561500728
292077758
134525393
183925393
331557139
353880530
46746546
743216571
790618187
935353575
104671354
333333387
320782245
359838664
78972770
227374685
342601977
761693094
958667933
814641110
273557711
81697652
463014043
70671557
519813533
449885747
814029768
913033663
962370994
755119103
245047771
930318288
975921128
14873677
719515349
40822617
714674490
924319219
23465451
558734684
633259684
272731718
916655492
623310063
544050393
291922600
642839629
774603204
983962715
359922169
623624705
940991718
784208998
803672600
645589554
392745585
117038322
979797997
693393456
748705406
698477792
267927893
791556456
214700496
933333390
36121787
862149765
625782731
641545395
369344126
359361042
105747899
556461357
277518545
364733066
427182510
618060521
100123520
9447363
661014831
30247207
830342339
722558220
131061540
204932075
497417788
20188807
911888124
213368268
529161110
738309656
210429032
89407398
441768646
241269884
715946358
128437087
183537653
419209239
798699737
571892862
309684240
53609658
67045341
217927207
785657782
219511434
59886251
850987530
368079538
122497376
891194902
718577081
616362715
941010624
942525261
881350042
745373683
93734888
308764747
241084023
385861017
709642138
568477472
714913903
985376170
736929753
96030053
919336479
140821323
666666702
305934352
182668660
869998807
33548636
519813533
859339931
307234772
512592049
210748698
663579208
28342488
121459587
331972653
215593379
659753179
662416031
861996072
100981816
963543976
261651927
322184765
960433104
561904789
187959902
639687533
285628859
293597883
580572278
469889819
215546867
126402756
564746089
753477857
375163070
389255292
22703922
699060281
796825415
30247207
275674617
86712216
906396402
722155953
347804725
965337666
709909387
515154481
391297630
14969873
329273098
410258380
139182965
90801382
530122176
665778573
888003034
146885076
396603427
432875551
644941040
636648295
353367292
106466350
594547933
137011431
263152904
658577865
183426096
689158165
44
416118858
693274735
280914863
26474774
119658138
279720296
778745680
751506030
540218558
825515157
521627343
251280367
386989133
666666718
306980381
83327064
66998707
821685393
58775773
773196306
880578693
266666700
37402450
135242506
533333360
765149692
672702991
400517035
877686629
939967115
501558624
333333349
234469822
823196945
409835749
781618725
568736586
832464147
346100510
46460380
111754213
38214521
134168806
776824982
693953555
861731929
466666687
825610246
217617778
32237500
437146751
332738037
46366132
835312302
998431270
187334677
626020463
332801819
719224073
760895414
84858941
166328013
393105413
338966658
654763694
220583532
10058063
119207681
214517061
842518457
151408772
991135354
370690884
489820183
189578862
819599074
190476204
48
472387585
990684202
98854283
968719901
18894992
142857185
204429963
633426899
973271187
909892495
795482584
258161274
383127648
292269576
236543919
129210792
427209075
420646152
913033663
300158637
40153661
519296382
743050984
27326287
371100451
476160195
710918208
947669728
39018148
379219347
910575718
284806050
682733362
788058939
23372921
297900051
453099197
43710474
927916836
141208930
130387357
750346895
600601626
100947046
881732059
324379410
458814416
482700905
539634441
417164272
145636357
873414733
733333347
764405419
157215901
611988867
971009431
569050200
496304513
949494982
933322005
77087273
487711991
744910095
56010472
434728410
542857159
118529314
212804938
477077537
496070974
5090504
346194992
262678045
275839376
206414184
460912634
1936435
774034457
879564908
42698264
231086192
333333365
471791163
145992684
794544529
857076870
575007
95932336
467696181
556154964
297366632
670726156
840855098
519856084
427441579
19617427
360088082
707263661
393105413
307993335
350773702
298446483
343968897
610586630
28723428
132629533
882078593
21666297
762696965
649739275
903278368
792986047
604673415
177471699
410932918
765140876
678895369
731510299
865799827
135242506
883394766
178942338
62604076
595774685
703862187
483292594
638155930
480762789
20569082
138274574
182539940
133641657
233538080
577373083
195940518
187298998
824741746
137227724
279822374
710976651
756296028
999922092
591471206
908715482
950096051
654575975
108401931
507086644
583253313
375610069
655396562
899662590
311797454
359361042
914285728
403699058
355049142
399107178
285714306
203334162
674849016
890049385
749544401
639687533
284085618
657142907
697997905
875569332
666666706
674849016
78175495
426539640
38000909
717859501
358364386
802256703
810536428
945561562
424382014
960433104
228098155
455231129
972460301
213466478
666652015
673016255
835312302
342854435
517414868
443263633
402112092
182437625
733333363
44674715
533862358
626288068
694162917
519221363
176601988
615254798
584348537
448429141
179190483
661108858
92403291
917043324
441297413
444521762
602714966
198430894
89471169
892783667
744182254
857794708
626143713
298446483
226038390
414187293
632836489
145207218
208430641
839658260
42138224
409070011
76605049
880088702
507092527
312639371
470821862
277195998
179533365
691314424
474524581
25066889
285131138
967305774
62062031
403666228
899840410
69435248
249491649
238428439
198992455
95238102
666666688
691773903
122282549
434728410
884814346
398885131
396312035
847790523
782557887
161376250
329934839
824770518
703385051
903319223
990770858
162925760
581529617
998401430
527764132
347119130
600000049
51912883
435373423
160173189
761487147
453192289
342601977
66424913
172643708
299453277
359838664
797877153
453384948
523858344
990828166
707801800
332604282
232456642
618392761
245390042
781247947
942318249
534414512
190476204
160066523
977071335
761135239
36455830
890087943
732326273
139753216
457332628
486632152
61912673
194139203
580907647
172425278
18527553
825188429
703341142
833169039
459782025
202719693
5602380
49396061
289720081
961171403
927531353
669117837
653656292
620111318
151027369
788403266
134832006
63042617
672305865
795154370
34873828
119240098
662416031
211406927
337577764
786579519
722473515
208726248
231674210
505325965
408691640
271490576
817878946
305934352
298650805
163834311
171662317
921107115
42360374
247905117
802678058
405827472
890012578
285410242
815873061
421348801
462103405
992701365
20597266
238685724
901510165
942350666
970887337
517414868
761423159
107629145
314997606
243587086
649611141
640181475
987540252
921797192
581122983
207770021
433407264
44206070
904186363
255612151
125818952
850269947
353381176
999694249
56211586
477489241
765440627
815873061
650603397
636031384
623297664
56425839
561297968
403939677
847790523
679961088
74067720
224162763
226038390
614071410
395154845
675614791
494767033
693148092
225948792
333333363
714285733
848474550
109442727
113011264
444833180
441529192
803166853
936385014
36721599
647552475
93819112
435207824
213564252
434550610
635331920
236543919
827371238
865691200
975575560
314285727
530158755
611988867
888443649
487588262
802336711
900950503
419580444
922743935
533345546
163610756
266666684
664977263
32596279
434920653
515073324
102393266
870541556
335721920
646634036
44
784938308
853399364
666666698
571027660
870540774
543574176
752398254
698981415
358050338
183796605
319298700
807780979
51510101
660362378
129210792
685893216
805227516
709423733
177806719
945937388
74368385
976587234
381040012
636979107
967305774
558892372
789592766
600000057
32107285
801264586
399171309
998401430
887645712
602220179
81900109
256694426
203821838
392227789
993847241
76873563
209375976
894148273
142712377
408290492
455231129
48870653
258270585
188362474
669721859
449885747
997526498
574772598
626211261
81697652
838095272
294749510
182146328
666666698
781147992
744182254
641307191
813024256
300574891
40077682
43667225
993673032
762067799
706453145
75574933
906165381
513569089
863082992
953376761
973170111
491231438
186502479
656894070
43188259
664342089
566931550
768231791
202186975
823776241
666976203
162684191
410534802
386072628
56425839
459782025
342854435
861341675
921797192
796455491
975757595
723819565
333333371
138221074
414514507
502601324
724473568
875569332
217461801
229429999
15825694
993847241
914285744
829852108
666666718
865614878
40230028
748910528
326012874
317251212
95164227
278421779
333333395
553462281
675123983
853939685
182668660
287970562
631274314
837818468
381947270
153169052
127829881
521185136
406135995
116150316
430775624
581529617
98901996
517013975
693632938
863734666
17494615
148609006
786498547
421657990
493625858
482939206
16827189
333333365
827629258
61142032
926193871
529769389
831272433
389692768
890946537
46617975
192160672
411667812
452337146
369344126
697562310
131946251
857431699
173952770
986104322
795026874
364679324
621933637
531260202
262927294
987855966
759906770
887595614
712941030
39483654
552673927
848842689
185867239
519813533
697935883
907420233
312874822
574565135
943247052
292035831
858741915
248964226
819312542
954792894
862137905
16549331
496070974
632955001
584439198
297992049
424530547
365336970
163269275
702366990
771647548
278077482
148352994
706550034
99736564
883610614
666059199
634971953
546392235
633847862
97347297
410109926
846395976
572095905
540448158
307936517
851982878
92918085
380778570
413984853
44663892
904275953
485954256
230130885
129280148
515610361
84581699
714285733
847723915
727180608
876789901
148352994
632210330
807797720
893523873
699057173
164263112
64859134
641208085
744182254
824232420
940965601
784280039
321119823
833169039
439578801
292588914
340536537
682819995
485981704
933333350
876527271
622256680
65963674
188394140
929302736
287801100
30247207
639903978
611644391
649434359
113716975
986919932
202073432
823228958
436009614
907928314
42411583
618379431
421970179
755975160
58065649
207521735
367696670
567703862
372690955
701592061
147791652
734655523
502601324
817825079
876053786
666666688
10284541
419733561
523999743
333333347
192536062
504454606
928874681
461004639
776028940
32107285
192860585
513481055
4210969
983844336
403249458
63436039
427026708
851857279
39648388
894148273
445787819
192676838
836092652
479524164
102858529
887365617
603964479
734150095
218364400
234630346
295601992
272304912
946314897
165140753
734889451
381988977
6048388
441279235
215850825
746458793
570180708
939967115
333333373
46745842
634905290
954786865
653563964
502819556
956134265
968718881
538290476
600102071
911888124
753412193
43705653
594719242
114285748
523159380
183426096
228630010
523977982
220706364
702806752
439970000
434194690
343589767
429872250
956068519
691773903
727583554
311619753
212299531
733524162
392997333
990168338
503255818
742857186
657530486
403322474
391411503
396312035
863403300
616692995
371428601
272127954
598984642
533900766
855660364
888003034
257048883
666666678
85506658
992547363
550863625
294749510
885929854
360088082
285802423
242137273
600000025
925965552
646976553
560043516
760694110
334730674
203917850
882078593
472976938
632995499
381951579
35654719
489197693
517013975
803701505
308764747
899062412
317322667
740326786
129022185
634971953
393653523
82841372
420646152
48431916
568491553
485954256
73457081
514589468
11499338
255652858
975575560
350478265
274170282
375864837
709423733
665471162
708482639
161473795
311862926
415702063
572778400
973733630
736929753
717886760
487490317
862615892
507739344
867091795
295180167
803909198
362366604
940523497
784142601
392745585
257294734
331972653
579490527
414514507
504582785
329688489
403322474
168645328
312064953
33078285
469260692
122348620
558826753
181605286
160500153
392563821
239083872
78618007
313836273
723296536
973680382
266927557
333333395
447274916
695581039
720481584
241154617
15461964
858199919
556584436
391681224
375163070
749216902
395364866
54255248
864393141
395661125
618634559
776028940
359643123
600601626
254571971
792119525
51483184
114014466
838959791
229464152
808232989
708608651
780974952
248524116
273498427
533073687
450744909
288887033
54316328
492955267
495314507
333333349
53120275
115758801
275214702
292068644
919416833
666666692
285424062
346100510
458116706
405837618
493783589
423095973
682260405
32786202
581122983
703212351
925676831
439970000
536463686
703862187
96758777
674308614
52784859
443204242
853697355
926924940
392227789
237524239
218347188
185775498
217451319
694049352
439247592
691456133
589894145
104814912
335328680
925676831
377546741
635988541
198334092
574084970
627542341
765079381
485927182
977582287
170079465
55024686
746654258
278421779
33484559
217927207
49295801
285483403
88982314
816581376
760813675
288045317
366080840
808232989
248604675
62604076
336259387
322214600
104112984
841703144
255735879
803701505
997762459
396298945
918164865
191376886
466661654
446323518
743872530
681899467
395994864
307359335
510111048
958001642
507922185
95491221
706757212
473022168
756251689
263722109
624817382
824818331
313838084
422664014
232772290
895039706
113518297
620823152
295318732
256694426
996643685
541737569
670912374
289720081
930931567
136744486
256891888
622865584
828038711
272139829
12517610
41326608
411903453
662196202
920429664
820851042
434920653
498704257
98928741
825352065
698804145
718419129
344701836
281265399
133692977
108181433
81015843
519118498
523639836
873370444
644941040
322051979
685408387
525719959
603457701
373660928
935127633
662872306
825610246
259363218
631274314
712903255
682819995
779329489
307336426
577340066
255084675
452576381
135819746
611155262
391608926
836092652
746761413
195731922
852188331
307693785
213799207
855322496
44829058
304584747
450347707
800000044
262557522
858071467
66378106
710596840
561648567
58867132
569584346
272304912
482808983
989911441
926556746
520634932
809177768
792052346
800208752
703385051
74067720
820851042
333333357
42576682
496194384
229535161
259108642
328733168
275565677
881174157
567703862
825968396
874191268
488888898
304622856
82018027
132629533
127125066
455056371
475558734
400399681
641307191
827907785
274994359
355049142
297879838
873414733
221602121
319347355
592871801
743943558
558969286
133023842
431236436
832508006
101314186
705750724
502877902
628350174
576382611
931324571
519794700
684502177
295983268
585833593
575602200
322664212
710621196
605656209
60
261579690
694331485
635443248
828571449
263758280
947742218
439091589
696912782
85622221
263983934
927538411
511465346
150610907
940422791
301972170
624470396
662872306
818033166
682690318
422563114
419326169
930318288
597643578
30592805
532499449
828133937
563356958
350898482
989797455
610522326
134832006
617966773
682955729
264069277
910538682
300704263
540104739
933195564
332993165
661014831
457910018
533940618
451062998
716341833
676745873
746458793
623431979
478189114
581805227
174861662
647364923
246394668
532546198
306715810
976608624
591809683
467950107
67814874
795949935
46586387
107629145
12745663
961159434
556584436
322516271
864635868
788637155
770638416
890853682
536818344
997967685
769295589
207211861
421134156
797364843
480049788
695581039
592985573
528207978
825610246
774835692
787119873
715920224
802336711
925416595
997303462
522910505
59254176
945561562
726490330
38246598
96978861
795503379
407182042
703212351
400319152
191376886
826094448
600102071
141320286
743309896
747431734
973353597
184531821
475558734
267959139
225559632
698723053
192431825
15753784
435011608
109637039
338339448
911334715
750346895
236908726
365620065
724964793
191573467
701718417
883394766
844566073
462861781
324529262
130279782
507092527
466660346
847550369
831718716
689276600
461391833
224303134
239032124
113108768
976963421
908291474
864215528
654537510
587152322
363873578
556978638
556154964
241084023
130141230
738688252
934036281
580321057
272589965
6766562
682013235
122282549
178665299
189407084
562744605
164366584
785203577
572033561
379186281
439247592
687937738
616276311
550288013
189662212
156510190
299420560
959022849
630421386
67993952
763773546
324284439
251026014
16468936
898292422
328267953
331074277
383709358
85471753
501404550
942907356
616362715
846968096
292035831
761384300
135209861
28342488
615873034
431752765
102858529
247207956
217451319
493625858
118887394
239305238
946395062
665471162
216233858
198273987
530820795
451345723
832722095
507347536
666666726
541737569
503255818
640081193
592908579
271971840
911000374
145564792
657984360
89471169
853063878
92760789
852394153
505035019
676566113
695503353
350327553
601731627
457523279
639107767
77217270
33136150
573726626
623418422
111744910
122284064
934326933
85506658
793638643
557321785
153908516
40230028
995654508
122348620
749869319
926845838
594981244
460912634
517831995
874754744
732394406
349881741
651813556
966952538
958001642
640962359
146310868
416585593
186653879
666666682
634078312
397014736
666233414
332622857
152855080
258270585
805009408
749306250
482756238
857408176
295983268
671945741
954403475
146031782
705324926
736973581
670062214
388666843
714404005
218440967
856573381
20765933
340440442
870541556
769956053
928371540
585131548
946276946
179533365
571264924
623297664
596898831
942857181
584859195
923268491
281222969
565668860
549257204
362347897
903120038
499689474
755975160
692389984
701775924
869667210
942907356
434920653
225829412
399079473
550863625
66378106
58274204
554430524
85622221
815273171
966952538
946364586
518288348
674749870
623671588
939393977
912945244
884837745
704758282
59494708
527894337
181318050
292068644
292803085
723328298
489019311
706453145
652230082
841461843
51096557
466666687
88900303
400810884
622211307
431701650
242137273
451264095
685048917
970662588
451724548
199689217
906862596
708957364
161379637
743830735
228408931
905724980
130141230
376299212
289197961
956431993
462776668
892399846
970843125
927538411
666666698
487312885
523616505
995177986
186064047
674739285
200460007
185867239
738688252
960982082
110303081
896982728
399674195
159336961
98854283
797364843
467134520
968960087
658900372
613042700
628571454
912666834
246595321
791582087
607686399
983962715
768785728
756740531
51483184
894697240
292864672
103303698
901961958
669929049
285424062
381356406
817825079
889334158
133641657
995654508
14129098
905353590
323528823
174693460
28536795
543300979
465174991
845228984
17675230
766051661
952102037
151011762
81697652
901108767
105908405
668724879
693274735
945017037
208849740
666666686
860317483
355965248
40795441
690442660
402272229
232250741
39483654
72616724
837910486
823196945
513036230
585657392
555508525
430339091
541759583
645138169
881898152
676913100
789362422
620941687
176371868
85560282
293701687
123627356
138685940
237164390
412839738
185915522
29263611
409568986
571770562
236543919
247995916
231746061
153719706
307192489
940422791
576635440
112309921
977366536
235353736
95164227
651177656
768861206
651177656
189295715
492879754
695456490
517566095
583228411
892063517
76258271
712903255
499883131
817878946
881776146
453384948
45188302
333333395
210239961
658900372
530158755
189151956
244528191
650977808
16650042
710445909
459782025
240230409
448561336
768231791
887595614
39432121
342700713
697830566
843023501
961604490
736490251
959755163
776824982
531624075
914285728
212804938
505161537
334947244
946039435
900297119
762553834
13397158
933461399
234630346
376537826
28824138
397395667
882078593
480985944
634173985
368589824
190018519
339195245
225140159
253968272
288095831
274295209
32107285
448677697
369906284
993508065
266666684
968173549
731306895
584032635
165270078
851982878
48
504426689
980339711
402467347
675324700
79897226
361573585
147361111
932278351
14518914
439297008
507936544
51590576
148235648
350327553
405454077
651775466
199635518
771854407
670930611
192676838
832611851
17675230
288131047
513812186
614122323
578218891
846395976
950096051
524212551
925416595
427441579
802308836
202464224
752062137
557303801
77987897
632034642
769449702
902387028
38246598
521935791
334947244
253031774
128527961
81697652
505568040
391681224
100981816
905959609
370974238
548987963
993115901
147791652
412698442
990097490
342933709
316142596
300574891
917299535
263906022
14331698
666666700
84858941
40153661
104615834
633996092
255477884
505568040
647672368
787119873
167046537
559060090
308526172
699057173
85043868
637570010
144014490
243603026
410258380
90637288
85840996
224162763
244456766
47707863
719996973
395280509
867207697
51096557
912825628
78928505
95819715
25066889
982851962
648983102
210748698
904186363
593256817
628571470
374281181
746885716
761423159
733424580
513569089
610441594
206414184
402144410
264964066
32
350898482
32
367500867
225559632
941292604
548160931
574889352
593705132
210429032
300876684
979912716
864393141
510619662
413835936
404313865
793090592
901372854
324284439
297728710
406967194
229398604
333333375
838959791
783929095
794543295
760550552
295881904
857408987
347592142
289720081
165201079
731647025
397275751
634184420
512225077
961631593
545818426
58584305
648188045
870592105
975996313
645021685
479345224
840888397
538987421
718967239
612109910
760895414
492955267
802426059
53391063
920184844
788849803
911888124
92201925
665245714
697762469
263758280
486569115
186818975
919231455
996009717
113276255
849956385
725453109
995662955
729271729
684062104
962061109
657142907
38283336
255164356
996163549
418684055
362927049
268628384
202464224
450195684
372214811
71988828
647364923
781679185
72805469
474562115
645534123
961460367
531056558
920693346
256743279
586575865
305806100
638981037
809856337
384357765
386989133
876789901
246394668
575987873
123232001
427090778
566777243
988008424
771707805
225861779
862137905
737675388
529764540
882021241
885299544
431317702
434283769
856672769
290944183
763777682
399385591
790950603
588390134
211380241
20251500
742477988
694049352
528138554
533000451
215546867
628905463
884814346
566931550
690442660
624817382
834645272
646623776
333333353
570007148
796435904
784192819
550124376
182668660
452099696
387612058
458116706
143900550
538290476
297366632
601685499
253809080
989005468
669841279
47706509
546361877
49295801
332531651
389877077
801827302
666036480
79186025
611644391
602220179
88046171
275209600
986204487
797201166
471545830
313037618
722137338
457142896
869296731
886826444
855196969
964407120
787628503
117655685
657971920
865410411
572615226
928903301
245214984
834161382
653656292
63153117
449393141
28824138
528963391
728564949
85714311
997967685
321096691
975855759
316266949
245615719
416585593
59381521
754225386
742128622
75574933
621933637
937197921
453968299
539540825
110320160
412603030
346632025
73717075
167366001
744203794
975288419
628571470
364981710
80973058
766917903
610586630
380931464
148256629
452576381
663529573
530050938
687726631
605548587
501404550
50793680
374008577
462789258
419580444
339374500
903120038
741929878
187959902
164183287
259171525
123627356
562174092
371024151
627507207
950096051
801621768
937521487
417978443
935140449
751825966
294749510
105451749
174284875
131613067
642572576
860317483
462892123
423605147
509957573
199747892
669020191
820233367
352099579
108778046
66030713
903255441
533940618
796434510
875783746
514101948
136505519
709909387
392745585
704678125
471623526
443376139
766843851
785787516
851581258
617490228
1998396
162684191
571979565
427441579
110605645
406135995
926552443
602509714
225559632
861341675
733424580
636648295
566931550
50793680
299420560
266666708
818491259
738006305
937197921
789362422
701775924
385712250
262363109
749544401
810536428
341028731
959174772
657971920
95238102
562911268
805068198
877568426
43714936
225441241
330118655
900455467
744061939
408017223
802426059
905168174
75646820
938956962
116904576
823481698
361892464
239643230
685708870
534400666
256259662
528207978
787462591
983844336
328267953
517798471
697997905
333333349
396852085
581746564
554977883
714508704
17182445
748118619
701264126
526525851
76985451
584127000
84724764
216638030
455056371
647214577
852522539
786300424
482863891
602642166
713977873
463429219
983962715
233471678
321409817
287406937
398600583
145992684
884837745
911020415
357627810
92760789
399171309
298819021
127537994
921107115
933333374
966952538
796434510
64929050
482879454
447425178
236034084
929317854
628905463
136130796
298588704
192860585
32107285
91881061
331074277
661740974
844459010
462103405
297411442
469483635
220008844
992249196
502536377
109605148
148185169
711802577
559286250
322051979
921575809
530820795
391784077
966715154
465534478
114285748
843023501
595066036
862792689
255634610
606883326
105908405
682059806
874279828
10117180
615387570
563535603
757163158
481852407
438674093
559286250
752653327
436098722
832942612
512822975
806908317
214930114
795043677
885714307
851974210
410331866
679160715
880990635
9998077
174693460
981031167
102719787
80742818
790950603
626759495
905408901
97392268
892766901
873096324
109284196
565453545
27112766
88570024
264069277
239032124
304401297
934036281
271179722
250752029
647552475
585446982
610797674
337008480
834904821
509075886
858356679
148056833
502877902
588602412
730096206
892639863
636306754
409356243
916140863
615387570
300158637
598133381
52
428749976
667711011
649434359
949695371
864239400
450195684
571428580
215546867
694196442
57734634
399378434
723894002
458814416
545818426
378887037
610586630
192536062
592961898
697746597
168367743
26427632
529912441
238685724
921575809
650960590
862944044
451186518
513249737
68628399
130907083
485151970
497465891
695193705
678375893
639702363
162708038
482808983
699043407
856216243
933333358
590230143
162925760
400420524
337121150
534992398
333333397
727577920
759486926
784142601
328526224
20780330
976438254
439563817
632995499
616092905
776799753
916207373
969239077
404831016
410534802
203182697
125818952
593877351
88244360
765440627
198132889
644535175
688068879
361509485
639250964
26250163
89445696
987855966
307738332
875783746
847619095
686784896
743550077
719600969
910603109
226552721
101524792
887863310
400000006
95985104
37402450
509568259
57142906
981751708
937235347
108299028
363063415
34715537
229535161
501996045
966843861
602029103
96758777
962081894
845305200
820649971
604054368
21858229
302113630
381947270
875956261
988529146
998979495
823213305
308526172
956134265
564253452
923569122
385146163
116131298
748705406
268504693
979491116
453592771
829059126
416932371
818491259
882105020
443836561
777658203
202111233
909363823
657971920
333333387
294749510
603243731
14873677
915783489
486600299
200000019
771558451
791939631
827907785
900297119
653656292
141566173
984696179
665585226
586859979
742128622
9354471
377110232
670887999
861739645
863699834
395003100
358364386
200895248
818829764
944858151
828272775
612983363
146945267
143155353
266954488
666666728
850099801
42698264
411774589
962175760
79005568
346032503
370061877
329472756
301321083
1190307
799533829
734209462
248524116
567833055
880088702
936778785
800000044
197851595
680018116
397122095
365958621
46
161376250
862400219
127738942
33484559
840860743
302278382
670217121
15825694
185775498
880990635
69086851
996392340
268117176
362642173
859963206
603174646
247207956
697762469
802336711
146225143
18435695
750950841
53120275
266954488
405827472
976040977
691456133
587936699
852716208
106502117
666666718
359403784
396863701
264964066
839262131
532160866
339374500
620823152
500418631
734662858
696734965
699837101
237978921
126192343
539634441
446323518
911417140
263685094
194139203
530300116
202859211
764013855
591803176
412698442
276353042
507092527
475745729
532890501
527587785
447349045
856158798
176601988
313186226
641307191
549764240
31043273
960181127
816580984
624470396
699837101
379054829
193920222
347195119
770597789
685708870
685081700
633376710
9619009
70301166
177183130
583528753
893760389
853063878
308764747
509318636
141608317
574092588
931234728
532890501
967141448
350307120
282416055
795154370
469713777
946471148
905974548
896786099
104057306
655643451
873852660
921264294
685709285
190172468
942663552
636296113
452160868
832642761
350746871
731734250
286267328
847619095
843023501
655933034
559060090
333333373
951347336
180805499
162925760
485981704
137260643
74142230
720537153
265818038
64192024
840855098
131018640
920644263
807882913
247007404
45400691
193920222
486088265
77895598
706550034
278421779
816617489
385657715
522344139
751738640
356498446
180667069
668981527
283465775
267730842
603705934
316176358
726227800
705942338
284457502
613719647
505161537
745254774
767318541
350746871
505681725
942701381
942663552
762924515
44206070
987301619
953376761
935353575
520100421
120076735
728464579
753477857
789592766
284571734
555486096
407014884
164942872
493942959
997666728
119209864
208201987
369906284
108100639
571828081
938956962
978185356
279822374
61142032
476073073
928562974
651582835
774603204
141448883
451136610
539290233
266666700
334947244
801621768
825679247
891270221
864812680
307693785
950043986
953086528
549146706
569818998
359594596
735664358
455231129
381356406
865958184
106466350
568943976
748910528
718448895
387155466
541037981
181605286
11499338
717398108
367696670
379547661
412659613
405017174
387417846
333333359
215593379
132744266
522974287
359450868
607686399
159218829
369091979
806524878
397275751
842919360
886707715
930865968
870509395
839262131
82412376
5984047
670277449
268857034
330853618
356119491
134945380
549764240
981716817
451345723
403920269
872163682
896982728
551443273
242700804
655920527
651402763
528051841
229921434
595221032
754518475
1918599
311797454
968718881
443974902
757068867
139981017
192676838
383127648
373163787
252761895
830783566
33431799
827649893
166378687
276992233
536366594
376299212
798721144
422152046
242012048
467813544
382753149
934575846
817371956
305707586
271141205
483847216
202073432
387916292
733424580
960433104
399495784
416932371
164263112
419987674
217427762
114813195
523154704
495820194
970843125
205294501
208682835
374653125
434593415
778569710
343589767
194651758
948911182
750794900
890946537
495339087
480985944
16046211
350898482
435207824
902886618
452898439
93965002
891897228
494573449
865614878
19433582
666666710
303599504
380098101
113719736
98928741
975243183
721361715
134267891
122284064
694396719
766020062
512225077
951416595
115902057
665922609
95066763
255659762
71988828
940840924
622031032
764892517
8
698412394
45748140
963543976
261722515
490316467
467103404
299270420
