10
1998 1997 2000
44 1581 45 1582
840 100 841 99
1814 474 1815 473
1724 1158 1725 1157
1587 1054 1588 1053
1853 1412 1854 1411
1290 41 1291 42
1698 134 1699 133
132 1636 133 1635
1476 614 1477 615
1606 903 1607 904
1285 944 1286 943
856 928 857 927
594 1756 595 1757
278 469 279 468
1077 262 1078 261
1560 394 1561 395
1678 1285 1679 1286
875 836 876 835
1210 1383 1211 1382
1642 998 1643 999
312 806 313 805
1013 1622 1014 1623
464 22 465 21
789 1033 790 1034
1140 157 1141 158
447 370 448 371
1615 673 1616 672
1059 948 1060 947
1534 1653 1535 1652
1964 686 1965 687
470 756 471 757
881 887 882 888
1899 892 1900 893
815 581 816 580
1917 593 1918 594
1310 1688 1311 1687
145 1688 146 1687
1239 270 1240 269
320 214 321 215
338 856 339 855
682 191 683 190
44 951 45 952
1890 1104 1891 1105
1453 1986 1454 1985
1793 924 1794 923
23 1918 24 1917
622 1501 623 1500
1759 1896 1760 1897
1964 1235 1965 1234
1572 1691 1573 1690
183 1876 184 1875
816 1321 817 1322
1507 835 1508 836
286 1995 287 1996
622 40 623 41
279 370 280 371
1163 1038 1164 1039
1389 191 1390 190
1211 891 1212 890
891 503 892 502
1389 581 1390 580
838 59 839 60
566 791 567 790
738 427 739 426
545 543 546 544
1922 1973 1923 1972
1493 1378 1494 1377
64 1886 65 1887
1141 246 1142 247
1951 428 1952 429
1627 1405 1628 1406
1945 1490 1946 1491
319 251 320 250
989 400 990 401
1593 45 1594 44
940 1301 941 1302
249 841 250 840
1400 614 1401 615
1489 249 1490 248
1537 419 1538 420
132 12 133 13
532 1373 533 1372
167 972 168 973
1962 901 1963 900
1698 972 1699 973
481 1956 482 1955
1259 998 1260 999
105 267 106 266
845 1227 846 1228
1605 919 1606 920
132 248 133 249
805 1556 806 1555
1881 764 1882 763
418 1946 419 1947
418 1052 419 1053
793 279 794 280
1453 940 1454 941
495 401 496 400
9 702 10 701
1612 575 1613 576
867 1931 868 1932
1606 957 1607 956
1798 845 1799 844
950 1874 951 1873
510 1696 511 1695
1431 202 1432 201
1997 490 1998 491
1931 136 1932 137
1873 69 1874 70
1787 358 1788 359
1872 291 1873 290
519 427 520 426
953 15 954 14
980 1021 981 1020
1190 445 1191 446
116 793 117 792
597 1501 598 1500
219 1077 220 1078
682 1483 683 1484
556 429 557 428
591 1396 592 1395
159 4 160 3
955 5 956 4
1507 1428 1508 1427
1853 412 1854 413
860 1888 861 1887
811 1018 812 1019
1271 1552 1272 1551
1670 1344 1671 1345
10 1635 11 1636
1670 225 1671 224
1047 416 1048 417
468 1496 469 1497
14 729 15 728
1232 1132 1233 1133
87 621 88 620
198 554 199 553
587 819 588 818
1400 291 1401 292
159 1918 160 1917
359 1839 360 1838
1252 1345 1253 1344
1946 1186 1947 1187
1278 519 1279 518
1320 967 1321 966
981 1635 982 1636
931 758 932 757
1848 706 1849 707
535 102 536 101
749 1289 750 1290
1415 1068 1416 1069
1292 1745 1293 1744
682 726 683 727
1521 1301 1522 1302
578 17 579 16
1281 1748 1282 1747
836 296 837 297
1783 1448 1784 1447
132 1031 133 1032
1213 1873 1214 1872
23 1521 24 1520
1489 725 1490 724
560 915 561 916
1769 1762 1770 1761
1472 1314 1473 1313
1379 705 1380 704
1087 760 1088 759
1179 865 1180 866
11 1356 12 1357
183 16 184 15
1394 904 1395 903
574 553 575 554
881 750 882 751
805 233 806 234
711 67 712 68
50 1211 51 1212
1718 1395 1719 1396
1441 236 1442 235
43 375 44 374
1442 1806 1443 1807
345 948 346 947
1249 1116 1250 1117
1494 1584 1495 1583
149 62 150 63
145 284 146 285
1191 940 1192 941
1593 1853 1594 1854
1933 1062 1934 1061
1320 1804 1321 1803
641 1612 642 1613
1503 810 1504 811
1087 1600 1088 1599
154 706 155 707
1899 850 1900 849
1275 1457 1276 1456
132 429 133 428
1792 1832 1793 1833
1435 1261 1436 1260
279 270 280 269
1811 1043 1812 1042
1441 1051 1442 1052
1394 218 1395 217
1941 1448 1942 1447
455 1502 456 1501
1389 851 1390 852
1418 991 1419 992
1274 1437 1275 1438
1503 429 1504 428
1587 1395 1588 1394
1115 767 1116 766
80 603 81 604
1320 890 1321 891
125 1753 126 1754
559 1122 560 1123
591 1382 592 1383
665 494 666 495
1589 1638 1590 1639
683 706 684 707
420 811 421 810
789 819 790 818
1416 4 1417 3
1335 875 1336 874
202 655 203 654
1945 1215 1946 1214
914 374 915 373
1450 1203 1451 1202
179 728 180 729
1936 1209 1937 1210
1149 1450 1150 1451
170 1582 171 1583
1108 855 1109 856
1290 1391 1291 1392
286 480 287 479
812 472 813 473
781 441 782 440
447 1112 448 1113
1569 737 1570 736
1289 875 1290 874
474 1229 475 1228
1259 192 1260 191
212 1344 213 1343
992 1314 993 1313
1447 1873 1448 1874
1061 1429 1062 1428
1454 1514 1455 1515
1463 1447 1464 1448
655 42 656 43
544 1604 545 1605
178 1489 179 1488
761 1577 762 1576
181 404 182 403
568 511 569 512
10 1171 11 1172
545 1160 546 1159
814 21 815 22
923 1235 924 1236
1759 1697 1760 1696
417 1873 418 1872
671 1026 672 1025
868 1838 869 1837
620 1129 621 1128
849 1635 850 1636
176 639 177 640
1980 1142 1981 1143
283 947 284 948
1333 352 1334 351
1228 1753 1229 1752
903 910 904 909
1211 966 1212 967
1933 1870 1934 1871
730 748 731 749
872 1272 873 1271
1931 215 1932 216
1649 1881 1650 1882
976 1205 977 1204
1754 1851 1755 1852
1612 1931 1613 1930
319 845 320 844
976 1102 977 1103
629 1108 630 1107
1176 254 1177 255
1475 1635 1476 1636
281 1927 282 1928
203 1209 204 1210
1108 1387 1109 1388
1975 769 1976 770
1411 1589 1412 1588
43 1424 44 1423
852 1108 853 1107
65 1181 66 1182
872 1551 873 1550
597 1251 598 1250
1772 1833 1773 1834
1310 957 1311 956
1707 158 1708 159
474 1611 475 1612
545 765 546 764
1003 1142 1004 1143
670 1602 671 1601
1396 254 1397 255
1453 923 1454 924
1454 1803 1455 1804
320 496 321 497
592 594 593 593
1863 1874 1864 1873
397 714 398 713
519 948 520 949
789 101 790 100
1128 1922 1129 1921
1917 473 1918 474
738 102 739 101
799 1104 800 1103
353 1771 354 1772
1162 1090 1163 1089
1672 32 1673 33
967 583 968 582
1578 1172 1579 1173
14 397 15 398
183 13 184 12
1899 1691 1900 1690
1087 765 1088 764
1903 1264 1904 1263
1285 1512 1286 1513
1866 83 1867 84
455 1025 456 1026
1085 1744 1086 1745
195 1054 196 1053
832 833 833 832
132 1922 133 1921
1074 1841 1075 1840
1945 1922 1946 1921
1442 400 1443 401
1946 1019 1947 1020
696 1622 697 1621
546 583 547 584
794 1497 795 1496
1335 1550 1336 1551
170 524 171 525
749 814 750 815
807 1404 808 1403
361 1611 362 1612
1330 893 1331 892
1400 1922 1401 1923
1298 1753 1299 1754
1448 1656 1449 1655
1506 1882 1507 1881
235 1054 236 1053
513 1251 514 1250
1333 157 1334 158
1289 1922 1290 1923
1285 900 1286 901
747 956 748 957
1707 215 1708 214
1540 1045 1541 1046
422 310 423 311
1290 837 1291 838
1868 1638 1869 1637
388 1286 389 1285
131 1128 132 1129
1040 424 1041 425
1759 173 1760 174
1810 1377 1811 1378
906 728 907 729
175 1656 176 1657
1115 1329 1116 1330
654 1897 655 1896
396 904 397 905
150 8 151 7
1229 1478 1230 1477
1415 1068 1416 1069
1003 1861 1004 1862
1236 1961 1237 1960
594 260 595 261
1856 1106 1857 1107
585 68 586 69
1696 1895 1697 1894
1413 1034 1414 1033
1851 191 1852 190
1615 1757 1616 1756
1171 1918 1172 1917
841 448 842 447
1587 1395 1588 1394
1085 1770 1086 1771
1289 1195 1290 1194
664 1858 665 1857
1543 41 1544 42
1003 1746 1004 1745
1870 79 1871 78
1274 1745 1275 1746
1441 584 1442 583
1754 1032 1755 1031
1587 1687 1588 1688
1931 1756 1932 1755
1191 1989 1192 1990
1895 1616 1896 1617
593 1430 594 1429
864 1988 865 1987
1269 1112 1270 1111
229 1123 230 1122
1268 1579 1269 1578
570 1482 571 1483
660 1556 661 1555
16 568 17 567
1436 1877 1437 1878
1640 1691 1641 1692
1833 1986 1834 1985
217 930 218 929
202 1453 203 1454
1395 494 1396 495
1229 1850 1230 1851
1583 1871 1584 1870
668 1692 669 1691
1249 1918 1250 1917
990 1599 991 1600
1649 905 1650 904
479 1834 480 1833
221 1697 222 1696
835 944 836 945
1356 47 1357 48
609 1162 610 1161
733 118 734 117
856 1550 857 1551
1678 404 1679 403
1420 266 1421 267
1868 1171 1869 1170
1021 910 1022 909
16 1579 17 1578
1493 1383 1494 1382
1170 901 1171 900
1817 417 1818 416
116 1679 117 1680
361 928 362 927
1275 1136 1276 1135
543 1260 544 1261
512 1648 513 1649
781 1806 782 1807
1342 1567 1343 1566
860 603 861 604
309 226 310 227
1951 1985 1952 1986
1231 836 1232 837
616 764 617 765
327 1228 328 1227
1218 1263 1219 1264
319 1501 320 1500
1413 426 1414 427
523 957 524 956
1432 837 1433 838
1191 81 1192 80
1465 1691 1466 1692
129 1330 130 1331
1418 1883 1419 1882
1817 1428 1818 1427
60 835 61 836
906 553 907 554
1606 174 1607 175
115 1227 116 1228
1165 2 1166 3
396 1132 397 1133
1432 1923 1433 1922
1112 1745 1113 1746
923 1704 924 1703
21 524 22 525
523 191 524 190
1676 174 1677 175
110 1474 111 1473
147 1649 148 1648
1420 942 1421 943
455 1062 456 1061
1202 1061 1203 1062
1259 1263 1260 1262
420 1383 421 1382
1004 1528 1005 1527
1368 1031 1369 1032
407 1447 408 1448
1002 804 1003 805
1209 371 1210 372
198 1206 199 1207
528 757 529 756
1236 1930 1237 1931
1885 1236 1886 1235
1296 888 1297 887
1453 759 1454 760
1970 1651 1971 1650
1543 1691 1544 1690
1252 1140 1253 1139
801 571 802 570
1331 1955 1332 1954
309 948 310 947
1811 1873 1812 1872
605 4 606 3
1268 1755 1269 1754
1063 1747 1064 1746
1343 1595 1344 1594
549 1051 550 1052
132 759 133 760
1589 1194 1590 1195
1357 1696 1358 1697
1035 1607 1036 1608
933 1426 934 1427
550 1758 551 1759
832 590 833 589
858 1862 859 1861
1080 1051 1081 1050
1290 477 1291 478
1198 352 1199 351
856 957 857 956
737 1431 738 1430
737 424 738 425
1342 1830 1343 1829
1897 542 1898 541
1521 1344 1522 1345
1218 1382 1219 1383
641 486 642 485
868 1403 869 1404
990 1185 991 1186
860 888 861 887
320 67 321 68
776 1931 777 1930
1193 1500 1194 1501
1677 1585 1678 1586
1353 1944 1354 1945
1884 1159 1885 1158
1274 583 1275 584
674 358 675 357
1724 757 1725 756
211 1430 212 1429
852 533 853 534
781 544 782 543
1296 584 1297 585
1987 589 1988 590
891 951 892 952
1219 1838 1220 1839
840 1870 841 1871
286 583 287 582
1810 119 1811 120
468 1617 469 1616
838 1582 839 1581
1379 1404 1380 1403
1793 78 1794 79
616 1406 617 1405
1832 567 1833 568
553 1422 554 1421
1896 1874 1897 1875
1370 965 1371 966
1253 1744 1254 1745
1814 1691 1815 1690
1301 1593 1302 1592
1101 1498 1102 1497
324 1625 325 1626
592 66 593 67
1211 403 1212 404
1009 1313 1010 1314
202 1453 203 1454
556 420 557 419
1851 1627 1852 1626
1482 233 1483 234
116 61 117 60
1792 1112 1793 1113
619 1733 620 1732
772 1157 773 1158
417 805 418 806
1884 163 1885 162
597 1322 598 1321
1419 1526 1420 1527
1789 1882 1790 1881
1048 1453 1049 1454
815 1578 816 1579
1047 1744 1048 1745
1106 3 1107 2
1707 592 1708 593
1058 1107 1059 1106
1059 1314 1060 1313
1016 1861 1017 1862
16 173 17 174
967 391 968 390
1578 1159 1579 1160
1627 1688 1628 1687
393 1565 394 1566
592 1697 593 1696
519 119 520 120
252 948 253 947
1870 1205 1871 1204
647 874 648 873
1444 497 1445 496
329 1851 330 1850
307 1833 308 1834
705 1215 706 1214
1970 352 1971 351
167 261 168 260
513 1831 514 1830
777 22 778 23
447 158 448 159
1370 1195 1371 1194
441 42 442 43
1066 1834 1067 1833
591 914 592 913
1110 592 1111 591
881 1234 882 1235
1923 561 1924 560
747 686 748 687
1128 686 1129 687
1289 31 1290 32
1510 1280 1511 1279
965 1888 966 1887
320 1922 321 1921
1503 1187 1504 1186
474 836 475 837
682 836 683 837
1322 789 1323 788
1128 1770 1129 1771
144 1589 145 1590
528 1564 529 1565
927 119 928 120
1870 654 1871 653
105 805 106 804
23 1400 24 1399
1640 1489 1641 1488
121 1077 122 1076
544 1756 545 1757
407 1488 408 1489
1021 1733 1022 1732
966 444 967 445
746 1752 747 1753
596 490 597 489
1938 1171 1939 1170
1070 1522 1071 1521
1202 1098 1203 1097
1583 533 1584 534
50 604 51 603
23 1702 24 1701
422 53 423 52
1864 1098 1865 1097
1211 1428 1212 1429
1914 84 1915 83
1505 286 1506 285
1379 1172 1380 1171
373 844 374 845
1066 1692 1067 1691
1211 393 1212 394
1120 250 1121 251
1063 1771 1064 1772
443 928 444 927
980 1746 981 1745
1903 1019 1904 1020
312 1789 313 1790
373 594 374 593
1394 1576 1395 1577
218 293 219 292
359 1972 360 1973
614 1944 615 1945
1482 554 1483 553
927 948 928 949
594 1648 595 1649
705 1730 706 1731
807 673 808 672
132 580 133 581
139 1713 140 1712
921 1277 922 1278
474 480 475 479
1608 493 1609 494
1849 904 1850 903
669 1977 670 1976
125 1564 126 1565
226 413 227 412
1419 351 1420 352
1897 133 1898 134
1443 340 1444 341
1772 1235 1773 1236
1447 829 1448 830
1891 1746 1892 1747
805 1714 806 1715
1402 1216 1403 1215
229 1488 230 1489
1418 1732 1419 1733
1370 1214 1371 1215
495 1688 496 1687
407 965 408 966
598 326 599 325
1670 1844 1671 1843
774 1386 775 1385
1211 469 1212 468
420 1514 421 1515
110 1186 111 1185
253 378 254 379
593 1162 594 1161
981 1118 982 1117
1941 804 1942 803
412 1838 413 1839
1414 1933 1415 1932
591 947 592 948
766 1043 767 1042
309 1646 310 1645
411 228 412 229
167 1033 168 1034
274 1133 275 1132
1166 1872 1167 1871
1890 42 1891 41
832 215 833 214
1572 824 1573 825
1902 1214 1903 1215
1463 1514 1464 1515
544 1353 545 1352
1211 370 1212 371
32 1056 33 1057
179 174 180 175
1179 158 1180 157
1765 95 1766 96
521 1570 522 1569
981 944 982 943
568 101 569 102
38 1497 39 1496
624 1835 625 1836
1747 1551 1748 1550
1482 1431 1483 1430
307 703 308 704
1614 60 1615 61
556 1804 557 1803
12 1289 13 1290
1557 913 1558 914
1005 948 1006 947
1066 919 1067 920
170 120 171 119
1414 1383 1415 1382
649 358 650 359
657 358 658 359
635 1947 636 1948
1814 1194 1815 1195
304 1833 305 1832
664 1949 665 1948
1058 900 1059 901
980 584 981 585
1003 1138 1004 1137
1083 1229 1084 1230
345 815 346 814
1729 977 1730 976
1982 832 1983 833
1325 742 1326 743
1413 1383 1414 1382
1463 966 1464 967
1755 1756 1756 1755
495 1484 496 1485
1502 717 1503 716
1246 388 1247 389
1032 570 1033 569
385 1533 386 1532
1856 1244 1857 1245
227 757 228 756
691 1464 692 1465
1507 669 1508 668
657 1272 658 1271
250 823 251 824
1005 561 1006 560
1140 360 1141 359
1353 400 1354 401
655 1280 656 1279
559 55 560 54
1493 1079 1494 1078
671 856 672 855
1633 1514 1634 1513
657 1730 658 1731
624 1245 625 1244
1853 78 1854 77
691 1933 692 1932
535 1182 536 1183
147 360 148 359
1270 1922 1271 1921
1503 1457 1504 1458
1902 1271 1903 1270
965 1053 966 1052
594 1526 595 1527
246 1061 247 1062
1449 746 1450 745
1379 1849 1380 1850
188 937 189 936
913 854 914 855
743 15 744 16
1400 554 1401 555
1820 479 1821 480
149 691 150 692
1851 1731 1852 1730
758 351 759 352
838 1483 839 1484
660 1948 661 1949
587 1119 588 1120
554 442 555 441
258 5 259 4
1050 1583 1051 1582
1298 158 1299 157
1131 1732 1132 1733
338 172 339 173
594 1566 595 1567
1058 973 1059 972
1745 1806 1746 1807
1832 957 1833 956
1436 1846 1437 1847
1138 947 1139 948
176 204 177 203
737 817 738 818
193 305 194 306
1106 1185 1107 1186
1449 1832 1450 1833
373 1827 374 1826
1131 1771 1132 1770
767 574 768 575
1292 158 1293 159
1521 1120 1522 1119
740 942 741 943
976 1765 977 1766
817 804 818 805
407 900 408 901
1257 497 1258 496
1678 923 1679 924
512 1851 513 1852
1938 1871 1939 1870
1112 1766 1113 1765
175 477 176 478
574 246 575 247
737 224 738 225
309 1344 310 1345
1676 1482 1677 1483
359 640 360 641
1306 966 1307 967
1493 392 1494 391
319 1260 320 1259
1097 1351 1098 1352
793 66 794 67
550 1523 551 1524
1817 392 1818 391
1741 1424 1742 1423
1546 590 1547 591
1257 1578 1258 1579
552 461 553 460
1995 832 1996 833
1783 972 1784 973
1004 1526 1005 1527
1902 1933 1903 1932
1623 146 1624 145
1488 1063 1489 1064
1741 1657 1742 1656
1058 617 1059 618
1863 929 1864 930
1295 391 1296 392
1436 454 1437 453
1755 1906 1756 1905
737 776 738 777
802 323 803 322
1754 704 1755 705
1252 1192 1253 1193
1676 1638 1677 1637
60 1604 61 1605
815 1388 816 1387
904 553 905 554
329 1826 330 1827
202 1314 203 1313
1982 1595 1983 1594
1416 1386 1417 1385
1698 810 1699 811
1588 32 1589 31
1793 78 1794 79
448 1846 449 1847
1268 943 1269 944
103 830 104 829
816 1395 817 1394
1231 823 1232 824
629 1638 630 1637
1698 743 1699 742
374 535 375 536
1832 543 1833 542
593 1075 594 1076
794 224 795 223
654 585 655 584
1974 1714 1975 1715
147 1474 148 1475
217 371 218 370
1680 99 1681 98
1751 1769 1752 1770
858 1334 859 1335
911 1027 912 1028
1923 1396 1924 1397
1943 1418 1944 1417
288 1838 289 1839
1534 290 1535 291
1614 1431 1615 1430
1811 766 1812 767
923 1185 924 1186
455 269 456 270
940 1807 941 1806
881 561 882 560
685 1758 686 1759
1864 1671 1865 1670
30 18 31 19
1789 1502 1790 1501
80 1411 81 1412
1670 762 1671 761
995 390 996 391
1290 79 1291 78
1087 1112 1088 1113
344 1162 345 1163
133 191 134 190
605 1280 606 1281
1845 1430 1846 1431
1087 765 1088 764
217 1616 218 1617
805 1996 806 1995
1394 1093 1395 1092
1078 1560 1079 1561
28 489 29 490
1521 1611 1522 1612
1396 604 1397 603
201 1104 202 1105
980 956 981 957
532 1143 533 1142
682 1671 683 1670
405 1288 406 1289
1810 117 1811 118
1087 1604 1088 1605
657 1704 658 1703
262 859 263 858
1856 512 1857 511
1820 1697 1821 1696
1204 1666 1205 1665
1442 1463 1443 1462
1872 817 1873 818
278 1383 279 1382
1357 1985 1358 1986
1458 659 1459 660
1463 1019 1464 1020
549 1021 550 1020
868 291 869 292
1718 818 1719 817
13 856 14 855
705 1986 706 1985
1914 413 1915 412
923 548 924 549
396 1906 397 1905
246 1290 247 1289
1211 1171 1212 1172
1116 1032 1117 1031
856 1271 857 1272
1217 478 1218 477
981 818 982 817
1898 1128 1899 1129
251 295 252 294
29 1026 30 1025
501 1372 502 1371
740 285 741 284
1873 1844 1874 1843
685 1132 686 1133
1853 1600 1854 1599
139 326 140 325
1775 5 1776 6
1709 1617 1710 1616
132 1404 133 1403
388 1477 389 1478
334 904 335 903
1987 1456 1988 1457
1003 44 1004 45
1872 940 1873 941
1802 1404 1803 1403
1642 136 1643 137
1341 1136 1342 1137
738 1020 739 1019
21 1207 22 1206
597 830 598 829
1793 191 1794 190
1003 1888 1004 1887
57 621 58 620
950 1915 951 1916
1724 75 1725 74
875 948 876 949
513 793 514 792
33 1436 34 1435
1707 793 1708 792
624 203 625 204
132 545 133 544
1270 1922 1271 1921
170 1832 171 1833
1792 176 1793 177
133 1491 134 1490
1415 1160 1416 1159
1418 1162 1419 1161
543 924 544 923
1066 1052 1067 1053
838 1107 839 1106
685 224 686 225
1231 137 1232 136
1420 1637 1421 1638
665 609 666 608
559 1751 560 1752
965 1053 966 1052
1792 1652 1793 1651
286 1745 287 1746
1040 660 1041 659
1414 1745 1415 1744
738 1404 739 1403
1521 226 1522 227
288 1555 289 1554
361 1126 362 1125
1881 1351 1882 1352
393 1626 394 1627
743 1870 744 1871
1168 1349 1169 1348
1217 1922 1218 1923
1278 56 1279 57
1057 1285 1058 1284
1443 44 1444 45
1106 1042 1107 1043
283 32 284 31
1239 1566 1240 1567
1420 115 1421 116
1191 552 1192 553
585 1075 586 1076
940 13 941 12
1357 1383 1358 1382
1057 1897 1058 1896
1725 732 1726 733
706 646 707 645
1415 1891 1416 1890
1476 1104 1477 1105
807 1020 808 1019
1063 1229 1064 1230
927 1836 928 1835
1115 814 1116 815
1606 1874 1607 1873
447 1577 448 1576
535 515 536 516
1546 134 1547 133
1938 1053 1939 1054
309 1995 310 1996
1357 581 1358 580
1477 59 1478 60
1517 1134 1518 1133
741 644 742 643
594 1496 595 1497
925 82 926 83
767 1527 768 1528
1578 53 1579 52
149 40 150 41
774 424 775 425
1081 629 1082 630
594 1594 595 1595
597 991 598 992
1289 1392 1290 1391
1362 1170 1363 1171
167 639 168 640
858 1961 859 1960
1106 424 1107 423
1099 1547 1100 1548
1936 1248 1937 1247
749 250 750 251
789 1408 790 1409
1715 154 1716 153
789 1484 790 1483
1218 1746 1219 1747
1095 1746 1096 1745
1239 1878 1240 1877
422 112 423 111
471 1165 472 1164
882 199 883 200
130 494 131 495
624 701 625 702
1083 246 1084 247
199 360 200 361
178 214 179 215
1253 69 1254 68
1198 1071 1199 1072
195 1054 196 1053
309 1162 310 1161
1845 567 1846 568
1627 1437 1628 1438
1120 3 1121 2
868 45 869 44
1289 226 1290 227
1946 1652 1947 1651
983 774 984 775
746 368 747 367
407 1835 408 1836
1546 804 1547 803
1061 943 1062 944
388 1851 389 1852
116 473 117 472
1543 1861 1544 1862
1170 1581 1171 1582
655 524 656 525
616 491 617 490
1899 1643 1900 1642
1946 746 1947 745
553 250 554 251
1292 174 1293 175
1396 1488 1397 1489
1612 81 1613 80
1228 1438 1229 1439
1917 1771 1918 1770
1073 1002 1074 1001
1441 1697 1442 1696
286 1891 287 1890
1995 218 1996 217
1218 340 1219 341
620 1263 621 1262
38 1680 39 1679
44 1804 45 1803
1219 1264 1220 1263
373 1890 374 1891
1289 1334 1290 1335
288 68 289 67
172 373 173 374
559 680 560 681
1703 959 1704 958
886 920 887 919
1903 746 1904 745
13 908 14 907
1842 1429 1843 1428
1642 1854 1643 1853
544 1582 545 1583
1268 854 1269 853
619 1489 620 1488
387 473 388 472
906 1134 907 1133
568 900 569 901
857 1666 858 1665
62 491 63 492
794 593 795 592
1000 453 1001 454
16 454 17 453
980 84 981 83
1472 1835 1473 1836
616 560 617 561
860 300 861 299
23 1806 24 1807
876 1309 877 1308
1477 1835 1478 1836
1162 203 1163 204
532 1236 533 1235
1259 1138 1260 1137
166 517 167 518
927 1744 928 1745
84 583 85 584
1982 1565 1983 1564
1209 705 1210 706
406 468 407 467
1860 1104 1861 1105
1783 1113 1784 1112
1097 371 1098 372
881 1123 882 1122
1141 533 1142 534
1249 1854 1250 1853
1274 1692 1275 1691
1067 463 1068 464
1115 1427 1116 1426
916 1949 917 1948
904 1873 905 1872
1333 1612 1334 1611
471 63 472 62
1928 575 1929 576
1030 392 1031 391
1896 661 1897 662
1692 216 1693 215
246 1430 247 1429
585 1853 586 1854
1171 545 1172 544
1320 512 1321 511
299 1984 300 1985
1588 1712 1589 1713
1131 1771 1132 1770
747 584 748 583
1447 1576 1448 1577
1674 236 1675 235
648 542 649 543
1198 60 1199 61
479 1068 480 1069
553 1279 554 1280
1755 360 1756 359
10 1638 11 1637
737 1758 738 1759
1204 614 1205 615
1165 1873 1166 1872
1095 248 1096 249
1463 1183 1464 1182
20 861 21 862
783 982 784 981
1077 515 1078 516
1557 1703 1558 1704
506 600 507 599
655 1755 656 1756
1832 80 1833 81
559 680 560 681
976 23 977 22
737 1527 738 1528
904 5 905 6
1588 173 1589 174
226 1411 227 1412
1106 12 1107 13
407 800 408 799
1198 67 1199 68
570 728 571 729
1605 583 1606 584
175 1489 176 1488
1112 1403 1113 1404
250 1639 251 1638
777 1260 778 1261
1395 1143 1396 1142
1615 745 1616 746
682 407 683 408
176 1020 177 1019
1232 1702 1233 1701
144 818 145 817
1342 1830 1343 1829
417 68 418 69
1583 1829 1584 1830
393 477 394 478
1989 1084 1990 1085
133 1568 134 1569
1097 818 1098 817
1890 655 1891 654
728 1480 729 1481
176 81 177 80
1913 491 1914 492
860 55 861 54
1442 1438 1443 1437
591 44 592 45
472 1528 473 1527
1543 580 1544 581
12 1645 13 1646
178 866 179 865
1270 534 1271 533
1755 1400 1756 1399
219 1916 220 1915
1141 217 1142 218
1517 398 1518 397
1400 544 1401 545
605 1850 606 1851
500 1851 501 1850
1296 703 1297 704
1296 112 1297 111
519 743 520 742
975 1126 976 1125
794 1113 795 1112
1389 862 1390 861
1396 765 1397 764
1606 543 1607 542
1040 360 1041 359
980 1400 981 1399
178 173 179 174
1449 1418 1450 1417
1249 947 1250 948
1848 1489 1849 1488
1917 1430 1918 1431
1362 1680 1363 1679
1005 1488 1006 1489
593 1753 594 1754
1454 417 1455 416
396 215 397 216
933 818 934 819
636 1228 637 1229
1951 1578 1952 1579
324 948 325 949
1449 1186 1450 1187
10 815 11 814
1110 561 1111 560
1868 1594 1869 1595
1933 621 1934 620
67 1959 68 1960
455 758 456 757
1483 687 1484 686
1063 1117 1064 1116
229 576 230 575
1209 267 1210 266
226 951 227 952
736 266 737 265
1196 704 1197 705
226 844 227 845
420 1314 421 1313
1566 1297 1567 1296
1236 403 1237 404
1141 1578 1142 1579
441 1917 442 1918
789 1106 790 1107
107 62 108 61
1141 1171 1142 1172
1946 1353 1947 1352
1229 183 1230 184
860 1159 861 1160
1057 1883 1058 1882
278 101 279 102
1270 1830 1271 1831
132 495 133 494
1259 115 1260 116
140 557 141 556
1163 1305 1164 1306
913 427 914 426
1310 1120 1311 1119
766 1474 767 1473
396 394 397 393
387 1072 388 1071
5 1203 6 1204
1566 576 1567 575
1231 1193 1232 1192
594 908 595 907
645 647 646 648
1115 1527 1116 1528
1094 916 1095 915
543 180 544 181
224 1783 225 1784
1435 1744 1436 1745
1110 1484 1111 1485
1171 1776 1172 1777
711 479 712 478
70 1165 71 1164
1432 580 1433 581
788 1140 789 1139
598 251 599 250
420 811 421 810
1946 392 1947 391
743 1284 744 1285
495 681 496 680
1084 191 1085 192
532 1462 533 1463
1955 104 1956 103
1522 41 1523 40
1056 969 1057 968
1724 494 1725 495
353 80 354 81
1806 705 1807 704
923 1991 924 1992
1419 609 1420 608
440 1953 441 1952
616 1751 617 1752
1357 1826 1358 1827
227 764 228 763
1806 1770 1807 1771
737 1431 738 1430
387 360 388 361
393 291 394 290
1133 83 1134 84
772 582 773 583
812 1554 813 1555
650 1111 651 1110
1802 1889 1803 1888
1917 1026 1918 1025
931 1348 932 1349
1680 99 1681 98
849 1752 850 1751
903 727 904 726
1488 1186 1489 1185
1399 1247 1400 1246
1218 1605 1219 1604
545 1834 546 1833
1120 814 1121 815
512 478 513 477
636 408 637 407
528 1108 529 1107
992 825 993 824
84 1098 85 1097
743 767 744 766
1357 1745 1358 1744
447 45 448 44
903 59 904 58
1463 419 1464 420
1357 661 1358 662
125 1229 126 1230
1593 838 1594 837
1162 944 1163 943
286 490 287 491
868 891 869 890
1639 1003 1640 1004
985 791 986 792
1005 52 1006 53
60 641 61 640
556 60 557 59
1521 1139 1522 1140
535 1837 536 1838
1077 1837 1078 1838
1605 1946 1606 1947
1171 495 1172 494
1943 498 1944 499
1454 853 1455 854
1050 204 1051 203
1176 1462 1177 1463
1219 1483 1220 1484
147 1456 148 1457
597 453 598 454
1876 654 1877 653
705 1235 706 1234
940 158 941 157
1670 1426 1671 1427
812 1792 813 1791
1569 6 1570 5
1583 557 1584 556
283 300 284 299
21 5 22 6
16 1761 17 1762
1435 324 1436 323
320 593 321 592
1453 743 1454 742
105 311 106 310
1333 1857 1334 1858
1917 991 1918 992
1270 1461 1271 1462
474 553 475 554
359 60 360 59
1917 1627 1918 1626
361 284 362 285
665 815 666 814
1814 1918 1815 1917
995 1875 996 1876
1085 966 1086 965
1808 149 1809 150
1980 951 1981 952
1825 668 1826 667
1290 548 1291 549
1108 574 1109 575
1917 704 1918 705
447 1582 448 1581
593 62 594 63
659 1823 660 1824
784 640 785 641
1938 856 1939 855
474 407 475 408
1640 1391 1641 1392
252 45 253 44
594 760 595 759
1362 829 1363 830
622 1285 623 1284
1964 923 1965 924
1400 1745 1401 1746
1789 1758 1790 1759
1165 1646 1166 1645
1170 618 1171 617
740 814 741 815
1524 341 1525 340
1806 1649 1807 1648
1325 133 1326 134
1498 701 1499 702
1087 1807 1088 1806
1097 1123 1098 1122
252 581 253 580
989 74 990 75
320 427 321 426
1477 1458 1478 1457
30 1755 31 1756
24 1518 25 1517
1108 829 1109 830
570 1462 571 1461
1876 23 1877 22
140 1098 141 1097
1678 1704 1679 1703
4 958 5 957
1413 1447 1414 1448
1524 1835 1525 1836
1063 1973 1064 1972
1891 743 1892 742
103 1791 104 1792
471 758 472 757
1997 957 1998 956
1534 549 1535 548
1274 1501 1275 1502
1980 1042 1981 1043
1013 1408 1014 1409
392 7 393 8
950 609 951 608
12 837 13 836
353 908 354 907
1791 896 1792 897
1140 1427 1141 1426
1615 1429 1616 1428
1707 728 1708 729
915 215 916 214
1969 1983 1970 1982
434 1029 435 1028
1997 777 1998 776
45 987 46 986
1640 1478 1641 1477
1477 101 1478 102
593 158 594 159
504 392 505 391
1902 687 1903 686
1419 359 1420 360
313 1477 314 1478
1810 1622 1811 1623
1061 427 1062 426
455 1839 456 1838
1274 1290 1275 1289
131 1745 132 1744
88 255 89 254
1094 1759 1095 1758
57 761 58 762
1310 1126 1311 1125
788 1345 789 1344
1370 478 1371 477
407 1862 408 1861
903 1025 904 1026
872 1423 873 1424
1005 941 1006 940
1914 1138 1915 1137
1432 1489 1433 1488
849 1068 850 1069
594 1564 595 1565
629 398 630 397
816 850 817 849
1738 770 1739 771
219 181 220 180
989 1592 990 1593
407 840 408 841
1982 904 1983 903
249 852 250 851
1249 824 1250 825
1005 78 1006 77
132 1643 133 1642
904 215 905 214
1211 1072 1212 1071
923 1396 924 1395
1510 69 1511 70
683 1026 684 1027
1009 552 1010 553
1050 1077 1051 1078
940 1759 941 1758
519 1622 520 1623
1246 1251 1247 1250
732 219 733 218
1077 799 1078 800
1755 1996 1756 1995
564 1502 565 1501
50 943 51 942
1435 1656 1436 1657
916 268 917 269
1724 764 1725 763
776 136 777 137
338 634 339 633
1941 947 1942 946
1792 811 1793 810
1783 1020 1784 1019
1432 404 1433 403
1488 1887 1489 1888
1131 1288 1132 1287
1297 141 1298 142
569 701 570 702
226 1489 227 1488
1546 468 1547 469
711 633 712 634
1179 1528 1180 1527
320 1513 321 1512
805 1789 806 1790
1506 1489 1507 1488
44 119 45 120
857 80 858 81
1873 326 1874 325
1131 1520 1132 1521
170 1136 171 1137
1477 1183 1478 1182
44 74 45 75
1864 1726 1865 1727
564 1278 565 1277
1649 1871 1650 1870
424 552 425 551
965 608 966 609
560 1122 561 1123
670 1979 671 1980
1701 19 1702 18
923 1765 924 1766
1872 1649 1873 1648
1806 138 1807 139
149 100 150 101
1820 1744 1821 1745
1446 603 1447 602
1488 576 1489 575
88 495 89 494
88 814 89 815
145 401 146 400
546 1897 547 1896
1047 1078 1048 1079
1537 949 1538 948
1274 359 1275 360
794 100 795 99
1933 1592 1934 1593
916 1688 917 1687
387 191 388 192
1084 833 1085 832
544 1582 545 1583
624 1803 625 1804
1149 1501 1150 1500
1817 419 1818 420
1081 712 1082 713
1938 388 1939 389
766 1211 767 1212
745 1353 746 1352
1254 405 1255 404
609 1594 610 1595
1816 566 1817 565
594 469 595 468
758 592 759 593
412 855 413 854
609 473 610 472
1087 845 1088 844
1110 1052 1111 1053
813 93 814 94
648 1387 649 1388
556 1651 557 1652
1337 171 1338 172
916 1385 917 1386
1872 1391 1873 1392
1849 593 1850 592
1506 1429 1507 1430
1325 672 1326 673
947 1728 948 1727
320 1833 321 1832
1874 943 1875 942
807 512 808 511
927 1078 928 1079
175 1382 176 1383
574 1847 575 1846
605 758 606 757
1895 930 1896 929
1213 425 1214 424
116 1229 117 1230
1587 1280 1588 1281
448 1651 449 1650
1890 1491 1891 1490
747 525 748 524
1171 1730 1172 1731
1259 1397 1260 1396
1000 1578 1001 1579
1083 1692 1084 1691
1032 585 1033 586
1587 1170 1588 1171
1005 757 1006 756
219 35 220 34
1923 1113 1924 1114
1970 389 1971 388
845 1992 846 1991
1802 1020 1803 1019
1476 1851 1477 1852
774 926 775 925
1087 1458 1088 1457
1980 969 1981 968
1083 1260 1084 1261
1692 835 1693 834
1860 494 1861 495
1570 77 1571 78
180 1103 181 1102
1003 1454 1004 1453
1890 838 1891 837
1004 1578 1005 1579
1449 34 1450 35
479 1593 480 1592
195 1922 196 1921
84 1020 85 1021
1442 1473 1443 1474
1057 865 1058 866
794 930 795 929
1059 375 1060 374
1110 576 1111 575
1298 1878 1299 1877
199 957 200 956
354 993 355 992
246 1881 247 1882
587 926 588 925
1739 392 1740 393
319 583 320 582
1231 1477 1232 1478
1997 627 1998 628
84 925 85 926
685 279 686 280
183 845 184 844
84 1696 85 1697
915 1874 916 1875
1922 1623 1923 1622
1483 69 1484 70
923 1313 924 1314
495 1027 496 1026
1362 568 1363 567
742 1085 743 1084
1193 525 1194 524
655 1600 656 1599
1202 226 1203 227
110 412 111 413
45 963 46 962
1897 1186 1898 1187
1047 1472 1048 1473
1193 99 1194 98
1510 445 1511 446
512 137 513 136
105 1484 106 1485
1307 1523 1308 1524
1084 533 1085 534
1922 1940 1923 1939
1056 310 1057 311
1366 478 1367 479
1842 1837 1843 1838
1109 1917 1110 1918
1257 215 1258 214
1285 45 1286 44
13 1430 14 1431
372 1985 373 1986
455 1348 456 1349
1000 1229 1001 1230
149 2 150 3
361 1160 362 1159
470 112 471 111
29 1003 30 1002
1073 692 1074 691
1914 255 1915 254
1833 1465 1834 1464
1769 1771 1770 1772
131 549 132 548
1416 1025 1417 1026
868 1838 869 1837
1783 1513 1784 1512
1176 1405 1177 1406
132 1270 133 1271
1928 813 1929 814
1058 1112 1059 1113
1249 1916 1250 1915
900 1604 901 1603
1162 853 1163 854
80 310 81 311
1741 1728 1742 1727
353 370 354 371
1863 497 1864 496
447 511 448 512
176 1986 177 1985
705 861 706 862
388 1214 389 1215
1000 1921 1001 1922
553 265 554 266
279 1136 280 1135
147 1839 148 1838
1997 798 1998 797
593 180 594 181
1587 1567 1588 1566
544 1409 545 1408
1891 1583 1892 1582
300 1067 301 1068
202 957 203 956
1290 1691 1291 1690
1138 157 1139 158
211 1133 212 1132
60 417 61 416
950 830 951 829
1435 1465 1436 1464
373 1042 374 1043
144 835 145 834
131 375 132 374
229 1638 230 1637
1694 1877 1695 1878
1400 1745 1401 1744
1439 1890 1440 1891
981 701 982 702
743 99 744 98
1787 1287 1788 1288
1087 1756 1088 1757
1320 1457 1321 1458
990 1438 991 1437
569 1079 570 1078
183 391 184 390
1204 814 1205 813
248 546 249 545
1923 1638 1924 1637
669 1096 670 1097
975 407 976 408
1058 191 1059 190
1056 1157 1057 1158
891 192 892 191
1493 101 1494 102
286 1211 287 1212
856 1286 857 1285
976 841 977 840
1793 1589 1794 1590
1789 183 1790 184
560 1875 561 1876
1296 1259 1297 1260
1306 1756 1307 1757
1692 835 1693 834
593 1001 594 1002
1095 1397 1096 1396
1640 850 1641 849
1569 727 1570 726
1218 1746 1219 1747
1754 1648 1755 1649
569 260 570 261
682 853 683 854
1120 1789 1121 1790
1487 1774 1488 1773
1997 1838 1998 1839
229 1043 230 1042
1458 957 1459 956
519 1472 520 1473
1453 1078 1454 1079
320 261 321 260
338 634 339 633
1745 1257 1746 1256
655 777 656 776
1357 1703 1358 1704
1219 428 1220 429
1453 41 1454 42
736 1043 737 1042
1213 1524 1214 1523
1084 1322 1085 1321
1388 163 1389 162
249 1854 250 1853
691 1731 692 1730
1213 931 1214 930
1050 1515 1051 1514
1226 837 1227 836
1898 1642 1899 1643
515 609 516 608
1678 1986 1679 1985
1059 1146 1060 1145
1849 797 1850 798
585 1136 586 1137
468 1791 469 1792
1943 835 1944 836
125 1578 126 1579
665 1484 666 1485
178 1228 179 1229
1063 45 1064 44
1259 53 1260 52
1709 1528 1710 1527
198 1400 199 1399
1416 1714 1417 1715
130 750 131 751
60 59 61 60
1415 750 1416 751
131 849 132 850
734 1887 735 1888
179 1136 180 1135
110 747 111 746
1389 965 1390 966
13 957 14 956
793 904 794 905
1672 1754 1673 1753
1097 1211 1098 1212
903 1062 904 1061
1933 956 1934 957
574 158 575 157
682 1428 683 1427
20 1652 21 1653
484 842 485 841
78 1872 79 1871
1724 1710 1725 1711
1306 1186 1307 1187
132 799 133 800
1842 1448 1843 1447
1012 1377 1013 1376
1420 293 1421 292
1868 388 1869 389
807 745 808 746
16 767 17 766
860 63 861 62
1614 1278 1615 1277
1701 1259 1702 1260
655 1260 656 1259
886 1756 887 1755
1895 1761 1896 1762
1128 1129 1129 1128
913 1377 914 1378
1211 1514 1212 1515
9 1804 10 1803
1362 1461 1363 1462
1488 1891 1489 1890
594 1496 595 1497
57 1289 58 1290
535 1986 536 1985
1543 923 1544 924
1922 1838 1923 1839
585 762 586 761
1443 1033 1444 1034
781 1751 782 1752
1133 100 1134 101
593 1650 594 1651
322 1439 323 1438
743 1257 744 1256
18 1270 19 1269
654 627 655 628
167 1182 168 1183
1004 557 1005 556
1898 1146 1899 1145
776 834 777 835
875 1757 876 1756
622 1399 623 1400
1881 815 1882 814
789 1744 790 1745
1198 371 1199 370
1438 1434 1439 1433
140 223 141 224
338 590 339 589
88 724 89 725
1218 35 1219 34
1413 1118 1414 1117
471 737 472 736
1193 1348 1194 1349
947 473 948 474
171 249 172 248
1211 359 1212 360
278 1832 279 1833
990 1746 991 1745
1841 1555 1842 1556
87 1329 88 1330
1845 1171 1846 1170
743 1882 744 1883
1928 1215 1929 1214
1093 588 1094 589
482 1251 483 1252
1923 1173 1924 1172
317 1896 318 1897
170 1600 171 1599
772 84 773 83
1674 692 1675 691
1739 964 1740 963
740 503 741 502
815 1430 816 1431
1190 687 1191 686
135 1468 136 1467
1170 1377 1171 1378
816 1454 817 1453
12 1125 13 1126
802 1489 803 1488
1389 1424 1390 1423
1453 619 1454 620
560 1172 561 1173
312 1918 313 1917
1895 352 1896 351
244 160 245 159
556 1033 557 1034
598 1807 599 1806
252 862 253 861
1274 919 1275 920
1275 1072 1276 1071
1472 1418 1473 1417
1692 1271 1693 1270
1368 892 1369 893
1872 1205 1873 1204
1050 35 1051 34
1903 1578 1904 1579
1249 580 1250 581
1341 1995 1342 1996
307 285 308 284
1165 235 1166 236
1395 887 1396 888
369 1124 370 1123
1232 32 1233 31
593 1881 594 1882
1874 1123 1875 1122
1453 177 1454 176
745 946 746 947
556 340 557 341
1701 584 1702 583
1723 831 1724 832
1709 1878 1710 1877
1021 1850 1022 1851
1073 1789 1074 1790
1587 1478 1588 1477
1419 1564 1420 1565
1964 1989 1965 1990
664 519 665 520
605 1002 606 1001
1938 1462 1939 1461
362 1964 363 1965
1974 1429 1975 1430
667 636 668 635
1253 1939 1254 1940
1231 1657 1232 1656
396 1872 397 1873
927 810 928 811
21 67 22 66
1856 640 1857 641
1061 1484 1062 1483
1895 81 1896 80
227 423 228 424
1056 1157 1057 1158
1922 641 1923 640
10 180 11 181
1899 190 1900 191
360 192 361 193
1408 494 1409 495
1943 1985 1944 1986
1832 908 1833 907
1416 479 1417 480
455 1584 456 1585
1366 1679 1367 1680
1436 756 1437 757
856 225 857 224
557 808 558 807
57 1584 58 1585
1249 199 1250 198
1246 757 1247 756
1333 173 1334 172
1004 1874 1005 1873
275 1873 276 1872
1507 203 1508 204
648 1873 649 1874
1866 1858 1867 1857
1217 814 1218 813
1419 1171 1420 1172
1253 1228 1254 1229
1806 705 1807 704
43 851 44 852
1138 183 1139 184
691 653 692 654
2000 1999 2000
947 1612 948 1613
77 1171 78 1170
803 112 804 111
576 482 577 483
1264 782 1265 783
1918 992 1919 991
1645 169 1646 168
741 980 742 979
163 54 164 53
1929 1820 1930 1819
1764 384 1765 383
794 1362 795 1363
1686 1351 1687 1350
82 670 83 671
1962 1875 1963 1876
1962 117 1963 118
1711 1205 1712 1206
1134 773 1135 772
1627 1363 1628 1362
539 1036 540 1035
1124 46 1125 47
841 577 842 578
699 1864 700 1865
977 586 978 587
1314 79 1315 80
432 922 433 923
660 1912 661 1913
1137 904 1138 905
70 708 71 709
1092 1658 1093 1659
1588 92 1589 91
75 1036 76 1035
263 385 264 386
1004 1902 1005 1901
1631 1491 1632 1490
1516 488 1517 487
150 1918 151 1917
1992 181 1993 180
1200 164 1201 165
1576 181 1577 180
742 1034 743 1035
1962 1821 1963 1822
1156 1530 1157 1531
671 1171 672 1170
1097 1862 1098 1861
699 1768 700 1769
433 1835 434 1834
1784 1502 1785 1503
431 1501 432 1502
1235 515 1236 516
1743 1029 1744 1028
376 305 377 304
1356 1918 1357 1917
1156 1021 1157 1020
660 1278 661 1277
783 1704 784 1703
1026 37 1027 38
954 1209 955 1210
1145 642 1146 641
1066 1834 1067 1833
271 1810 272 1809
526 631 527 632
1375 144 1376 145
1785 1725 1786 1724
667 485 668 486
527 152 528 153
47 1115 48 1114
1484 427 1485 428
1860 548 1861 549
1460 1117 1461 1116
1609 867 1610 868
86 1724 87 1723
1280 368 1281 369
803 1441 804 1442
1091 1282 1092 1281
1631 1408 1632 1409
363 1130 364 1131
1137 1437 1138 1436
712 1549 713 1550
803 1659 804 1658
822 709 823 708
990 558 991 559
1314 1061 1315 1062
341 1204 342 1205
48 1433 49 1432
1692 714 1693 713
1154 651 1155 650
1990 1529 1991 1528
780 42 781 41
224 1408 225 1409
647 1508 648 1509
1154 155 1155 156
332 1062 333 1061
332 1622 333 1623
1510 545 1511 546
6 353 7 352
1536 135 1537 134
1766 1295 1767 1294
966 194 967 193
1726 234 1727 235
46 1712 47 1711
112 1883 113 1882
553 1400 554 1399
1134 686 1135 687
20 1725 21 1726
1466 1432 1467 1433
557 1865 558 1864
818 305 819 304
1954 586 1955 587
1887 1088 1888 1087
1686 1565 1687 1564
431 1213 432 1214
1528 719 1529 718
1178 1396 1179 1397
1912 1091 1913 1090
1202 624 1203 625
523 537 524 538
1566 1038 1567 1039
186 1213 187 1212
1923 1511 1924 1512
729 135 730 134
102 1837 103 1838
91 1339 92 1340
199 1750 200 1751
1631 530 1632 529
1644 380 1645 381
63 851 64 852
871 1366 872 1367
1500 1704 1501 1703
1573 1599 1574 1600
661 1038 662 1037
1122 1362 1123 1363
1989 1350 1990 1351
1124 1365 1125 1364
1962 111 1963 110
839 854 840 855
263 1432 264 1433
1272 516 1273 515
299 980 300 979
629 1070 630 1069
1855 1628 1856 1629
1038 1630 1039 1629
803 1201 804 1202
1902 1727 1903 1728
948 974 949 973
353 759 354 758
660 1604 661 1603
1990 719 1991 718
1846 1069 1847 1068
207 1485 208 1486
1008 1131 1009 1130
85 1295 86 1296
1763 851 1764 852
759 1106 760 1107
86 1912 87 1913
699 1046 700 1045
1057 231 1058 230
1141 592 1142 591
207 758 208 759
367 1743 368 1744
1104 483 1105 482
234 126 235 125
1407 51 1408 52
1716 1421 1717 1422
1 719 2 720
296 1913 297 1912
1304 1143 1305 1142
1301 642 1302 641
343 839 344 838
1028 487 1029 486
1855 1314 1856 1313
1502 1360 1503 1359
462 237 463 236
322 115 323 116
849 346 850 345
115 1794 116 1795
1845 757 1846 758
440 1178 441 1179
1365 751 1366 752
1296 852 1297 853
1858 1209 1859 1210
1631 1972 1632 1971
435 1555 436 1556
1559 798 1560 797
1645 484 1646 483
877 1202 878 1201
1506 1247 1507 1246
1998 1857 1999 1856
741 751 742 752
77 1288 78 1287
997 1137 998 1136
1104 1450 1105 1449
522 629 523 630
1500 707 1501 708
63 1709 64 1710
803 1983 804 1982
754 1908 755 1907
1866 1791 1867 1792
1353 1210 1354 1211
661 1201 662 1202
710 615 711 614
1285 1377 1286 1378
1388 190 1389 191
180 1567 181 1566
340 290 341 291
210 855 211 854
876 1266 877 1267
920 718 921 719
623 811 624 812
391 1361 392 1360
465 1974 466 1973
912 554 913 555
16 146 17 145
1054 1787 1055 1788
1604 63 1605 62
45 1486 46 1485
1853 711 1854 710
722 444 723 445
1402 1790 1403 1791
1038 88 1039 87
406 1201 407 1202
1317 491 1318 492
747 1531 748 1530
1138 859 1139 860
1745 587 1746 586
874 239 875 238
215 168 216 169
410 710 411 711
103 1183 104 1182
1178 861 1179 862
394 1788 395 1789
778 669 779 670
1573 338 1574 339
1272 1705 1273 1706
1238 652 1239 651
527 1444 528 1445
432 1994 433 1995
694 1212 695 1213
883 1606 884 1607
843 905 844 904
1304 429 1305 430
1553 917 1554 918
1824 379 1825 378
490 609 491 608
139 1280 140 1279
1304 984 1305 983
1227 1077 1228 1078
1905 234 1906 235
1623 267 1624 266
316 1836 317 1837
1631 516 1632 515
620 441 621 442
151 1179 152 1178
1614 1872 1615 1873
186 1503 187 1504
1610 368 1611 369
525 1213 526 1214
1915 1757 1916 1756
1780 1481 1781 1480
1403 1596 1404 1597
1008 868 1009 869
782 1256 783 1255
151 169 152 168
1906 515 1907 516
19 343 20 342
1792 508 1793 507
1531 1434 1532 1435
803 332 804 333
992 885 993 884
1506 148 1507 147
1474 1314 1475 1313
932 650 933 651
1019 232 1020 231
661 25 662 24
1259 438 1260 439
181 437 182 436
1057 1997 1058 1998
539 1711 540 1712
1492 1182 1493 1183
681 146 682 147
1763 1825 1764 1824
1514 133 1515 132
146 710 147 709
557 747 558 746
960 1414 961 1413
942 671 943 670
1104 657 1105 658
583 14 584 15
977 1926 978 1925
1513 1956 1514 1955
1769 902 1770 903
499 483 500 484
61 1982 62 1981
588 1503 589 1502
1007 1712 1008 1711
1158 1781 1159 1782
1221 202 1222 201
436 1404 437 1403
455 1074 456 1073
912 902 913 901
1457 495 1458 494
186 945 187 946
533 436 534 437
106 994 107 993
1179 929 1180 928
397 16 398 15
1703 922 1704 923
1140 1438 1141 1439
233 1432 234 1433
1250 789 1251 790
1589 1486 1590 1487
1962 1137 1963 1136
1183 622 1184 623
678 1795 679 1794
1986 902 1987 901
316 1527 317 1526
954 84 955 85
1626 1486 1627 1485
1355 45 1356 44
742 1228 743 1229
916 1084 917 1085
1142 1527 1143 1526
1553 1957 1554 1956
376 906 377 905
16 868 17 867
1874 746 1875 747
1296 1526 1297 1527
1884 1644 1885 1645
1368 596 1369 595
1954 852 1955 853
871 868 872 869
1473 1379 1474 1380
457 386 458 385
937 305 938 304
266 1253 267 1252
1200 1511 1201 1510
732 194 733 193
528 1280 529 1279
440 1974 441 1973
1691 978 1692 979
57 32 58 33
111 494 112 495
826 1157 827 1158
1092 1100 1093 1099
1008 935 1009 934
115 928 116 929
1586 679 1587 680
1691 1739 1692 1740
1722 1647 1723 1646
746 735 747 736
353 978 354 979
1565 357 1566 358
1645 1412 1646 1411
647 1600 648 1599
1785 1066 1786 1065
1763 804 1764 803
42 1537 43 1536
746 1795 747 1794
1631 1626 1632 1627
823 1963 824 1964
1104 1796 1105 1797
1407 1038 1408 1039
80 1246 81 1247
106 341 107 340
1723 1028 1724 1029
365 1613 366 1612
600 270 601 269
1726 692 1727 693
1982 1597 1983 1596
151 1297 152 1296
1812 1266 1813 1265
376 1979 377 1980
1091 1630 1092 1629
822 1273 823 1272
1784 889 1785 890
864 1925 865 1924
1429 954 1430 955
1351 1450 1352 1449
522 1230 523 1231
1940 421 1941 422
931 808 932 809
1437 604 1438 605
1490 372 1491 373
1763 1277 1764 1278
435 1882 436 1883
1473 1362 1474 1363
1425 1104 1426 1105
1104 1277 1105 1276
1402 1439 1403 1438
63 313 64 314
257 437 258 436
322 1627 323 1628
1170 900 1171 899
1912 1419 1913 1420
758 231 759 230
1803 809 1804 810
503 847 504 846
960 641 961 642
1743 1894 1744 1893
1007 747 1008 746
560 130 561 129
539 53 540 54
1992 1417 1993 1416
1769 1008 1770 1009
70 1488 71 1489
1861 11 1862 10
1717 305 1718 304
170 1726 171 1725
1137 1437 1138 1436
1826 1219 1827 1218
867 1567 868 1566
1983 106 1984 105
1553 1840 1554 1841
1860 1450 1861 1451
1060 161 1061 162
868 1429 869 1430
1905 1888 1906 1889
365 458 366 459
159 1504 160 1503
1356 312 1357 311
720 546 721 545
350 662 351 661
1587 1710 1588 1709
1780 64 1781 65
376 16 377 15
75 144 76 145
1773 1341 1774 1342
1007 651 1008 650
780 1295 781 1296
1703 546 1704 545
1962 652 1963 651
246 823 247 822
1178 1213 1179 1214
1586 549 1587 548
796 928 797 929
651 1256 652 1255
883 1579 884 1578
1217 1600 1218 1599
354 1650 355 1649
1484 586 1485 585
1880 1036 1881 1035
876 915 877 916
694 711 695 710
1614 165 1615 164
401 1809 402 1810
1375 1276 1376 1277
142 169 143 168
181 1837 182 1836
408 1354 409 1353
1280 1345 1281 1344
533 917 534 918
1342 767 1343 766
1322 1627 1323 1628
618 459 619 458
1357 53 1358 54
312 362 313 361
839 683 840 684
1484 1925 1485 1924
200 757 201 756
397 1858 398 1859
1311 752 1312 751
1238 735 1239 736
1350 1596 1351 1597
821 1781 822 1780
821 817 822 818
1402 1073 1403 1074
1058 1706 1059 1705
1850 507 1851 508
1303 341 1304 340
1474 88 1475 87
1967 692 1968 693
1484 898 1485 897
1005 146 1006 147
1717 632 1718 631
1589 1740 1590 1739
553 694 554 693
1480 1246 1481 1247
163 195 164 196
783 1013 784 1012
1793 867 1794 868
1782 1330 1783 1329
1178 1833 1179 1832
1069 1025 1070 1024
1163 508 1164 509
681 1353 682 1354
732 571 733 572
200 926 201 925
1409 637 1410 638
993 1182 994 1183
435 1170 436 1171
1322 1211 1323 1210
1466 822 1467 823
947 1216 948 1217
151 1716 152 1715
1304 1445 1305 1444
1177 1396 1178 1397
539 1791 540 1790
1874 196 1875 195
960 890 961 889
73 1069 74 1070
1414 316 1415 317
1785 666 1786 667
1351 1744 1352 1743
23 34 24 33
877 637 878 638
1881 1983 1882 1982
199 1213 200 1214
1026 48 1027 47
1861 1787 1862 1788
679 1878 680 1877
365 765 366 764
492 1079 493 1080
266 345 267 346
1706 14 1707 15
470 429 471 428
1682 1304 1683 1305
732 382 733 381
1524 467 1525 468
848 128 849 127
560 45 561 44
1764 92 1765 91
1473 348 1474 349
823 85 824 84
1122 210 1123 211
1091 1038 1092 1039
1808 426 1809 425
647 871 648 870
378 1974 379 1973
1902 1834 1903 1835
363 1534 364 1535
1709 1154 1710 1153
844 487 845 488
778 605 779 604
913 1009 914 1010
990 267 991 268
1901 976 1902 975
826 210 827 211
1344 109 1345 110
1154 342 1155 343
1824 596 1825 595
748 1449 749 1448
908 1208 909 1207
250 670 251 671
275 1267 276 1266
1566 1170 1567 1171
688 202 689 201
1142 267 1143 266
461 538 462 537
1918 239 1919 238
2 596 3 597
600 1658 601 1659
401 913 402 912
775 592 776 591
907 345 908 346
1221 964 1222 963
1967 854 1968 855
106 1276 107 1277
1092 1930 1093 1931
186 891 187 892
651 1931 652 1930
862 1271 863 1270
1304 1797 1305 1796
1880 1295 1881 1294
1304 91 1305 92
1986 988 1987 987
1204 1998 1205 1997
1179 1607 1180 1606
639 703 640 704
271 905 272 904
1073 717 1074 716
1437 1768 1438 1769
1685 1047 1686 1048
180 500 181 501
833 1339 834 1340
252 1364 253 1365
731 32 732 33
1769 585 1770 586
1238 1276 1239 1277
1884 861 1885 862
1304 1226 1305 1225
455 1821 456 1822
1954 311 1955 312
1154 1427 1155 1426
42 152 43 153
823 577 824 578
667 77 668 78
1945 1629 1946 1630
1028 139 1029 138
151 304 152 305
70 1396 71 1397
77 516 78 515
1782 1422 1783 1421
1365 1146 1366 1147
950 1049 951 1048
1473 1020 1474 1021
1893 1414 1894 1413
1340 1477 1341 1478
738 1612 739 1611
462 238 463 239
1091 721 1092 720
1066 1902 1067 1901
150 853 151 852
1179 742 1180 743
1402 1150 1403 1149
1820 1659 1821 1658
1072 670 1073 669
1513 596 1514 595
1216 649 1217 650
192 399 193 400
1368 1626 1369 1627
1177 132 1178 131
704 1612 705 1613
647 147 648 146
54 236 55 237
406 1099 407 1100
742 1626 743 1627
1513 106 1514 105
1516 640 1517 641
599 1645 600 1644
1183 1646 1184 1647
663 1819 664 1820
402 651 403 650
1844 91 1845 92
796 918 797 919
1604 1057 1605 1056
623 458 624 459
1252 1017 1253 1016
146 662 147 661
332 922 333 923
992 1744 993 1743
1081 686 1082 687
907 386 908 385
1723 794 1724 793
1437 1020 1438 1021
940 1359 941 1360
515 1002 516 1003
647 1894 648 1895
350 851 351 852
1724 1797 1725 1796
199 1246 200 1247
904 92 905 91
671 1599 672 1600
1322 352 1323 353
590 301 591 300
207 1311 208 1310
318 1629 319 1630
16 1824 17 1825
1564 1604 1565 1603
1546 1963 1547 1964
705 1131 706 1130
1691 1700 1692 1701
679 1439 680 1438
63 751 64 752
546 903 547 902
1845 849 1846 848
350 54 351 53
1156 917 1157 916
146 342 147 343
1971 1931 1972 1930
340 682 341 683
1026 1353 1027 1354
965 883 966 884
108 1517 109 1516
881 1448 882 1449
1037 106 1038 107
1745 890 1746 889
599 797 600 798
1618 1441 1619 1442
408 38 409 37
1644 169 1645 168
1170 1005 1171 1004
1285 625 1286 624
397 1724 398 1723
1760 1564 1761 1565
1113 1294 1114 1293
1766 1791 1767 1792
544 1751 545 1750
956 843 957 842
1595 1091 1596 1090
585 1536 586 1537
585 964 586 963
435 95 436 96
57 1918 58 1917
940 16 941 15
358 239 359 238
501 1202 502 1203
1371 181 1372 180
848 60 849 59
660 1360 661 1361
1145 1490 1146 1491
676 576 677 575
778 1579 779 1578
1878 1808 1879 1807
1983 1421 1984 1422
1906 973 1907 974
1880 1354 1881 1353
52 1001 53 1000
928 25 929 24
618 1595 619 1594
1860 1704 1861 1703
271 934 272 935
1824 698 1825 697
435 1377 436 1376
1301 111 1302 112
1304 1761 1305 1760
1860 1397 1861 1396
6 1133 7 1132
1776 1679 1777 1680
823 1253 824 1252
841 904 842 905
907 1153 908 1154
843 1252 844 1253
528 1252 529 1253
731 1211 732 1210
853 1277 854 1278
1026 62 1027 63
135 1537 136 1536
871 260 872 261
1511 653 1512 654
16 868 17 867
166 1375 167 1376
1154 1048 1155 1049
1874 1414 1875 1415
775 661 776 662
1301 333 1302 332
1124 1296 1125 1295
96 1161 97 1162
527 892 528 891
999 1295 1000 1296
1221 1881 1222 1880
1402 1503 1403 1502
854 476 855 475
1342 1546 1343 1545
444 309 445 310
207 1964 208 1963
1021 924 1022 923
1987 18 1988 17
523 940 524 939
997 128 998 127
75 1680 76 1681
1138 1992 1139 1993
853 1597 854 1596
1403 891 1404 892
583 1680 584 1681
233 139 234 138
1881 1450 1882 1451
1285 222 1286 221
956 1908 957 1907
215 1331 216 1330
1940 1261 1941 1262
19 1680 20 1679
583 650 584 651
455 1596 456 1597
115 1675 116 1674
1272 268 1273 267
1595 956 1596 957
1508 1225 1509 1226
1484 1441 1485 1442
1827 322 1828 321
1402 342 1403 343
46 935 47 934
1924 983 1925 984
965 479 966 478
123 956 124 957
1342 1536 1343 1537
1740 1788 1741 1787
1764 152 1765 153
1971 940 1972 939
533 1236 534 1237
758 1024 759 1025
1011 818 1012 817
340 521 341 522
528 1344 529 1345
1429 11 1430 10
1368 1626 1369 1627
19 1213 20 1214
75 471 76 472
1717 1074 1718 1073
1259 1508 1260 1509
1079 1892 1080 1893
1314 923 1315 922
1553 1941 1554 1942
1264 1754 1265 1755
1732 726 1733 725
1066 1834 1067 1833
1252 1724 1253 1723
1879 208 1880 207
699 474 700 473
1085 1346 1086 1347
867 604 868 605
1940 1414 1941 1413
1177 24 1178 25
1889 494 1890 493
826 1595 827 1594
1529 183 1530 184
271 1367 272 1366
1609 1627 1610 1628
1356 870 1357 871
365 270 366 271
1 24 2 25
218 1328 219 1329
1927 135 1928 134
1644 1972 1645 1971
457 1918 458 1917
778 312 779 311
1967 1411 1968 1412
1510 1411 1511 1412
1221 291 1222 290
1808 1028 1809 1029
98 964 99 963
899 781 900 780
1603 304 1604 305
151 1577 152 1578
786 604 787 605
1760 1925 1761 1924
1344 1993 1345 1994
1466 955 1467 954
816 233 817 234
966 1056 967 1057
378 717 379 716
1594 1356 1595 1355
1158 649 1159 650
917 824 918 823
376 1528 377 1529
1609 106 1610 105
91 1271 92 1270
123 1851 124 1852
105 133 106 132
1564 1567 1565 1566
1874 1295 1875 1294
395 1326 396 1325
296 1510 297 1511
19 822 20 823
1750 1488 1751 1489
522 135 523 134
1154 1919 1155 1920
1148 1998 1149 1997
1245 1307 1246 1306
1414 1607 1415 1606
997 191 998 190
775 1399 776 1400
1272 52 1273 51
1371 374 1372 375
1399 1445 1400 1444
80 1624 81 1623
1792 25 1793 24
1907 1600 1908 1599
1639 719 1640 718
602 516 603 515
651 1968 652 1967
940 153 941 152
758 1408 759 1409
1597 1162 1598 1161
796 1457 797 1456
1553 1138 1554 1137
1924 983 1925 984
54 1901 55 1902
61 1202 62 1201
1448 1448 1449 1449
287 348 288 349
647 742 648 743
139 474 140 473
93 1508 94 1507
1019 145 1020 144
1021 27 1022 28
1780 794 1781 793
1096 654 1097 655
507 1377 508 1378
853 1859 854 1858
1639 249 1640 250
1107 96 1108 97
156 1364 157 1363
20 554 21 555
27 521 28 522
557 350 558 349
1893 159 1894 158
1355 1491 1356 1490
57 855 58 854
736 592 737 591
1104 1288 1105 1287
435 812 436 811
1954 474 1955 473
271 1788 272 1787
999 1993 1000 1992
1364 630 1365 629
142 1279 143 1280
1536 211 1537 210
91 1008 92 1009
676 1975 677 1974
754 53 755 54
150 991 151 992
1204 1068 1205 1069
1285 1273 1286 1272
297 373 298 374
1179 33 1180 32
1479 692 1480 691
1351 1509 1352 1508
376 1229 377 1228
1703 1412 1704 1411
436 703 437 704
513 1715 514 1716
1038 378 1039 379
242 1646 243 1647
250 368 251 369
1675 1023 1676 1024
585 1502 586 1503
378 1386 379 1387
395 380 396 381
509 1578 510 1579
257 752 258 751
461 1246 462 1247
1142 1069 1143 1068
868 940 869 939
1793 1228 1794 1229
729 231 730 230
583 53 584 54
1474 1038 1475 1039
142 1507 143 1508
156 1295 157 1294
684 823 685 824
1005 1211 1006 1210
907 954 908 955
864 1760 865 1761
186 1715 187 1716
1053 1021 1054 1020
747 1435 748 1436
440 1436 441 1437
1324 843 1325 842
951 1210 952 1209
1508 892 1509 891
990 595 991 596
602 765 603 764
1743 1534 1744 1535
178 1087 179 1088
843 1795 844 1794
1835 147 1836 146
1073 305 1074 304
2 1851 3 1852
1060 1070 1061 1069
1021 1504 1022 1503
1846 1349 1847 1348
1342 709 1343 710
1860 726 1861 725
1686 918 1687 917
1743 51 1744 52
1124 1994 1125 1995
167 905 168 904
1402 576 1403 575
803 1755 804 1754
1448 906 1449 907
410 899 411 900
1511 1074 1512 1073
1956 1672 1957 1673
207 1726 208 1725
1365 804 1366 803
960 1353 961 1352
928 586 929 585
775 661 776 662
1402 15 1403 16
1264 316 1265 317
681 350 682 349
1889 1549 1890 1550
1907 1833 1908 1834
772 18 773 17
190 923 191 924
1492 138 1493 139
821 32 822 33
1887 147 1888 148
1004 1212 1005 1213
1901 1060 1902 1061
1057 1796 1058 1797
274 623 275 622
501 588 502 587
294 1575 295 1576
1627 1236 1628 1237
194 923 195 922
629 742 630 743
1983 1750 1984 1749
1082 1040 1083 1039
1513 1606 1514 1607
787 214 788 213
1780 666 1781 667
465 310 466 309
681 1037 682 1036
1364 60 1365 59
1692 132 1693 131
1066 1707 1067 1708
181 429 182 430
1057 115 1058 116
1061 1340 1062 1339
1860 537 1861 538
244 267 245 266
1990 1444 1991 1445
180 1046 181 1045
492 654 493 655
1124 1849 1125 1848
1066 967 1067 966
1740 1711 1741 1712
369 1904 370 1903
1901 380 1902 381
175 14 176 15
1645 530 1646 529
1835 683 1836 682
1764 1138 1765 1137
796 751 797 752
544 893 545 892
455 279 456 280
623 640 624 641
904 146 905 147
629 1236 630 1235
796 1895 797 1894
1073 161 1074 162
1347 856 1348 857
1303 111 1304 112
1833 316 1834 317
1272 268 1273 267
1786 852 1787 851
1414 1881 1415 1880
782 751 783 750
1887 1009 1888 1010
1037 106 1038 105
932 84 933 85
1685 1851 1686 1852
115 1277 116 1276
862 1917 863 1918
170 181 171 180
1588 1277 1589 1278
405 867 406 868
399 827 400 828
920 902 921 903
1274 611 1275 612
1861 1918 1862 1917
80 1263 81 1264
1564 1761 1565 1760
515 897 516 898
1311 1351 1312 1350
257 1442 258 1441
754 1162 755 1161
1982 27 1983 28
583 916 584 915
1912 17 1913 18
1402 1427 1403 1426
1769 652 1770 651
509 221 510 222
485 514 486 513
408 1147 409 1146
99 1862 100 1861
1644 794 1645 793
1858 47 1859 48
115 1606 116 1607
932 193 933 194
461 42 462 41
1992 1417 1993 1416
1399 183 1400 184
1907 1993 1908 1994
912 1963 913 1964
1706 1036 1707 1035
1620 1409 1621 1410
1235 973 1236 974
1604 582 1605 583
1733 191 1734 190
1060 1346 1061 1347
408 1280 409 1279
1686 1442 1687 1441
1063 1313 1064 1314
654 1096 655 1095
553 1037 554 1036
299 1353 300 1354
340 1822 341 1821
1987 1214 1988 1213
233 346 234 345
833 1894 834 1895
786 670 787 669
1314 1795 1315 1794
46 1535 47 1534
1850 231 1851 232
1069 757 1070 758
146 1150 147 1149
1179 1171 1180 1172
166 1003 167 1004
1769 919 1770 918
965 1707 966 1708
678 1442 679 1441
1065 658 1066 657
328 38 329 37
1193 1061 1194 1062
123 1761 124 1760
1982 713 1983 714
1442 838 1443 839
358 686 359 687
1326 417 1327 416
1703 1769 1704 1768
509 839 510 838
492 41 493 42
1205 515 1206 516
367 1426 368 1427
578 717 579 718
937 1236 938 1235
274 353 275 352
1322 1270 1323 1271
444 907 445 906
433 984 434 983
6 1490 7 1491
1559 843 1560 842
1995 671 1996 670
242 693 243 692
1986 1294 1987 1295
1280 1994 1281 1995
1626 1645 1627 1644
1692 1754 1693 1755
190 1430 191 1429
1907 1215 1908 1214
167 515 168 516
583 721 584 720
124 955 125 954
1954 1036 1955 1037
135 350 136 349
1021 238 1022 239
365 274 366 273
1146 1380 1147 1379
1967 1020 1968 1021
920 735 921 736
1021 514 1022 515
623 1831 624 1830
1844 1137 1845 1138
864 249 865 250
176 985 177 984
883 1401 884 1400
1559 1088 1560 1087
178 64 179 65
758 1138 759 1137
523 1281 524 1282
1177 849 1178 848
977 1438 978 1439
960 1739 961 1740
340 766 341 767
948 1416 949 1417
730 1267 731 1266
1498 1667 1499 1666
210 1434 211 1435
679 1235 680 1236
492 726 493 725
367 1149 368 1150
758 1878 759 1877
1502 96 1503 95
306 1376 307 1377
1518 1233 1519 1234
1096 1264 1097 1263
904 1597 905 1596
1129 79 1130 80
1073 742 1074 743
1063 1450 1064 1449
1723 868 1724 869
1350 849 1351 848
1967 1647 1968 1646
1304 717 1305 716
1987 222 1988 221
1071 357 1072 358
85 596 86 597
937 981 938 980
1382 889 1383 890
93 79 94 80
916 1680 917 1679
1216 1545 1217 1546
186 134 187 135
1287 1042 1288 1043
330 135 331 134
401 1727 402 1728
328 84 329 85
1028 1680 1029 1679
1949 1961 1950 1962
376 1449 377 1450
778 211 779 210
1254 488 1255 487
1260 742 1261 743
1480 129 1481 130
523 1559 524 1558
782 867 783 868
823 138 824 139
1724 1761 1725 1760
105 1485 106 1486
849 854 850 855
112 483 113 482
1892 340 1893 341
1631 1253 1632 1252
340 92 341 91
1442 855 1443 854
166 246 167 245
61 1558 62 1559
680 1247 681 1246
539 1680 540 1681
1918 919 1919 918
1156 1941 1157 1942
166 348 167 349
1117 1970 1118 1971
862 1761 863 1760
115 340 116 341
1835 1578 1836 1577
105 823 106 824
1322 516 1323 515
96 483 97 482
994 1534 995 1535
699 1280 700 1279
1820 1832 1821 1833
1353 899 1354 900
43 151 44 150
1414 1295 1415 1296
1085 1877 1086 1878
681 1840 682 1839
1006 1837 1007 1836
1383 784 1384 785
501 1577 502 1578
678 1442 679 1441
1207 1810 1208 1809
1771 328 1772 327
1124 1650 1125 1649
527 488 528 487
1610 868 1611 869
1500 720 1501 721
782 902 783 901
867 1378 868 1377
833 630 834 629
1892 1675 1893 1674
210 1105 211 1104
354 1489 355 1488
699 513 700 514
1104 1144 1105 1145
544 713 545 714
1717 515 1718 516
1096 591 1097 592
681 62 682 63
489 371 490 370
1743 1534 1744 1535
488 1834 489 1833
775 861 776 862
679 468 680 467
1443 604 1444 605
61 1658 62 1659
405 1408 406 1409
1597 585 1598 584
250 666 251 667
533 870 534 871
299 1210 300 1209
218 899 219 900
553 48 554 47
1097 87 1098 88
1912 1998 1913 1997
1409 1841 1410 1840
724 1419 725 1420
1154 597 1155 596
1057 772 1058 773
151 885 152 884
1007 85 1008 84
330 436 331 437
527 828 528 827
1536 885 1537 886
539 1864 540 1865
85 1558 86 1559
322 1750 323 1749
402 264 403 265
527 1603 528 1604
1516 1297 1517 1296
1357 966 1358 967
96 1024 97 1025
1844 886 1845 887
316 222 317 221
513 1296 514 1297
73 1859 74 1858
1274 1121 1275 1122
1085 814 1086 813
1785 46 1786 47
1054 46 1055 47
221 1491 222 1490
1502 1981 1503 1982
1644 1110 1645 1111
1043 687 1044 686
671 1962 672 1963
103 1367 104 1366
823 751 824 750
1140 181 1141 180
1205 822 1206 823
299 1294 300 1295
5 487 6 486
126 629 127 630
515 191 516 190
156 1546 157 1545
937 615 938 614
1122 230 1123 231
19 1411 20 1412
992 1329 993 1330
730 798 731 797
993 1507 994 1508
1057 1606 1058 1607
1524 1436 1525 1437
418 1833 419 1834
126 870 127 871
194 692 195 693
616 1977 617 1978
405 1503 406 1502
1760 112 1761 111
1514 1851 1515 1852
1371 1436 1372 1437
1304 1136 1305 1135
123 1002 124 1003
1588 1444 1589 1445
857 1147 858 1146
1766 1851 1767 1852
246 1535 247 1534
1623 1646 1624 1647
77 1228 78 1229
449 1796 450 1797
1924 1893 1925 1894
1403 767 1404 766
1351 559 1352 558
917 105 918 104
1407 1241 1408 1242
1740 261 1741 260
1703 106 1704 107
1104 1880 1105 1881
1510 1848 1511 1849
544 654 545 655
465 467 466 468
218 1409 219 1408
186 1924 187 1925
1780 1487 1781 1486
376 1749 377 1750
1733 1873 1734 1872
732 867 733 868
433 1411 434 1412
180 33 181 32
1530 1741 1531 1740
823 1507 824 1508
1918 1967 1919 1968
1466 1448 1467 1449
363 912 364 913
1715 1237 1716 1236
1407 1287 1408 1288
694 387 695 388
931 1324 932 1323
1709 714 1710 713
1539 654 1540 655
937 210 938 211
1881 1907 1882 1908
199 1430 200 1429
1322 313 1323 314
867 1942 868 1941
376 1351 377 1350
839 897 840 898
1964 1257 1965 1256
680 1009 681 1008
1302 1512 1303 1513
492 1214 493 1213
306 349 307 348
699 818 700 817
549 1293 550 1294
242 1153 243 1154
1296 494 1297 495
98 814 99 813
523 1363 524 1364
1205 183 1206 184
431 1701 432 1700
948 922 949 923
199 1182 200 1181
215 408 216 407
1026 180 1027 181
457 380 458 381
664 1629 665 1628
868 45 869 44
1858 63 1859 62
1889 650 1890 649
1091 1754 1092 1755
166 600 167 601
1060 1436 1061 1437
1764 117 1765 116
732 1150 733 1149
1355 704 1356 703
1429 988 1430 989
1402 152 1403 153
93 822 94 823
1774 131 1775 130
977 1295 978 1294
1524 153 1525 152
1433 892 1434 891
1193 1594 1194 1593
1896 1281 1897 1282
221 1079 222 1080
1609 1834 1610 1833
1217 314 1218 313
651 48 652 47
27 588 28 587
306 1006 307 1007
1124 1840 1125 1841
350 1035 351 1036
444 486 445 487
93 343 94 342
1588 290 1589 291
103 989 104 988
1861 1666 1862 1665
242 1491 243 1490
1217 1833 1218 1834
328 709 329 710
1217 1213 1218 1212
246 764 247 763
1543 110 1544 111
544 1910 545 1911
21 1272 22 1271
315 1486 316 1485
180 1231 181 1230
1760 885 1761 886
1726 107 1727 106
786 1375 787 1376
1995 1432 1996 1433
1353 1213 1354 1212
63 687 64 686
881 1888 882 1889
395 11 396 10
207 1065 208 1066
150 1441 151 1442
96 867 97 868
507 427 508 428
1861 345 1862 346
1835 886 1836 887
111 33 112 32
1437 1665 1438 1666
1069 1409 1070 1408
1861 1725 1862 1724
823 194 824 193
1564 929 1565 928
1982 238 1983 239
1776 368 1777 369
1034 1886 1035 1885
729 1840 730 1841
61 1088 62 1087
1382 1830 1383 1831
1409 1319 1410 1320
470 1436 471 1437
1967 1364 1968 1365
449 917 450 918
993 1849 994 1848
1414 1920 1415 1919
1858 1438 1859 1439
956 756 957 757
1259 906 1260 905
639 737 640 736
1906 1061 1907 1060
1918 47 1919 48
1603 682 1604 683
1524 459 1525 458
1322 719 1323 718
1722 923 1723 922
1764 917 1765 918
367 1280 368 1279
1884 147 1885 148
1564 1359 1565 1360
1711 507 1712 506
1668 105 1669 106
1800 1708 1801 1707
106 1231 107 1230
664 1627 665 1628
678 1942 679 1941
1918 1399 1919 1400
1750 156 1751 155
1923 1783 1924 1782
362 1723 363 1724
1304 1348 1305 1349
1733 1600 1734 1599
844 1594 845 1593
433 1411 434 1412
1962 1912 1963 1913
843 343 844 342
823 407 824 408
1539 1751 1540 1750
449 1376 450 1375
1799 1436 1800 1437
42 1878 43 1877
1626 720 1627 721
1146 1484 1147 1483
1351 924 1352 923
1364 1795 1365 1794
353 842 354 843
1285 1090 1286 1091
1414 906 1415 905
826 487 827 488
358 757 359 758
710 305 711 304
362 1831 363 1830
488 918 489 919
1480 592 1481 591
1776 464 1777 463
1626 1010 1627 1009
492 680 493 679
1466 1331 1467 1330
576 1908 577 1907
724 1797 725 1796
699 852 700 851
332 1781 333 1780
485 1825 486 1824
233 849 234 850
175 1791 176 1790
367 1824 368 1825
1186 256 1187 257
353 842 354 843
1554 1435 1555 1434
1383 823 1384 824
966 195 967 196
75 1528 76 1529
186 515 187 516
1514 1213 1515 1214
1889 549 1890 548
1861 850 1862 849
34 294 35 293
1955 584 1956 585
1057 1941 1058 1942
485 1353 486 1354
108 1647 109 1646
59 872 60 873
1929 783 1930 782
252 578 253 577
1668 1503 1669 1504
1595 17 1596 18
1457 657 1458 658
839 250 840 249
343 231 344 232
1252 477 1253 478
199 1404 200 1403
1836 1010 1837 1009
701 384 702 383
1093 1500 1094 1499
126 1214 127 1213
651 1491 652 1490
1483 1166 1484 1167
1593 1003 1594 1002
1763 1925 1764 1926
1638 875 1639 874
747 1046 748 1045
170 1147 171 1146
210 885 211 884
724 507 725 508
780 1841 781 1840
1995 818 1996 817
742 657 743 658
1905 1848 1906 1849
46 1153 47 1154
1793 112 1794 111
499 10 500 11
819 1975 820 1974
742 924 743 923
402 1256 403 1255
1983 713 1984 714
1054 257 1055 256
306 698 307 697
399 91 400 92
1272 1556 1273 1555
175 1410 176 1409
772 625 773 624
1122 111 1123 112
141 966 142 967
1021 237 1022 236
1217 1088 1218 1087
77 516 78 515
85 1319 86 1320
1304 1231 1305 1230
732 554 733 555
583 1451 584 1450
1776 386 1777 385
1129 1325 1130 1326
1918 1882 1919 1883
1324 1430 1325 1429
392 1086 393 1085
1183 1457 1184 1456
488 52 489 51
1818 1295 1819 1294
561 674 562 673
950 111 951 112
913 1080 914 1079
610 1384 611 1385
1433 1225 1434 1226
1473 1567 1474 1566
1236 1681 1237 1680
1252 1511 1253 1510
1011 1892 1012 1893
48 913 49 912
163 710 164 709
1365 817 1366 818
218 1241 219 1242
1011 1426 1012 1427
1221 742 1222 743
1167 622 1168 621
1254 80 1255 79
1364 1413 1365 1412
1178 1003 1179 1004
1700 1513 1701 1514
124 256 125 257
1927 338 1928 339
1954 1278 1955 1277
1092 1012 1093 1013
775 1711 776 1712
1918 693 1919 694
600 679 601 680
830 96 831 95
54 1210 55 1211
1610 407 1611 408
461 1480 462 1481
1620 804 1621 803
1457 118 1458 117
942 1894 943 1893
1785 1412 1786 1411
1880 868 1881 867
679 195 680 196
1954 47 1955 48
1625 1505 1626 1506
423 1212 424 1213
1368 855 1369 854
943 1292 944 1293
1853 1671 1854 1672
775 1740 776 1739
1178 721 1179 720
611 804 612 805
1853 1174 1854 1173
950 44 951 45
848 1271 849 1270
462 1796 463 1795
715 714 716 713
1235 1835 1236 1834
1058 1330 1059 1329
783 597 784 596
244 597 245 596
1322 559 1323 558
1406 459 1407 460
1845 28 1846 27
170 1967 171 1968
1028 1768 1029 1769
315 1832 316 1833
181 117 182 118
1141 637 1142 638
48 1712 49 1711
1430 1111 1431 1110
141 1861 142 1862
1474 109 1475 110
1311 1873 1312 1872
1350 884 1351 883
1866 756 1867 757
687 1509 688 1508
1709 105 1710 106
1543 1840 1544 1839
449 1135 450 1136
710 95 711 96
869 440 870 439
544 978 545 979
1193 10 1194 11
194 763 195 764
1623 211 1624 210
244 117 245 116
1342 1216 1343 1217
75 902 76 903
1561 1175 1562 1174
465 1971 466 1972
1987 1997 1988 1998
42 828 43 827
316 957 317 956
1154 234 1155 233
658 1004 659 1003
1829 1480 1830 1481
585 1178 586 1179
408 868 409 867
1818 1486 1819 1487
207 1233 208 1234
1368 1408 1369 1409
525 1002 526 1003
1820 649 1821 650
406 1234 407 1233
1006 623 1007 622
663 972 664 971
663 860 664 859
435 575 436 576
1355 269 1356 270
1079 1926 1080 1925
1701 1685 1702 1684
528 10 529 11
501 1831 502 1830
1508 274 1509 273
1342 615 1343 614
1929 682 1930 681
999 270 1000 269
186 827 187 828
1123 1070 1124 1069
997 1881 998 1880
972 873 973 872
362 1347 363 1346
186 641 187 640
1217 42 1218 41
1085 1830 1086 1831
1975 272 1976 271
1627 1997 1628 1998
1403 273 1404 274
1995 1848 1996 1849
146 1681 147 1680
1511 1873 1512 1872
1588 764 1589 763
330 918 331 919
1955 1597 1956 1596
839 353 840 352
1425 595 1426 596
1743 1901 1744 1902
1236 1066 1237 1065
623 1537 624 1536
1344 28 1345 27
746 1526 747 1527
557 1232 558 1231
367 47 368 48
305 353 306 354
1437 919 1438 918
1035 1152 1036 1153
1776 428 1777 429
609 1113 610 1114
350 1056 351 1057
377 1782 378 1781
5 1154 6 1153
1179 500 1180 501
1529 653 1530 654
166 494 167 495
874 945 875 946
565 850 566 851
440 812 441 811
585 1604 586 1603
947 827 948 828
61 279 62 280
1738 955 1739 956
1443 1413 1444 1412
1007 1037 1008 1036
315 817 316 818
688 515 689 514
1314 105 1315 106
993 530 994 529
676 280 677 279
1833 538 1834 537
1134 854 1135 855
1007 1968 1008 1967
410 884 411 883
1818 1703 1819 1704
1529 183 1530 184
724 1483 725 1484
1304 1511 1305 1510
501 1981 502 1982
1866 1233 1867 1234
1516 1277 1517 1278
501 588 502 587
1982 713 1983 714
1955 1880 1956 1881
1926 1147 1927 1146
1200 1278 1201 1277
354 1403 355 1404
315 1085 316 1084
599 155 600 156
901 720 902 719
1473 1881 1474 1880
1388 918 1389 919
602 1830 603 1829
135 488 136 487
1896 1723 1897 1724
588 1880 589 1881
857 1149 858 1150
1065 258 1066 259
839 128 840 127
1061 1564 1062 1565
758 1705 759 1706
1866 549 1867 548
200 707 201 708
1760 974 1761 973
343 1531 344 1530
1954 852 1955 853
1221 202 1222 201
306 1377 307 1378
701 1353 702 1352
1744 870 1745 871
274 191 275 190
1494 1948 1495 1947
528 1280 529 1279
1414 854 1415 855
1703 1834 1704 1835
679 145 680 146
1955 1005 1956 1004
332 173 333 172
275 1993 276 1992
1065 109 1066 110
367 868 368 867
299 195 300 196
296 1716 297 1715
1518 333 1519 332
19 1920 20 1919
523 1502 524 1501
862 1111 863 1110
354 862 355 861
932 1502 933 1503
658 1723 659 1724
1145 1233 1146 1234
883 625 884 624
1314 1795 1315 1794
1368 1214 1369 1215
207 343 208 342
27 1297 28 1296
1926 686 1927 687
299 195 300 196
696 374 697 375
1217 129 1218 130
1402 1035 1403 1036
977 555 978 554
746 444 747 443
1322 1457 1323 1456
772 338 773 339
823 885 824 884
1357 1449 1358 1450
1715 1737 1716 1738
1709 912 1710 913
1554 1503 1555 1504
378 279 379 280
54 378 55 379
932 818 933 817
1603 1034 1604 1035
525 902 526 903
1990 267 1991 266
1043 350 1044 349
1429 1060 1430 1061
816 471 817 472
1623 1530 1624 1531
658 783 659 782
1618 1264 1619 1263
112 885 113 884
16 265 17 264
328 84 329 85
1893 682 1894 681
170 53 171 54
720 375 721 374
2 1526 3 1527
1364 1210 1365 1211
618 291 619 290
710 1982 711 1981
1382 767 1383 766
862 33 863 32
1732 862 1733 861
1004 1429 1005 1430
237 513 238 512
485 988 486 987
966 180 967 181
1021 1907 1022 1908
1474 1046 1475 1045
1518 1037 1519 1038
1019 957 1020 956
1692 1993 1693 1992
916 1995 917 1994
997 1881 998 1880
1912 311 1913 312
83 1817 84 1818
1513 1796 1514 1795
515 1091 516 1090
1780 1794 1781 1795
1989 1457 1990 1456
1334 952 1335 953
1260 1829 1261 1830
874 1628 875 1627
1543 890 1544 889
199 1841 200 1840
1342 891 1343 892
1732 1310 1733 1311
1019 430 1020 429
126 1380 127 1379
1402 1037 1403 1036
1368 1606 1369 1607
1042 585 1043 584
999 1263 1000 1264
376 683 377 682
1766 1057 1767 1058
266 484 267 483
853 1503 854 1502
663 1920 664 1919
1429 169 1430 168
1618 1004 1619 1003
1855 1173 1856 1174
913 1558 914 1559
1216 1723 1217 1724
1518 1549 1519 1550
1 1492 2 1493
533 629 534 630
391 1481 392 1480
1829 1047 1830 1048
1414 1430 1415 1429
1238 437 1239 436
518 1712 519 1713
1142 112 1143 111
1018 725 1019 726
680 601 681 600
928 669 929 670
522 669 523 670
1723 184 1724 183
1433 1142 1434 1143
1850 902 1851 903
1324 1485 1325 1486
1989 59 1990 60
1260 1216 1261 1217
1344 388 1345 387
1618 797 1619 798
524 789 525 788
485 988 486 987
622 1922 623 1923
816 513 817 514
402 180 403 181
180 1795 181 1794
401 426 402 425
178 1840 179 1841
330 1132 331 1133
42 110 43 111
204 1768 205 1769
376 1881 377 1880
849 1728 850 1727
139 555 140 554
1846 928 1847 929
1502 1716 1503 1715
1091 1377 1092 1376
405 1171 406 1170
1604 146 1605 145
999 1658 1000 1659
1140 1410 1141 1409
1927 232 1928 231
647 1851 648 1852
1880 53 1881 54
1129 1835 1130 1834
937 291 938 290
1158 726 1159 725
1204 1894 1205 1895
306 1212 307 1213
1511 683 1512 682
1004 918 1005 919
1457 1135 1458 1136
718 456 719 455
1043 1790 1044 1791
822 493 823 494
560 915 561 916
405 1214 406 1215
391 350 392 349
332 817 333 818
576 1627 577 1626
151 1972 152 1971
1586 1451 1587 1450
862 1339 863 1340
221 1489 222 1488
1945 1709 1946 1710
141 1861 142 1862
186 522 187 521
705 1889 706 1888
330 1527 331 1526
48 1918 49 1917
218 585 219 584
1007 234 1008 233
1702 1806 1703 1805
866 303 867 304
844 1971 845 1972
1531 713 1532 714
1186 1432 1187 1433
1148 1435 1149 1436
1091 1490 1092 1491
1069 1555 1070 1556
639 1047 640 1048
1668 919 1669 918
679 804 680 803
1296 1145 1297 1144
671 1228 672 1229
942 1436 943 1437
1236 554 1237 555
1884 104 1885 105
1990 917 1991 916
126 601 127 600
1764 1980 1765 1979
435 905 436 904
1367 758 1368 757
525 1456 526 1457
778 1132 779 1133
822 1376 823 1375
950 1740 951 1739
1221 273 1222 274
1011 513 1012 514
186 1600 187 1599
1081 196 1082 195
1603 478 1604 477
999 1442 1000 1441
1280 954 1281 955
306 127 307 128
1238 1445 1239 1444
1362 1007 1363 1008
1097 918 1098 919
376 632 377 631
1995 1436 1996 1437
358 899 359 900
1986 514 1987 513
135 1235 136 1236
377 270 378 269
271 172 272 173
857 1711 858 1712
178 736 179 737
111 623 112 622
1786 474 1787 473
2000 1999 2000
1247 661 1248 660
157 1946 158 1945
747 254 748 255
392 1631 393 1632
1885 1121 1886 1122
1727 28 1728 27
1318 843 1319 844
1815 838 1816 839
67 773 68 774
774 1934 775 1935
1037 1051 1038 1052
1150 1432 1151 1431
1499 1400 1500 1401
499 286 500 287
799 719 800 720
1890 1282 1891 1281
1261 1837 1262 1838
492 1964 493 1963
1191 1517 1192 1518
393 365 394 364
1795 601 1796 602
558 973 559 974
1254 1888 1255 1887
1178 621 1179 620
1867 1755 1868 1754
1767 1004 1768 1003
1254 1960 1255 1959
818 1203 819 1204
1163 785 1164 786
512 1332 513 1333
760 266 761 265
1758 1009 1759 1010
1908 1892 1909 1891
416 421 417 422
731 234 732 233
448 1373 449 1372
1944 1279 1945 1278
1252 412 1253 413
747 1663 748 1662
1567 1147 1568 1146
638 1929 639 1930
1344 1159 1345 1160
831 1867 832 1868
1062 1094 1063 1095
1154 1184 1155 1185
942 432 943 433
1043 1504 1044 1505
214 1036 215 1035
1232 59 1233 60
1038 27 1039 28
1290 1274 1291 1275
657 1522 658 1521
1848 1011 1849 1010
1376 618 1377 619
693 104 694 103
801 1273 802 1274
1498 407 1499 406
465 526 466 527
1185 581 1186 580
775 1186 776 1187
1838 218 1839 217
23 1819 24 1820
1300 415 1301 416
1949 75 1950 76
1279 1729 1280 1728
286 758 287 759
1762 1102 1763 1101
1150 1609 1151 1608
844 285 845 286
1566 1010 1567 1011
196 338 197 337
1681 1581 1682 1580
42 1393 43 1392
512 1334 513 1335
666 974 667 973
4 422 5 421
1070 527 1071 526
965 661 966 660
1541 394 1542 395
389 330 390 329
1241 372 1242 373
67 240 68 241
1390 413 1391 412
1659 1105 1660 1106
1385 642 1386 643
1003 1409 1004 1408
1150 1336 1151 1335
1475 1192 1476 1193
895 872 896 871
1168 1025 1169 1024
1743 112 1744 111
1636 1266 1637 1265
782 588 783 589
98 1943 99 1944
1443 904 1444 903
627 395 628 394
757 300 758 299
1498 1707 1499 1708
1582 1514 1583 1513
875 707 876 706
4 274 5 273
1215 1108 1216 1107
465 1211 466 1210
1091 113 1092 112
967 293 968 294
232 1813 233 1814
1032 938 1033 937
1759 1248 1760 1249
965 1421 966 1422
740 1420 741 1419
1858 1982 1859 1983
232 637 233 636
568 1637 569 1638
1376 1982 1377 1983
1715 1222 1716 1223
440 526 441 527
953 1448 954 1449
636 633 637 632
1174 1420 1175 1419
1382 1896 1383 1897
182 1819 183 1820
1949 708 1950 707
973 430 974 429
1517 1984 1518 1985
1993 115 1994 116
878 194 879 195
1147 1622 1148 1623
1279 631 1280 632
1825 1609 1826 1608
1921 250 1922 249
352 1808 353 1807
848 1058 849 1057
1092 1563 1093 1562
1520 437 1521 436
454 720 455 719
826 624 827 625
1226 1469 1227 1470
218 1668 219 1667
141 1742 142 1743
998 1335 999 1336
1124 601 1125 600
231 147 232 146
533 205 534 206
59 1052 60 1051
292 1359 293 1358
1612 75 1613 76
1870 1833 1871 1832
740 346 741 345
335 266 336 265
992 1408 993 1409
860 1035 861 1036
1102 641 1103 642
657 960 658 959
67 1401 68 1402
631 636 632 637
935 1884 936 1885
1762 1983 1763 1984
875 1838 876 1837
1821 1862 1822 1863
1246 854 1247 853
582 1159 583 1160
1128 1855 1129 1854
672 1570 673 1571
1553 1667 1554 1668
1100 746 1101 747
610 1841 611 1840
829 1636 830 1637
1344 1337 1345 1336
1395 346 1396 345
749 1566 750 1567
1123 240 1124 241
305 949 306 948
744 1766 745 1765
1815 950 1816 949
395 939 396 938
275 1862 276 1863
911 1637 912 1636
473 1951 474 1950
1212 695 1213 696
1612 1186 1613 1187
1451 1104 1452 1105
1066 1436 1067 1437
63 644 64 645
1348 365 1349 364
730 959 731 960
912 251 913 252
1261 1609 1262 1608
818 528 819 529
1660 529 1661 530
1211 987 1212 988
585 1572 586 1571
472 1024 473 1025
1744 743 1745 742
54 1581 55 1582
541 386 542 387
509 598 510 599
749 1944 750 1943
1997 1693 1998 1694
1886 871 1887 872
59 1472 60 1471
639 1463 640 1464
772 182 773 181
1286 1249 1287 1248
1730 283 1731 282
272 1843 273 1842
1178 295 1179 294
1758 238 1759 239
233 381 234 382
1759 1755 1760 1754
1498 151 1499 152
672 949 673 948
219 768 220 767
222 86 223 87
128 1242 129 1243
1950 554 1951 553
165 1402 166 1403
1378 564 1379 563
870 1985 871 1984
1618 1942 1619 1941
818 638 819 637
1804 1105 1805 1106
1557 1808 1558 1807
1805 1748 1806 1747
1159 1360 1160 1361
701 544 702 543
313 416 314 415
116 1993 117 1992
764 633 765 632
990 1231 991 1232
1835 1810 1836 1811
1087 1348 1088 1349
1233 1400 1234 1401
267 705 268 706
1744 1104 1745 1105
257 925 258 924
1030 1557 1031 1556
448 1337 449 1336
222 1746 223 1747
182 686 183 687
662 402 663 401
829 350 830 351
1233 1400 1234 1401
1643 13 1644 12
811 264 812 265
1127 467 1128 468
100 641 101 642
517 434 518 433
1128 1618 1129 1619
461 324 462 323
1642 967 1643 966
959 1914 960 1913
1921 401 1922 402
1592 637 1593 638
1451 55 1452 54
848 1157 849 1158
1561 814 1562 813
1904 1465 1905 1466
1367 254 1368 255
578 1251 579 1250
1394 1950 1395 1949
920 406 921 407
84 697 85 698
774 1005 775 1006
473 1410 474 1411
1650 1673 1651 1672
900 1480 901 1481
815 1825 816 1826
397 1046 398 1045
658 1416 659 1415
397 2 398 1
1452 1979 1453 1980
549 1288 550 1289
1452 1694 1453 1693
618 1833 619 1832
175 181 176 182
1567 1323 1568 1324
836 1003 837 1004
1671 1025 1672 1024
395 1273 396 1274
356 467 357 468
1350 1466 1351 1465
1805 1743 1806 1742
250 1916 251 1915
325 1334 326 1335
1725 988 1726 987
1703 561 1704 560
758 1386 759 1385
1651 248 1652 249
1872 360 1873 359
1931 564 1932 563
1030 1636 1031 1637
40 771 41 772
1254 949 1255 950
556 1209 557 1210
457 938 458 939
250 514 251 513
1990 1993 1991 1992
1288 638 1289 637
885 589 886 588
1367 776 1368 777
515 706 516 707
609 17 610 16
1547 1248 1548 1247
885 131 886 130
338 1613 339 1614
1944 238 1945 239
912 1169 913 1168
1042 1105 1043 1104
807 674 808 675
148 133 149 132
911 1729 912 1728
1724 1950 1725 1951
930 1940 931 1941
1651 528 1652 529
158 1065 159 1066
1705 372 1706 373
1596 477 1597 478
1734 576 1735 577
655 1060 656 1061
110 1863 111 1864
72 834 73 835
1300 774 1301 773
647 1593 648 1594
636 906 637 907
778 402 779 403
835 690 836 691
1367 1537 1368 1536
878 980 879 981
1320 75 1321 76
1854 1318 1855 1317
1520 1567 1521 1566
1452 351 1453 350
839 301 840 302
1202 894 1203 893
1724 265 1725 266
1261 322 1262 321
631 1748 632 1747
658 1273 659 1274
1629 1995 1630 1994
1101 1297 1102 1296
1687 1406 1688 1407
774 602 775 601
631 491 632 490
935 27 936 26
1005 1286 1006 1285
383 642 384 643
341 879 342 880
602 491 603 490
1658 35 1659 36
62 1537 63 1536
426 501 427 500
683 1222 684 1223
585 111 586 112
942 176 943 175
1291 1510 1292 1509
1803 1600 1804 1601
181 1591 182 1590
895 1307 896 1308
1730 1587 1731 1588
985 1854 986 1853
593 1586 594 1587
1005 1049 1006 1050
1803 837 1804 838
1618 1683 1619 1684
1395 340 1396 341
197 472 198 471
772 1646 773 1645
226 1348 227 1349
492 637 493 636
708 677 709 678
631 1991 632 1992
1498 245 1499 246
1050 1297 1051 1296
848 809 849 810
1504 1715 1505 1714
1451 620 1452 621
609 1158 610 1159
1702 703 1703 702
141 250 142 249
364 867 365 866
434 360 435 359
1614 394 1615 395
571 1915 572 1916
366 1091 367 1092
1318 1525 1319 1524
228 1334 229 1335
473 790 474 789
426 921 427 920
128 1913 129 1914
110 790 111 791
1214 469 1215 468
602 472 603 473
844 375 845 376
233 526 234 525
275 768 276 767
634 1314 635 1313
1651 602 1652 601
1952 1006 1953 1007
952 1351 953 1352
1023 89 1024 88
388 1027 389 1026
1054 1479 1055 1480
346 1748 347 1747
286 1051 287 1052
338 838 339 839
742 615 743 616
492 565 493 566
1546 879 1547 880
110 496 111 497
270 1308 271 1307
457 1785 458 1784
1923 1296 1924 1297
175 1348 176 1347
1025 1533 1026 1532
1185 1946 1186 1945
1767 1059 1768 1060
1305 1052 1306 1051
1109 320 1110 319
550 315 551 314
8 1946 9 1945
1477 88 1478 89
1183 168 1184 167
889 1970 890 1971
438 1934 439 1935
982 936 983 937
1991 814 1992 813
1899 1616 1900 1615
1686 799 1687 798
1153 1525 1154 1524
689 382 690 381
1553 1335 1554 1336
778 677 779 676
1320 684 1321 683
1101 942 1102 941
1922 609 1923 610
1872 1545 1873 1546
219 678 220 677
94 1157 95 1158
1848 27 1849 26
1904 140 1905 139
1043 503 1044 504
959 1457 960 1456
494 1436 495 1437
161 956 162 955
1431 802 1432 801
1288 744 1289 743
776 1429 777 1430
614 1180 615 1179
1069 135 1070 134
1034 977 1035 976
210 1100 211 1099
1144 1607 1145 1606
1178 388 1179 389
1525 1747 1526 1746
335 266 336 265
1964 266 1965 265
1858 373 1859 372
736 1290 737 1291
509 167 510 168
1313 1947 1314 1948
1114 1586 1115 1587
356 1401 357 1402
1885 1408 1886 1409
1214 1779 1215 1780
1498 1755 1499 1754
662 687 663 686
169 924 170 925
1858 1340 1859 1341
701 1942 702 1941
366 433 367 432
1022 8 1023 7
811 937 812 938
885 1656 886 1655
425 974 426 973
231 370 232 371
1424 116 1425 115
130 1225 131 1226
974 599 975 600
1052 1146 1053 1147
1222 237 1223 238
949 248 950 247
252 1967 253 1968
270 1610 271 1611
1320 501 1321 502
764 1910 765 1909
1050 234 1051 233
440 1646 441 1645
747 687 748 686
742 1122 743 1123
1070 1273 1071 1274
1382 1867 1383 1868
1254 1435 1255 1434
930 1861 931 1862
1093 1824 1094 1825
1937 1030 1938 1031
1037 1979 1038 1980
1477 254 1478 255
1811 1600 1812 1601
866 1150 867 1149
1186 1950 1187 1951
586 1668 587 1667
1069 1614 1070 1615
219 1808 220 1807
1089 563 1090 564
1424 1830 1425 1831
1485 1049 1486 1050
42 1307 43 1308
197 1061 198 1060
1177 984 1178 983
1836 1184 1837 1185
1332 300 1333 299
1131 94 1132 95
1636 490 1637 491
1890 433 1891 432
335 1239 336 1238
85 1030 86 1031
231 1085 232 1084
181 767 182 768
585 1305 586 1306
1237 1934 1238 1935
1874 833 1875 832
1547 1193 1548 1192
567 1960 568 1959
718 1165 719 1164
1874 937 1875 938
348 1106 349 1105
227 1411 228 1410
1697 1940 1698 1941
1790 529 1791 528
1105 720 1106 719
1514 132 1515 133
1660 602 1661 601
231 1308 232 1307
1177 1952 1178 1951
1904 1505 1905 1504
988 1225 989 1226
1848 949 1849 950
1703 1614 1704 1613
986 988 987 989
422 1580 423 1581
1525 602 1526 601
158 151 159 150
1955 512 1956 513
1783 415 1784 416
536 135 537 134
1734 1850 1735 1849
1705 565 1706 566
878 412 879 413
1172 850 1173 851
709 1321 710 1320
1212 404 1213 403
1517 1751 1518 1750
149 1648 150 1649
1176 858 1177 859
1867 1909 1868 1910
472 1104 473 1105
1831 1888 1832 1887
1858 1016 1859 1015
73 1024 74 1025
1496 294 1497 295
1997 649 1998 650
1114 1887 1115 1888
1614 340 1615 339
1826 1530 1827 1531
226 485 227 484
591 53 592 54
918 1358 919 1359
655 1646 656 1645
1869 63 1870 62
986 985 987 986
1868 1307 1869 1308
1261 1184 1262 1185
801 615 802 616
634 791 635 790
24 330 25 329
1311 131 1312 132
864 1167 865 1166
1876 1024 1877 1025
1071 1814 1072 1813
8 1994 9 1995
1578 1162 1579 1161
1774 777 1775 776
1614 857 1615 858
1142 16 1143 17
683 1149 684 1148
1880 816 1881 815
942 1546 943 1545
373 942 374 941
563 1913 564 1914
571 619 572 618
772 526 773 525
1801 1168 1802 1169
1312 578 1313 577
15 286 16 285
904 934 905 933
826 954 827 955
195 1016 196 1015
32 370 33 371
425 1210 426 1209
1252 1033 1253 1032
1811 1896 1812 1897
1300 38 1301 39
1761 215 1762 216
1774 926 1775 925
1996 359 1997 360
930 872 931 873
1034 545 1035 544
1144 245 1145 246
292 504 293 503
1856 404 1857 405
1923 54 1924 55
1376 622 1377 623
991 638 992 637
1288 1656 1289 1657
816 1504 817 1505
286 936 287 937
549 1403 550 1404
929 344 930 343
895 502 896 501
1297 977 1298 976
232 1677 233 1678
1938 1053 1939 1052
764 925 765 926
740 977 741 976
949 1075 950 1074
1442 722 1443 721
818 423 819 422
1575 1302 1576 1301
1367 1472 1368 1471
1996 1649 1997 1648
90 339 91 340
227 1936 228 1935
210 294 211 295
1778 249 1779 250
1066 563 1067 564
1790 346 1791 345
988 1402 989 1401
672 1432 673 1431
27 632 28 631
666 286 667 285
550 268 551 269
1921 1482 1922 1483
1520 1363 1521 1364
284 489 285 490
1795 503 1796 504
472 191 473 192
1320 814 1321 813
610 1737 611 1738
634 1211 635 1210
912 677 913 676
1091 1457 1092 1456
1838 131 1839 130
32 1031 33 1030
563 904 564 903
693 394 694 395
100 1015 101 1016
157 536 158 535
1567 486 1568 485
452 500 453 501
1143 345 1144 346
1277 648 1278 647
304 1810 305 1811
161 683 162 684
1043 1728 1044 1729
211 841 212 842
1908 906 1909 907
1394 879 1395 880
602 1916 603 1915
13 1289 14 1288
1648 976 1649 977
959 1656 960 1657
424 512 425 513
422 1067 423 1066
267 1471 268 1472
1109 1183 1110 1184
472 265 473 264
1636 1070 1637 1069
1783 1916 1784 1915
1795 1218 1796 1217
63 94 64 95
740 86 741 87
1111 644 1112 645
1894 1681 1895 1682
1015 1192 1016 1191
438 273 439 274
270 1606 271 1605
42 1845 43 1844
536 1545 537 1544
1351 1910 1352 1909
1124 1715 1125 1714
1428 1952 1429 1951
1546 1332 1547 1333
305 1976 306 1977
1094 1266 1095 1265
578 1114 579 1113
401 1521 402 1522
831 1121 832 1122
277 748 278 749
1452 1296 1453 1297
1170 1029 1171 1030
1857 783 1858 784
226 485 227 484
1848 294 1849 295
1062 1930 1063 1929
718 338 719 339
1220 1897 1221 1896
1937 809 1938 810
277 294 278 295
975 1158 976 1157
217 103 218 104
1561 1011 1562 1010
195 661 196 660
441 1004 442 1003
757 1437 758 1436
275 1177 276 1176
864 554 865 553
1457 1994 1458 1995
261 188 262 189
317 416 318 415
903 1632 904 1631
558 1114 559 1113
1848 1614 1849 1615
1311 468 1312 467
1313 1656 1314 1655
639 360 640 361
1054 1606 1055 1605
1766 677 1767 678
1368 807 1369 808
778 710 779 709
1931 1463 1932 1464
689 1825 690 1826
1101 1892 1102 1891
94 907 95 906
758 1976 759 1977
454 960 455 959
1055 81 1056 80
472 839 473 838
1255 792 1256 793
1218 235 1219 236
610 1123 611 1122
1836 1985 1837 1984
628 1754 629 1753
1592 1430 1593 1429
1288 1060 1289 1059
1471 922 1472 923
1115 796 1116 797
1984 1441 1985 1442
1857 1311 1858 1310
1431 414 1432 415
1144 1581 1145 1580
1292 1945 1293 1946
1350 1860 1351 1861
13 1853 14 1854
1457 843 1458 844
1351 1425 1352 1424
1803 1688 1804 1687
1720 194 1721 195
1332 1323 1333 1324
790 977 791 976
965 1549 966 1550
1089 1101 1090 1102
1886 261 1887 262
1214 1066 1215 1065
568 1922 569 1921
313 1525 314 1524
1050 472 1051 473
1831 1942 1832 1941
1172 478 1173 477
530 1402 531 1401
1261 1550 1262 1549
161 402 162 403
1630 1849 1631 1850
1671 1658 1672 1659
1124 39 1125 38
1955 980 1956 981
23 301 24 302
930 937 931 938
1821 1747 1822 1746
1908 1432 1909 1433
694 1515 695 1514
1094 1662 1095 1663
407 1960 408 1959
1876 1980 1877 1979
1003 1562 1004 1563
1725 1402 1726 1401
1835 647 1836 648
1807 513 1808 512
1725 249 1726 248
23 485 24 484
439 430 440 429
1800 1243 1801 1242
902 576 903 577
571 1457 572 1456
641 1471 642 1472
257 1772 258 1771
1286 844 1287 843
637 1945 638 1946
32 1469 33 1470
1254 1860 1255 1861
904 645 905 644
32 1218 33 1217
559 1265 560 1266
179 772 180 771
1937 1257 1938 1256
1858 488 1859 487
440 1572 441 1571
885 1930 886 1929
1740 941 1741 942
672 974 673 973
1715 601 1716 602
1367 74 1368 73
1038 1860 1039 1861
218 286 219 285
567 397 568 396
29 1274 30 1275
1541 415 1542 416
441 1165 442 1164
1020 1106 1021 1105
1821 903 1822 904
610 1332 611 1333
1191 722 1192 721
1466 785 1467 786
1457 424 1458 425
1254 354 1255 355
59 1578 60 1577
1347 382 1348 381
1318 978 1319 977
1681 1656 1682 1657
1477 488 1478 487
567 27 568 28
575 1712 576 1711
885 37 886 38
341 568 342 569
929 176 930 175
42 1656 43 1657
72 1841 73 1840
84 261 85 262
1744 1407 1745 1406
454 1416 455 1415
970 1416 971 1415
1899 1451 1900 1452
286 448 287 447
929 432 930 433
346 1409 347 1408
558 808 559 807
1881 222 1882 223
1376 529 1377 528
602 904 603 903
799 671 800 670
1774 1415 1775 1416
627 706 628 707
1168 984 1169 983
718 38 719 39
939 1868 940 1869
1886 871 1887 872
1717 888 1718 887
217 1015 218 1016
1367 544 1368 543
1344 710 1345 709
530 1863 531 1864
1022 162 1023 161
1131 807 1132 808
364 742 365 743
197 1153 198 1154
918 1151 919 1152
441 415 442 416
1917 857 1918 858
1943 1169 1944 1168
1930 1364 1931 1363
317 295 318 294
689 1863 690 1862
1177 745 1178 744
492 1510 493 1509
130 223 131 224
1001 970 1002 971
325 1113 326 1114
210 425 211 424
1161 8 1162 9
277 501 278 502
869 472 870 473
42 1053 43 1052
655 478 656 477
990 238 991 239
1783 743 1784 744
1762 1470 1763 1471
1102 1826 1103 1825
1342 1470 1343 1471
1991 361 1992 360
707 1971 708 1970
1115 295 1116 294
425 1623 426 1622
1114 1780 1115 1779
67 1363 68 1364
73 1436 74 1437
1066 1951 1067 1952
1318 416 1319 415
1679 1687 1680 1688
1763 1274 1764 1275
1092 1437 1093 1436
1030 1297 1031 1296
1039 1742 1040 1743
764 152 765 151
658 1336 659 1337
1174 414 1175 415
1116 204 1117 205
1848 1278 1849 1279
1596 706 1597 705
1003 1057 1004 1058
1520 1887 1521 1888
1881 513 1882 514
494 17 495 16
1811 1424 1812 1423
698 675 699 674
1052 132 1053 133
1102 1602 1103 1603
250 1456 251 1457
1351 1168 1352 1169
1351 1515 1352 1514
985 487 986 488
1931 872 1932 873
1899 1616 1900 1615
855 622 856 623
1442 796 1443 797
815 540 816 541
1260 964 1261 963
1766 561 1767 560
1093 35 1094 34
655 644 656 645
1931 1615 1932 1614
150 981 151 980
631 1748 632 1747
1332 1058 1333 1057
1452 204 1453 205
1154 529 1155 530
1147 1052 1148 1053
336 1186 337 1187
1183 1807 1184 1808
1174 622 1175 623
1848 1853 1849 1854
1838 131 1839 130
782 38 783 37
991 151 992 150
1305 55 1306 54
1720 1208 1721 1209
1128 1151 1129 1152
1382 813 1383 814
895 503 896 502
499 252 500 251
1618 1683 1619 1684
1186 1340 1187 1341
492 599 493 600
1428 1296 1429 1297
434 1015 435 1016
1320 697 1321 698
933 544 934 545
439 958 440 959
1052 1771 1053 1772
1237 273 1238 274
512 959 513 958
1811 421 1812 422
632 515 633 514
196 1638 197 1637
1297 43 1298 42
272 147 273 146
457 1182 458 1181
1370 1005 1371 1006
1762 1607 1763 1606
760 1341 761 1340
1965 1421 1966 1422
163 1600 164 1601
697 1973 698 1972
407 986 408 985
130 1982 131 1983
1921 80 1922 81
902 282 903 281
1746 837 1747 838
1254 514 1255 513
708 490 709 489
1931 448 1932 447
605 1825 606 1824
33 1708 34 1707
893 1602 894 1603
811 500 812 501
1578 282 1579 281
1717 32 1718 33
1659 502 1660 503
973 1285 974 1286
760 1983 761 1984
1111 401 1112 402
974 251 975 252
1428 1556 1429 1557
864 241 865 240
1971 54 1972 55
707 1470 708 1471
472 1587 473 1586
1039 1095 1040 1094
1630 281 1631 282
776 1463 777 1464
1159 1566 1160 1567
1618 1446 1619 1445
920 1340 921 1341
1229 1148 1230 1149
941 1066 942 1065
1825 188 1826 189
609 326 610 325
641 1785 642 1784
1392 396 1393 397
1005 381 1006 382
638 1482 639 1483
1599 1752 1600 1751
24 1780 25 1779
373 1984 374 1983
610 388 611 389
609 472 610 471
1800 1971 1801 1970
1001 959 1002 958
1754 1860 1755 1861
1037 1505 1038 1504
452 1166 453 1167
28 1051 29 1052
942 1562 943 1563
585 1105 586 1104
1229 111 1230 112
512 1266 513 1265
1168 1147 1169 1146
1991 1404 1992 1403
1766 294 1767 293
864 748 865 749
452 604 453 605
317 1525 318 1524
317 1772 318 1771
889 529 890 528
1629 844 1630 845
1233 703 1234 702
1890 1110 1891 1109
655 1348 656 1349
875 642 876 641
1392 217 1393 218
338 452 339 453
1746 834 1747 835
218 1677 219 1678
742 1645 743 1646
1222 1524 1223 1525
1247 955 1248 956
1451 1067 1452 1066
1681 1891 1682 1892
1254 1884 1255 1885
1712 1949 1713 1950
1277 248 1278 247
1838 1656 1839 1655
657 1995 658 1994
1996 1504 1997 1505
1143 87 1144 86
636 1248 637 1247
844 1509 845 1510
628 394 629 395
1921 1465 1922 1466
1767 988 1768 987
1123 1940 1124 1941
666 1408 667 1409
1290 283 1291 282
1094 1662 1095 1663
939 1285 940 1286
1062 1784 1063 1785
1241 1668 1242 1669
1451 618 1452 619
1466 832 1467 833
1990 1784 1991 1785
1783 1469 1784 1470
1368 644 1369 645
1560 209 1561 210
340 1693 341 1694
228 381 229 382
196 1110 197 1109
182 1465 183 1466
826 1446 827 1445
1872 268 1873 269
631 955 632 956
1614 1863 1615 1862
373 906 374 907
637 540 638 541
422 600 423 601
839 287 840 286
904 1663 905 1662
317 1487 318 1486
1382 273 1383 274
94 1148 95 1149
575 1525 576 1524
1189 776 1190 777
197 1392 198 1393
1428 1505 1429 1506
1176 1602 1177 1603
836 1457 837 1456
1894 1122 1895 1121
1758 360 1759 361
1743 1843 1744 1842
1330 1563 1331 1562
975 1431 976 1432
942 986 943 985
586 568 587 569
1350 776 1351 777
1826 710 1827 709
416 1101 417 1100
986 1288 987 1289
1062 63 1063 62
346 687 347 686
1382 1572 1383 1571
392 936 393 937
1015 1908 1016 1907
373 1104 374 1105
85 1323 86 1324
967 198 968 197
1838 1423 1839 1424
1099 1386 1100 1387
1848 1718 1849 1717
1330 1750 1331 1751
454 412 455 413
1348 1824 1349 1823
942 1167 943 1166
1305 1984 1306 1983
1052 447 1053 448
609 1059 610 1060
383 1152 384 1153
1300 1982 1301 1983
465 1921 466 1922
1183 1693 1184 1694
116 1935 117 1934
1252 1402 1253 1401
1887 325 1888 326
1727 1434 1728 1435
1783 406 1784 407
1001 1347 1002 1348
69 642 70 643
941 1566 942 1567
1879 1854 1880 1855
1705 360 1706 361
211 424 212 425
636 720 637 719
454 1697 455 1696
494 1610 495 1611
1452 351 1453 350
1185 188 1186 189
1101 1364 1102 1363
1679 790 1680 791
1525 1007 1526 1008
1629 600 1630 601
672 1305 673 1306
686 1558 687 1557
869 1950 870 1951
69 1674 70 1675
939 569 940 568
605 1164 606 1165
533 1888 534 1887
465 879 466 880
1938 1525 1939 1524
970 1945 971 1946
1237 1166 1238 1167
1382 360 1383 359
237 286 238 285
967 1977 968 1978
112 1868 113 1867
747 1409 748 1408
1149 867 1150 866
1233 1590 1234 1591
672 1946 673 1945
465 1835 466 1836
530 1472 531 1471
341 1813 342 1814
42 790 43 789
1115 722 1116 721
397 1421 398 1422
807 1105 808 1104
441 637 442 638
128 514 129 515
929 797 930 796
1398 971 1399 970
218 1211 219 1210
1185 1406 1186 1407
1872 295 1873 294
996 1530 997 1531
799 926 800 925
956 1915 957 1916
1937 1310 1938 1311
1724 605 1725 604
1153 1045 1154 1046
1172 1921 1173 1922
410 401 411 402
1020 148 1021 149
855 1275 856 1274
1226 743 1227 744
1725 622 1726 623
1005 1577 1006 1578
568 1409 569 1408
1020 315 1021 314
1712 1313 1713 1314
233 1648 234 1649
1177 1556 1178 1557
1229 1556 1230 1557
1186 54 1187 53
277 797 278 796
494 205 495 204
397 1889 398 1890
267 338 268 337
1800 209 1801 208
933 1046 934 1047
1415 436 1416 437
1990 1319 1991 1320
1687 1036 1688 1035
1881 1032 1882 1033
1679 1820 1680 1819
1222 389 1223 388
1313 261 1314 262
1657 1372 1658 1373
452 195 453 194
1378 1809 1379 1808
556 1385 557 1386
825 513 826 514
25 973 26 974
1368 1648 1369 1649
73 1031 74 1030
855 1296 856 1295
110 1094 111 1095
424 697 425 698
1996 1348 1997 1347
218 1577 219 1578
912 978 913 977
410 1505 411 1504
357 1907 358 1908
388 971 389 970
275 1009 276 1010
851 1563 852 1562
521 977 522 978
811 245 812 246
553 1636 554 1637
250 954 251 955
878 1289 879 1288
591 1429 592 1430
1292 1066 1293 1065
1378 1809 1379 1808
448 650 449 649
1329 752 1330 751
15 485 16 484
275 604 276 605
1868 984 1869 983
306 501 307 500
602 948 603 949
585 1505 586 1506
1828 1591 1829 1590
231 550 232 549
1870 1250 1871 1251
1254 1674 1255 1675
631 1114 632 1113
438 497 439 496
1904 1332 1905 1333
1172 1060 1173 1061
1376 208 1377 209
1127 655 1128 654
1092 8 1093 7
1866 65 1867 66
267 1123 268 1122
1378 758 1379 759
1241 813 1242 814
1092 1323 1093 1324
639 1826 640 1825
304 468 305 469
427 487 428 488
1458 1492 1459 1491
831 1992 832 1993
1715 947 1716 948
631 1614 632 1615
25 1844 26 1845
1890 1060 1891 1061
1762 341 1763 340
21 293 22 294
878 482 879 481
1762 255 1763 254
873 35 874 36
747 326 748 325
992 959 993 960
446 880 447 879
1168 1257 1169 1256
360 888 361 887
707 1007 708 1008
1804 1208 1805 1209
110 501 111 502
1553 1210 1554 1211
1743 132 1744 133
1750 302 1751 301
1725 1479 1726 1480
903 1149 904 1148
1428 1373 1429 1372
1496 131 1497 130
815 373 816 372
903 1472 904 1471
179 749 180 748
1991 282 1992 281
1038 81 1039 80
1887 408 1888 407
335 1747 336 1746
1744 702 1745 703
1485 1332 1486 1333
731 1754 732 1753
499 1348 500 1347
452 1707 453 1708
1868 1147 1869 1146
1291 1662 1292 1663
1347 986 1348 985
1443 1970 1444 1971
1648 1274 1649 1275
313 1337 314 1336
1596 1820 1597 1819
1763 1845 1764 1844
150 38 151 37
1567 784 1568 783
100 1400 101 1401
81 1184 82 1183
747 958 748 959
110 354 111 355
27 1256 28 1257
426 1714 427 1715
62 1537 63 1536
1909 3 1910 4
671 1434 672 1433
1318 283 1319 282
1237 1288 1238 1289
250 1104 251 1105
541 1486 542 1487
1783 1052 1784 1051
1392 343 1393 344
1311 1432 1312 1433
73 601 74 602
29 283 30 282
452 113 453 112
749 1351 750 1352
197 403 198 404
1247 1004 1248 1005
1971 113 1972 112
618 140 619 139
875 1162 876 1161
1899 139 1900 140
27 1479 28 1480
774 1983 775 1984
1525 1363 1526 1364
790 954 791 955
889 1085 890 1084
1189 403 1190 404
1560 1697 1561 1696
567 589 568 588
169 1936 170 1935
1805 1863 1806 1864
655 1819 656 1820
222 249 223 248
218 1992 219 1991
1886 1152 1887 1153
1870 1250 1871 1251
1341 252 1342 253
23 408 24 407
1938 387 1939 386
563 1411 564 1410
340 983 341 984
869 338 870 339
1744 1693 1745 1694
163 1675 164 1674
1147 696 1148 695
560 1907 561 1908
1081 313 1082 312
1001 850 1002 851
4 589 5 588
807 1964 808 1963
686 1274 687 1273
698 580 699 581
848 948 849 947
799 1994 800 1995
42 768 43 767
1835 1762 1836 1763
179 1948 180 1947
1330 1373 1331 1372
1005 1452 1006 1451
1899 412 1900 413
1596 894 1597 893
195 648 196 647
171 264 172 265
1525 1295 1526 1296
772 325 773 326
197 139 198 140
1964 955 1965 954
870 859 871 860
1504 1322 1505 1321
67 1239 68 1238
831 1655 832 1656
226 949 227 948
1854 1106 1855 1105
605 625 606 624
29 402 30 403
1477 373 1478 372
854 1606 855 1607
340 1146 341 1147
389 1837 390 1838
1395 35 1396 34
1803 536 1804 535
1406 140 1407 141
1131 478 1132 477
1872 1994 1873 1995
1930 599 1931 598
1857 205 1858 204
228 1432 229 1431
1725 906 1726 907
697 372 698 373
1431 246 1432 245
1382 1813 1383 1814
222 1449 223 1448
182 1505 183 1504
1411 453 1412 452
1648 1060 1649 1059
130 1321 131 1322
1687 1505 1688 1506
952 1232 953 1231
683 7 684 8
855 1982 856 1983
1553 1024 1554 1025
13 361 14 360
100 577 101 576
1451 1392 1452 1393
550 1861 551 1860
637 1387 638 1386
1424 114 1425 113
811 198 812 197
1367 95 1368 94
237 1286 238 1285
1702 1837 1703 1838
158 970 159 969
1222 1518 1223 1517
1114 1567 1115 1566
1671 1030 1672 1031
1899 438 1900 439
397 1010 398 1009
1715 1951 1716 1952
392 1658 393 1659
1350 139 1351 140
1703 1016 1704 1015
231 1335 232 1336
1887 1992 1888 1991
697 1550 698 1549
27 1024 28 1025
1724 55 1725 54
85 581 86 580
267 1060 268 1061
1657 1031 1658 1030
439 477 440 478
1899 1616 1900 1615
1566 1101 1567 1100
392 1979 393 1980
533 561 534 560
1071 375 1072 376
267 1819 268 1820
1854 224 1855 223
1442 210 1443 209
335 1660 336 1659
1872 1091 1873 1092
1215 1281 1216 1282
662 17 663 16
893 1854 894 1853
996 1274 997 1273
1740 1915 1741 1916
559 1335 560 1336
1442 1563 1443 1562
1854 295 1855 294
179 749 180 748
1378 1105 1379 1104
1561 771 1562 772
306 254 307 255
1869 977 1870 976
261 564 262 563
148 1471 149 1472
586 644 587 645
1143 623 1144 622
1496 218 1497 217
864 131 865 130
492 1403 493 1404
1768 1046 1769 1045
1070 1273 1071 1274
801 1738 802 1737
205 790 206 791
1567 1051 1568 1052
818 1243 819 1242
509 1964 510 1963
1163 677 1164 678
401 1845 402 1844
1222 1208 1223 1209
15 815 16 816
1757 697 1758 698
742 525 743 526
1836 1505 1837 1506
578 1820 579 1819
1766 949 1767 950
1750 1836 1751 1835
1759 1587 1760 1588
21 1668 22 1669
869 1420 870 1419
774 381 775 382
313 707 314 708
634 850 635 851
831 1005 832 1006
1015 407 1016 406
1288 1983 1289 1982
1351 1754 1352 1755
708 1587 709 1586
1899 1529 1900 1530
912 182 913 181
811 1941 812 1942
1415 1421 1416 1422
1124 513 1125 514
1398 254 1399 255
1768 1622 1769 1623
476 749 477 748
149 1536 150 1537
149 850 150 851
631 2 632 1
1667 1092 1668 1091
1123 1615 1124 1614
586 338 587 337
1115 210 1116 209
790 38 791 39
1395 1907 1396 1908
1553 1311 1554 1310
1111 1577 1112 1578
454 1486 455 1487
730 845 731 844
1955 1562 1956 1563
434 925 435 924
1931 162 1932 161
1566 1530 1567 1529
1874 1514 1875 1513
1394 637 1395 636
427 786 428 785
1071 1537 1072 1536
1005 1646 1006 1645
1697 271 1698 270
1890 850 1891 851
1020 210 1021 209
1142 1631 1143 1632
1299 147 1300 146
1735 1940 1736 1941
1087 255 1088 254
1854 1558 1855 1557
150 1742 151 1743
1964 528 1965 529
965 329 966 330
1116 263 1117 262
1767 1238 1768 1239
549 1780 550 1779
1458 1694 1459 1693
956 1914 957 1913
1438 609 1439 610
1560 432 1561 433
864 1011 865 1010
825 1424 826 1423
686 1785 687 1784
956 423 957 422
1795 1335 1796 1336
219 757 220 756
551 1832 552 1833
1172 478 1173 477
336 386 337 387
1938 1393 1939 1392
1997 1436 1998 1437
292 1025 293 1024
1746 1712 1747 1711
389 1977 390 1978
889 135 890 134
602 208 603 209
949 735 950 734
636 1052 637 1051
986 949 987 948
1778 1308 1779 1307
476 813 477 814
709 1070 710 1069
1290 834 1291 835
996 360 997 359
1894 721 1895 722
1093 1067 1094 1066
1949 835 1950 834
62 600 63 599
593 204 594 205
582 845 583 844
383 1152 384 1153
1484 173 1485 174
521 989 522 988
1651 783 1652 782
693 1945 694 1946
261 1505 262 1506
760 1203 761 1204
1291 644 1292 645
1475 1154 1476 1153
1392 1010 1393 1011
348 549 349 550
559 1160 560 1159
179 1682 180 1681
336 1273 337 1274
1370 1091 1371 1092
1369 17 1370 16
1700 1193 1701 1194
352 1564 353 1565
1142 1337 1143 1336
708 1683 709 1684
63 1049 64 1050
1630 1810 1631 1811
1712 139 1713 140
32 1980 33 1979
1411 735 1412 734
825 439 826 438
252 112 253 113
1321 1762 1322 1763
227 1204 228 1203
718 246 719 245
8 1487 9 1486
440 500 441 501
292 351 293 350
541 282 542 283
1185 1532 1186 1533
98 1890 99 1889
388 816 389 815
148 204 149 205
1759 1336 1760 1335
1744 1158 1745 1157
1676 1041 1677 1040
1921 777 1922 776
4 1830 5 1831
1174 1004 1175 1003
636 415 637 416
912 1247 913 1248
1943 843 1944 844
1659 514 1660 513
1904 1110 1905 1109
306 1509 307 1510
1286 973 1287 974
1411 785 1412 786
953 625 954 624
84 1208 85 1209
1071 326 1072 325
448 1323 449 1324
998 1057 999 1058
1803 1053 1804 1052
348 175 349 176
878 294 879 295
426 1176 427 1177
1712 1678 1713 1677
128 1104 129 1105
1220 1402 1221 1401
84 43 85 42
197 1320 198 1321
128 1176 129 1177
512 287 513 286
634 1950 635 1949
834 387 835 386
15 1688 16 1687
440 801 441 802
1102 1598 1103 1599
1347 354 1348 355
1687 416 1688 415
313 1564 314 1565
831 1959 832 1960
1277 675 1278 674
59 1545 60 1544
1557 1780 1558 1779
1143 783 1144 782
175 853 176 854
1443 246 1444 245
1938 1712 1939 1711
864 1319 865 1320
1514 1587 1515 1586
1005 616 1006 615
1964 51 1965 52
1402 379 1403 378
571 1660 572 1659
1485 1615 1486 1616
1803 1058 1804 1057
747 816 748 815
1290 238 1291 237
1876 147 1877 146
949 1944 950 1943
181 1599 182 1598
1712 1814 1713 1813
1762 1964 1763 1963
1286 282 1287 283
1971 1470 1972 1471
73 1052 74 1051
1899 1546 1900 1545
1800 1295 1801 1296
472 1218 473 1217
1055 1108 1056 1107
666 1835 667 1836
1705 1694 1706 1693
1904 974 1905 973
634 338 635 337
1457 1424 1458 1425
718 55 719 54
90 1717 91 1718
1071 853 1072 854
1290 1266 1291 1265
1734 191 1735 192
1261 452 1262 453
1944 1885 1945 1884
956 783 957 782
935 1183 936 1184
1066 860 1067 859
610 1976 611 1977
366 574 367 575
974 1510 975 1509
1376 1967 1377 1968
811 560 812 561
1498 655 1499 654
389 1762 390 1763
1168 581 1169 580
541 924 542 925
179 1675 180 1674
98 470 99 471
1342 1295 1343 1296
219 73 220 74
233 909 234 910
558 1451 559 1452
1186 622 1187 623
1091 1060 1092 1059
275 937 276 938
357 774 358 773
1091 1084 1092 1085
1807 549 1808 550
1261 162 1262 161
352 621 353 620
422 789 423 790
1715 485 1716 486
769 666 770 667
512 974 513 973
1127 1363 1128 1364
870 1563 871 1562
571 907 572 906
956 245 957 246
918 1808 919 1809
553 321 554 322
1520 271 1521 270
1367 1162 1368 1161
701 540 702 541
1766 27 1767 26
222 54 223 53
825 481 826 482
953 1747 954 1746
410 1266 411 1265
158 1964 159 1963
973 948 974 949
205 1960 206 1959
1503 1672 1504 1671
831 1831 832 1830
161 167 162 168
1990 939 1991 938
476 175 477 176
1092 1257 1093 1256
1101 1982 1102 1983
440 16 441 17
1612 1807 1613 1808
1793 1686 1794 1685
1517 485 1518 486
440 903 441 904
939 337 940 338
775 842 776 841
1116 1505 1117 1506
1825 1152 1826 1151
366 413 367 412
1395 1446 1396 1445
610 621 611 620
150 273 151 274
986 497 987 496
1525 1084 1526 1085
1185 970 1186 969
1762 838 1763 839
1720 218 1721 217
991 1318 992 1317
1030 1606 1031 1605
59 954 60 955
694 699 695 698
1431 1984 1432 1983
1369 910 1370 909
689 748 690 749
214 867 215 866
395 502 396 503
986 959 987 960
860 744 861 745
1128 1311 1129 1310
893 757 894 756
1115 381 1116 382
1679 1313 1680 1314
1671 1480 1672 1479
952 969 953 970
632 1177 633 1176
1028 940 1029 941
1300 1432 1301 1433
553 906 554 907
1330 1105 1331 1104
609 948 610 949
1022 1471 1023 1472
1477 485 1478 486
29 677 30 676
641 1121 642 1122
657 633 658 632
1618 340 1619 339
1211 1660 1212 1659
930 452 931 453
325 1305 326 1306
1612 699 1613 698
1831 580 1832 581
559 1588 560 1587
1170 471 1171 470
757 1296 758 1297
560 131 561 132
1592 1469 1593 1470
231 274 232 273
84 1557 85 1558
1443 1824 1444 1825
21 1840 22 1839
383 412 384 413
425 777 426 776
991 339 992 338
1735 73 1736 74
1943 1909 1944 1910
1003 960 1004 959
1557 1615 1558 1614
515 470 516 471
1015 1935 1016 1936
1803 1321 1804 1320
1783 1004 1784 1003
1514 947 1515 948
839 286 840 285
1553 299 1554 300
410 974 411 973
774 1433 775 1432
778 1487 779 1486
284 185 285 184
231 721 232 722
1965 197 1966 198
1411 241 1412 240
1150 1750 1151 1751
348 1046 349 1047
970 776 971 777
1451 1100 1452 1099
1123 858 1124 857
492 791 493 790
1042 1550 1043 1549
1937 1470 1938 1469
1815 937 1816 938
1854 1295 1855 1296
855 789 856 790
237 1049 238 1050
1191 791 1192 790
982 1030 983 1031
912 376 913 375
98 470 99 471
920 1916 921 1915
1071 337 1072 338
1425 9 1426 8
1114 1445 1115 1446
568 1687 569 1688
672 1250 673 1251
1725 937 1726 936
782 502 783 501
776 1005 777 1004
1347 575 1348 574
1099 1973 1100 1972
1869 1181 1870 1182
141 938 142 939
1734 1693 1735 1694
563 394 564 395
1032 1498 1033 1497
658 1249 659 1248
59 1335 60 1334
1142 1935 1143 1936
730 1570 731 1571
340 1052 341 1051
1582 185 1583 184
1494 737 1495 738
252 1411 253 1410
270 1608 271 1609
851 421 852 422
1930 955 1931 956
1938 621 1939 620
1498 707 1499 708
1805 1010 1806 1009
1801 1771 1802 1772
367 645 368 644
815 1278 816 1279
683 1308 684 1307
1762 238 1763 239
1176 1717 1177 1718
1477 702 1478 703
1517 1336 1518 1337
90 1946 91 1945
1369 326 1370 325
530 790 531 791
231 759 232 758
1321 1045 1322 1046
632 113 633 112
424 149 425 148
585 401 586 402
1762 416 1763 415
904 181 905 182
169 1336 170 1337
811 655 812 654
171 1231 172 1232
1025 1358 1026 1359
1629 1498 1630 1497
148 486 149 485
1750 1122 1751 1123
878 1181 879 1182
317 1336 318 1335
831 938 832 939
1368 933 1369 934
1716 1618 1717 1619
860 649 861 650
1867 621 1868 620
1991 1491 1992 1492
929 1947 930 1948
1038 269 1039 268
1828 436 1829 437
325 949 326 948
1431 1402 1432 1401
1023 1750 1024 1751
1894 1960 1895 1959
33 1446 34 1445
175 285 176 286
1093 1067 1094 1066
391 1540 392 1541
1111 1737 1112 1738
1458 1890 1459 1889
1868 602 1869 601
1055 354 1056 355
1220 502 1221 503
1908 1456 1909 1457
707 1226 708 1225
472 262 473 263
1741 1137 1742 1136
312 198 313 199
13 135 14 134
457 1785 458 1784
585 408 586 407
567 223 568 222
1885 1095 1886 1094
427 1279 428 1278
903 1185 904 1184
708 1825 709 1826
1657 1151 1658 1152
558 430 559 429
284 1941 285 1942
40 1518 41 1517
1191 796 1192 797
232 1471 233 1472
855 1321 856 1322
982 1432 983 1431
811 192 812 191
1993 1095 1994 1094
1804 767 1805 768
81 734 82 735
1854 1282 1855 1281
1069 135 1070 134
973 1349 974 1348
1648 1715 1649 1714
1629 1807 1630 1808
1398 851 1399 850
24 1361 25 1360
38 1894 39 1893
1766 254 1767 255
1020 62 1021 63
1150 89 1151 88
1212 1274 1213 1275
1299 860 1300 859
1291 1861 1292 1860
306 35 307 34
816 1469 817 1470
158 1403 159 1404
1369 1027 1370 1026
816 1035 817 1036
952 1278 953 1279
1762 1445 1763 1446
870 486 871 485
401 1755 402 1754
610 295 611 294
1747 435 1748 434
636 802 637 801
1350 1504 1351 1505
1885 42 1886 43
1596 375 1597 376
325 1921 326 1922
391 968 392 969
1498 1707 1499 1708
214 1619 215 1618
226 1344 227 1343
28 263 29 262
1881 148 1882 149
1069 544 1070 543
1890 1677 1891 1678
563 338 564 339
760 1295 761 1296
1737 1496 1738 1495
1997 1998 2000
938 666 939 665
243 1556 244 1555
1458 887 1459 888
1414 378 1415 379
1763 905 1764 906
1840 324 1841 323
1582 1821 1583 1820
1669 834 1670 835
1503 782 1504 783
1867 1299 1868 1300
1202 1852 1203 1851
507 1306 508 1307
912 761 913 762
756 451 757 450
269 1355 270 1354
124 756 125 755
1083 1134 1084 1135
637 451 638 452
357 739 358 740
1818 886 1819 885
1991 1244 1992 1243
196 392 197 391
131 1785 132 1784
1900 604 1901 603
673 1911 674 1912
79 1833 80 1834
1972 936 1973 935
1307 360 1308 361
1251 27 1252 28
100 1155 101 1156
1619 1400 1620 1401
1294 305 1295 304
289 88 290 87
57 1649 58 1648
1230 735 1231 736
1473 839 1474 840
664 651 665 652
1869 477 1870 478
921 707 922 706
1918 1657 1919 1658
1805 555 1806 554
735 1872 736 1871
829 368 830 369
1597 1760 1598 1759
859 1729 860 1730
1439 1342 1440 1341
297 1482 298 1483
1679 1638 1680 1639
1565 987 1566 988
1637 231 1638 232
415 1691 416 1690
636 468 637 469
1517 1544 1518 1545
4 1659 5 1660
292 1973 293 1972
151 652 152 651
102 1979 103 1980
1972 1119 1973 1120
1415 723 1416 724
1404 1645 1405 1646
888 236 889 237
1357 336 1358 335
1713 829 1714 830
47 42 48 41
1777 431 1778 430
1042 569 1043 570
73 1029 74 1028
860 610 861 611
711 1394 712 1395
270 570 271 569
1602 1105 1603 1106
1708 1265 1709 1264
1464 883 1465 884
566 378 567 379
1805 508 1806 507
1125 841 1126 842
1978 1921 1979 1920
978 1008 979 1009
1036 422 1037 423
935 1408 936 1407
1340 857 1341 856
144 1668 145 1669
1619 236 1620 237
1092 1671 1093 1670
1283 1933 1284 1932
21 1983 22 1982
112 1773 113 1772
167 426 168 425
906 1185 907 1186
801 1167 802 1166
289 644 290 643
338 912 339 911
1647 368 1648 369
1524 1164 1525 1165
1538 1617 1539 1616
543 330 544 331
311 547 312 548
746 888 747 887
2 162 3 161
1294 438 1295 437
1908 31 1909 30
434 1076 435 1075
1643 325 1644 326
716 239 717 238
1611 545 1612 544
1632 287 1633 286
1175 1488 1176 1489
1157 1973 1158 1972
1593 512 1594 513
750 779 751 780
1706 592 1707 593
1012 437 1013 436
939 722 940 721
424 1971 425 1972
1784 18 1785 17
1757 1780 1758 1781
536 1016 537 1015
1974 1155 1975 1154
598 1453 599 1452
747 908 748 907
61 1451 62 1450
1908 1460 1909 1461
471 453 472 454
1669 466 1670 467
1980 1289 1981 1288
804 1047 805 1048
349 291 350 292
571 936 572 937
1780 210 1781 209
1137 236 1138 237
943 1316 944 1315
1402 1129 1403 1128
1723 1488 1724 1489
185 1300 186 1299
924 1487 925 1486
1632 761 1633 762
337 23 338 22
730 451 731 450
1479 1026 1480 1027
269 1488 270 1489
1712 605 1713 604
1398 1834 1399 1835
912 633 913 634
882 4 883 3
1816 936 1817 937
1940 504 1941 503
334 87 335 88
293 560 294 559
1402 1549 1403 1548
711 1535 712 1536
63 1475 64 1474
1694 269 1695 268
479 782 480 783
1823 1996 1824 1995
795 611 796 610
606 799 607 798
422 1640 423 1641
832 894 833 893
1166 1267 1167 1268
481 1509 482 1508
131 1621 132 1620
643 434 644 433
1578 280 1579 279
499 448 500 447
335 1252 336 1251
1979 1815 1980 1814
607 788 608 787
1826 1766 1827 1767
1873 1671 1874 1672
219 509 220 510
1359 1982 1360 1983
477 1250 478 1251
1166 160 1167 161
461 1797 462 1798
591 380 592 379
1353 1620 1354 1621
1748 625 1749 624
1841 305 1842 304
57 1776 58 1775
1918 41 1919 42
1473 45 1474 46
142 1437 143 1438
1977 41 1978 42
1669 188 1670 187
1404 706 1405 707
1267 146 1268 147
1840 1966 1841 1965
1488 1449 1489 1448
1497 496 1498 495
1216 1539 1217 1538
1602 503 1603 502
262 1736 263 1735
1256 952 1257 951
756 1897 757 1896
1374 188 1375 189
1359 1691 1360 1690
1428 886 1429 885
1809 1545 1810 1546
57 762 58 761
58 5 59 4
591 109 592 110
703 870 704 871
1357 1508 1358 1509
1798 1624 1799 1625
241 374 242 373
292 614 293 615
466 765 467 764
1788 780 1789 779
286 592 287 593
110 1871 111 1872
1507 146 1508 147
1371 1073 1372 1074
1712 1806 1713 1805
1922 1063 1923 1062
1413 798 1414 799
1187 652 1188 651
1016 1076 1017 1075
693 425 694 426
534 1190 535 1189
153 787 154 788
939 1357 940 1358
498 1984 499 1983
882 625 883 624
201 533 202 532
1036 1639 1037 1638
151 1106 152 1105
1723 1714 1724 1715
1831 617 1832 616
574 1915 575 1916
1788 951 1789 952
1837 336 1838 335
1355 590 1356 589
1539 713 1540 712
1459 471 1460 470
1723 1922 1724 1923
1873 237 1874 236
1225 142 1226 141
1307 496 1308 495
1875 568 1876 567
1632 964 1633 965
216 590 217 589
1620 96 1621 95
284 188 285 187
1294 990 1295 991
1903 417 1904 416
241 68 242 69
1778 1015 1779 1016
1826 191 1827 190
1175 1105 1176 1104
1857 136 1858 137
361 1505 362 1504
294 1645 295 1646
292 330 293 331
1238 150 1239 151
16 1806 17 1805
533 1922 534 1921
1745 536 1746 535
1127 1805 1128 1804
1984 1057 1985 1058
852 1452 853 1453
1613 468 1614 469
605 1415 606 1414
1111 62 1112 61
1095 1973 1096 1972
1003 241 1004 240
1183 1728 1184 1729
647 45 648 46
1679 223 1680 224
234 1055 235 1054
1816 1967 1817 1966
520 518 521 519
1424 1654 1425 1653
1994 453 1995 454
1979 1912 1980 1911
770 1405 771 1404
978 1478 979 1479
1306 506 1307 505
572 1609 573 1610
477 1940 478 1939
278 827 279 826
178 1669 179 1668
573 1265 574 1264
1345 1515 1346 1514
501 601 502 602
1512 84 1513 83
1831 157 1832 156
471 633 472 634
1368 381 1369 380
1502 1508 1503 1509
206 1339 207 1340
403 1317 404 1318
852 878 853 879
576 469 577 468
964 1760 965 1759
235 1052 236 1051
1636 1857 1637 1856
579 1747 580 1748
896 870 897 871
1929 559 1930 560
1643 780 1644 779
1873 845 1874 844
643 1372 644 1371
939 1972 940 1973
1801 1491 1802 1492
888 1682 889 1683
21 1728 22 1727
102 564 103 563
349 125 350 126
93 1794 94 1793
1582 1781 1583 1782
404 1472 405 1471
950 687 951 688
466 463 467 462
1413 1155 1414 1156
1414 1288 1415 1287
47 1445 48 1444
660 506 661 505
1880 791 1881 792
825 880 826 879
1941 156 1942 157
845 1072 846 1071
1333 331 1334 330
747 54 748 55
338 471 339 470
573 222 574 223
1355 1714 1356 1715
1142 1358 1143 1359
1688 1680 1689 1681
1091 1775 1092 1776
286 1884 287 1883
935 1805 936 1806
188 644 189 645
1007 893 1008 894
1265 1257 1266 1258
1072 248 1073 247
1413 1251 1414 1252
1752 936 1753 935
1428 894 1429 893
1398 1176 1399 1177
1679 1654 1680 1653
703 452 704 453
825 1174 826 1175
381 83 382 84
367 512 368 513
135 151 136 152
1679 1461 1680 1460
145 666 146 665
335 328 336 329
286 1810 287 1809
792 902 793 901
1963 856 1964 855
1474 1467 1475 1468
167 471 168 470
1908 1028 1909 1029
1741 1247 1742 1246
619 463 620 462
832 545 833 544
693 1785 694 1784
367 1671 368 1672
403 1251 404 1252
1672 1806 1673 1805
732 1814 733 1813
1 1487 2 1488
536 1451 537 1450
155 936 156 935
100 1410 101 1411
568 1395 569 1396
1109 1921 1110 1920
1569 1639 1570 1638
1602 1404 1603 1405
795 1656 796 1655
183 215 184 216
199 1939 200 1938
1026 1357 1027 1358
1333 188 1334 187
1735 46 1736 47
301 648 302 649
943 1424 944 1425
1503 907 1504 908
1428 1175 1429 1176
1404 833 1405 834
183 1153 184 1152
1815 454 1816 455
241 545 242 544
702 1694 703 1693
869 1570 870 1571
1499 1944 1500 1943
269 1741 270 1742
326 1727 327 1726
949 1400 950 1401
938 1741 939 1742
1180 1624 1181 1625
1488 1497 1489 1498
1125 1645 1126 1646
1604 1191 1605 1192
1817 209 1818 210
888 1884 889 1883
1811 565 1812 564
1809 322 1810 323
905 1640 906 1641
544 1685 545 1684
1826 1727 1827 1728
1723 1336 1724 1335
938 1047 939 1046
616 328 617 327
1574 651 1575 652
1778 1134 1779 1135
1795 558 1796 559
1036 1603 1037 1604
1672 236 1673 237
671 77 672 76
860 984 861 983
498 1973 499 1972
548 881 549 882
572 416 573 417
1120 357 1121 356
1578 1054 1579 1055
456 1559 457 1560
596 1137 597 1138
234 1791 235 1790
1382 14 1383 15
769 666 770 665
188 721 189 722
660 1479 661 1478
1611 727 1612 728
970 308 971 309
1108 1645 1109 1646
1777 1701 1778 1700
167 714 168 715
338 1851 339 1852
1867 465 1868 464
1400 1336 1401 1335
812 453 813 452
1222 1109 1223 1110
877 578 878 579
127 416 128 417
775 1152 776 1153
53 1747 54 1748
882 1983 883 1984
1849 464 1850 463
498 581 499 582
1271 1372 1272 1371
1647 748 1648 747
1242 1316 1243 1317
1669 1580 1670 1579
1102 1549 1103 1548
1108 450 1109 451
335 828 336 827
634 1552 635 1551
1764 1355 1765 1354
1616 383 1617 384
1929 845 1930 846
601 895 602 896
53 1156 54 1157
1695 1719 1696 1718
1240 1200 1241 1201
320 1396 321 1397
1941 374 1942 375
1382 1536 1383 1535
1901 1777 1902 1776
1979 72 1980 73
1518 1944 1519 1943
492 1391 493 1390
1710 1433 1711 1434
1914 1682 1915 1683
643 200 644 201
846 1955 847 1954
950 84 951 83
217 1809 218 1810
933 1901 934 1900
1849 1733 1850 1732
1672 357 1673 356
1461 1610 1462 1609
102 1344 103 1343
1494 250 1495 249
1679 592 1680 591
241 1174 242 1175
228 514 229 513
145 548 146 549
199 1450 200 1451
1122 1141 1123 1142
57 450 58 451
206 1072 207 1073
572 1384 573 1383
1813 1452 1814 1453
245 1062 246 1063
452 1604 453 1605
574 1806 575 1805
920 829 921 830
340 509 341 510
1805 625 1806 624
415 1876 416 1877
1887 1606 1888 1605
1880 1396 1881 1395
1575 184 1576 183
1133 1871 1134 1872
196 396 197 397
1659 1333 1660 1334
187 1660 188 1659
1671 603 1672 602
844 600 845 601
170 69 171 68
1102 1056 1103 1055
1815 416 1816 417
1321 1591 1322 1590
1410 1690 1411 1691
1469 264 1470 265
1778 1570 1779 1571
1617 1594 1618 1595
334 399 335 400
1972 1660 1973 1661
809 1897 810 1896
57 879 58 878
1166 1656 1167 1657
997 467 998 468
1811 891 1812 890
908 1810 909 1809
1788 4 1789 3
814 328 815 329
544 601 545 600
808 633 809 634
1887 878 1888 879
1713 996 1714 997
1333 615 1334 614
17 1740 18 1739
1710 431 1711 430
1398 1834 1399 1835
456 841 457 842
144 489 145 490
338 1657 339 1656
1358 1363 1359 1364
508 156 509 157
1759 1217 1760 1216
215 1939 216 1940
1869 1014 1870 1013
1849 559 1850 558
1524 139 1525 140
72 1852 73 1851
1795 219 1796 218
828 240 829 241
1777 1155 1778 1156
543 1200 544 1201
444 84 445 83
1554 423 1555 422
869 1501 870 1500
234 1590 235 1589
859 139 860 140
13 1480 14 1479
93 1433 94 1434
906 996 907 997
1033 1804 1034 1803
850 1189 851 1190
61 1777 62 1778
167 1590 168 1589
1113 1537 1114 1536
508 269 509 270
1518 353 1519 352
1949 1467 1950 1468
368 51 369 50
98 964 99 965
1294 871 1295 870
695 464 696 465
1431 1955 1432 1954
207 887 208 888
1428 1407 1429 1408
1778 310 1779 309
1723 447 1724 448
1613 292 1614 291
1023 1016 1024 1015
1091 1835 1092 1834
489 1054 490 1055
1122 893 1123 894
481 554 482 555
1550 1914 1551 1915
1708 1156 1709 1157
1550 466 1551 467
479 1906 480 1907
1844 1727 1845 1728
993 1190 994 1189
340 1291 341 1292
178 1474 179 1475
804 374 805 373
940 1938 941 1937
1443 1395 1444 1396
1534 1500 1535 1501
1949 1208 1950 1209
1114 617 1115 616
1887 1839 1888 1840
1308 504 1309 503
1042 1954 1043 1955
216 246 217 247
1108 1955 1109 1954
829 1505 830 1506
340 1091 341 1090
1569 1395 1570 1394
144 613 145 612
980 1503 981 1502
350 517 351 516
535 845 536 846
520 558 521 559
826 1814 827 1815
1972 1729 1973 1728
186 1061 187 1060
1400 871 1401 870
812 1714 813 1715
1410 880 1411 879
980 987 981 988
212 120 213 121
1166 417 1167 416
795 987 796 988
611 1714 612 1713
717 1748 718 1747
717 829 718 830
202 1028 203 1027
1459 264 1460 263
1004 287 1005 286
1741 610 1742 611
1211 1400 1212 1401
826 379 827 380
1907 1922 1908 1923
1755 1834 1756 1835
769 416 770 417
1455 464 1456 463
1348 396 1349 397
1679 1922 1680 1921
1294 110 1295 109
673 610 674 611
1764 224 1765 223
1202 47 1203 46
1210 1992 1211 1991
581 1232 582 1231
1461 1317 1462 1318
290 1657 291 1658
1611 374 1612 373
47 1883 48 1884
935 1939 936 1938
1316 1179 1317 1178
771 858 772 857
1880 578 1881 579
403 228 404 229
377 1692 378 1693
1594 688 1595 689
1636 632 1637 631
891 1372 892 1371
481 1901 482 1902
1095 1128 1096 1129
1109 1131 1110 1130
1636 952 1637 951
1033 1589 1034 1590
1102 549 1103 548
12 1501 13 1500
1972 1884 1973 1883
1273 236 1274 237
887 1521 888 1520
326 161 327 162
908 306 909 305
284 858 285 857
1696 1760 1697 1761
176 1390 177 1391
1294 747 1295 748
1469 1027 1470 1026
1679 380 1680 379
1399 709 1400 708
770 454 771 453
1250 1940 1251 1939
1149 1982 1150 1981
479 1013 480 1014
647 1564 648 1565
45 1219 46 1218
401 1502 402 1503
1838 1282 1839 1281
603 991 604 992
1431 222 1432 223
907 1445 908 1444
1180 1260 1181 1259
367 392 368 391
403 431 404 430
1837 1794 1838 1793
703 1638 704 1639
846 1483 847 1482
166 228 167 229
630 1686 631 1687
859 1268 860 1267
1400 1810 1401 1809
1780 453 1781 454
1706 1480 1707 1481
320 1057 321 1058
1469 657 1470 656
506 1780 507 1779
4 1981 5 1982
1647 513 1648 514
1840 545 1841 544
623 1725 624 1726
451 1734 452 1733
1183 191 1184 190
1869 1589 1870 1590
829 1014 830 1013
890 812 891 813
1835 1243 1836 1244
1007 875 1008 874
234 714 235 715
207 418 208 417
1898 46 1899 47
695 1298 696 1297
1137 324 1138 323
1917 1791 1918 1790
1818 156 1819 157
1379 1358 1380 1359
334 1289 335 1288
671 1264 672 1265
501 161 502 162
1157 1700 1158 1701
45 1621 46 1620
1367 464 1368 463
1275 1825 1276 1826
963 1919 964 1918
1333 1940 1334 1939
376 1618 377 1617
4 423 5 422
1795 1317 1796 1318
1698 1982 1699 1981
1613 55 1614 54
1940 1191 1941 1192
1578 808 1579 807
1980 369 1981 368
1170 1513 1171 1512
1398 1372 1399 1371
442 1152 443 1153
48 435 49 434
619 87 620 88
1582 560 1583 559
1535 1728 1536 1729
543 828 544 827
207 1708 208 1707
481 624 482 625
1348 779 1349 778
133 1983 134 1984
1355 268 1356 269
1157 231 1158 230
1710 549 1711 548
1180 871 1181 870
746 1672 747 1671
1413 825 1414 826
1632 1948 1633 1947
1401 952 1402 951
1502 1406 1503 1405
1240 602 1241 603
1956 753 1957 752
1823 1468 1824 1467
716 1935 717 1936
1328 1715 1329 1714
1250 1027 1251 1026
845 126 846 125
1368 467 1369 466
1724 941 1725 940
1471 1488 1472 1487
1603 1546 1604 1545
636 792 637 791
1800 1217 1801 1216
1356 617 1357 616
1607 1450 1608 1451
1695 874 1696 875
1026 1433 1027 1434
1404 1848 1405 1849
224 126 225 125
359 1480 360 1479
1811 454 1812 455
81 1747 82 1748
219 908 220 907
492 625 493 624
1734 1333 1735 1334
824 1635 825 1634
144 79 145 80
1225 1535 1226 1536
744 346 745 347
1125 601 1126 602
846 214 847 215
420 1178 421 1177
61 464 62 463
196 1104 197 1105
1258 782 1259 781
1867 1480 1868 1479
1723 1478 1724 1479
498 1044 499 1045
401 84 402 83
16 1653 17 1654
1344 416 1345 417
770 76 771 77
508 378 509 379
100 513 101 514
760 1777 761 1778
334 1486 335 1485
154 1047 155 1046
1003 1668 1004 1669
1068 688 1069 689
1509 771 1510 770
1562 1950 1563 1949
1991 471 1992 470
1764 1676 1765 1675
1461 470 1462 471
1325 250 1326 251
1603 844 1604 845
359 559 360 558
693 1988 694 1989
647 438 648 437
1940 1691 1941 1690
246 1782 247 1781
1869 451 1870 450
357 247 358 246
1175 1676 1176 1675
730 1883 731 1884
500 1844 501 1843
1675 1291 1676 1292
980 191 981 190
1794 1254 1795 1253
543 1448 544 1449
1873 1029 1874 1028
289 451 290 450
1344 1216 1345 1217
1122 47 1123 46
1971 109 1972 110
1322 477 1323 476
279 55 280 54
1004 651 1005 652
1698 807 1699 808
930 564 931 563
145 553 146 552
1372 706 1373 707
310 645 311 644
1092 870 1093 871
1921 1592 1922 1593
1108 1834 1109 1835
877 368 878 369
721 1923 722 1922
1499 1453 1500 1452
479 559 480 560
825 1660 826 1661
176 1694 177 1693
1587 576 1588 575
978 447 979 448
1357 489 1358 490
1954 1809 1955 1810
349 840 350 839
389 604 390 603
1780 812 1781 813
1471 1546 1472 1545
1414 478 1415 477
531 404 532 403
133 1167 134 1166
81 1697 82 1698
1695 738 1696 737
42 379 43 378
746 238 747 239
405 1726 406 1727
760 1355 761 1356
1240 904 1241 905
1488 356 1489 357
769 1935 770 1934
589 391 590 392
1329 91 1330 92
872 1756 873 1755
325 1424 326 1423
328 253 329 252
1817 1051 1818 1052
1440 159 1441 158
1322 1900 1323 1901
13 1672 14 1671
703 1505 704 1504
1800 1700 1801 1699
57 1645 58 1646
310 613 311 612
499 1354 500 1355
1102 1983 1103 1984
37 1714 38 1715
1613 45 1614 46
102 150 103 151
850 1979 851 1980
1507 517 1508 516
1137 1670 1138 1671
1708 265 1709 264
1356 47 1357 46
442 46 443 45
127 536 128 535
1972 1243 1973 1242
1887 622 1888 623
350 295 351 294
1794 1190 1795 1189
1797 552 1798 553
498 826 499 825
1959 1153 1960 1152
1036 1322 1037 1323
601 548 602 547
133 508 134 507
1826 560 1827 559
907 1610 908 1609
396 95 397 94
14 118 15 119
206 510 207 509
1042 1805 1043 1806
234 1370 235 1369
1837 1902 1838 1901
1684 223 1685 222
572 514 573 513
372 1358 373 1359
131 1014 132 1013
310 1508 311 1509
1120 1498 1121 1497
1400 240 1401 241
1695 222 1696 223
989 767 990 768
1826 441 1827 440
1823 1604 1824 1603
217 582 218 581
1979 1805 1980 1806
1166 905 1167 906
1755 636 1756 635
1873 92 1874 91
591 686 592 687
775 893 776 894
1102 951 1103 952
1917 1474 1918 1475
970 644 971 645
1741 545 1742 544
185 1638 186 1639
747 713 748 712
1695 46 1696 47
1708 344 1709 343
1918 1318 1919 1317
57 1776 58 1775
605 807 606 808
403 1491 404 1490
1811 644 1812 645
1306 191 1307 190
1795 1155 1796 1156
1271 1238 1272 1239
1218 1371 1219 1372
1311 361 1312 362
1869 1732 1870 1733
1462 1780 1463 1779
269 261 270 262
461 1698 462 1697
1149 1128 1150 1129
198 546 199 547
770 1047 771 1048
1837 234 1838 235
530 1298 531 1297
1371 936 1372 935
1400 1660 1401 1659
20 1049 21 1048
1994 611 1995 610
727 70 728 69
1175 164 1176 165
1798 855 1799 856
133 1190 134 1189
199 825 200 826
246 46 247 47
21 717 22 716
1380 852 1381 851
427 548 428 549
1355 1857 1356 1856
477 1250 478 1251
1890 664 1891 663
381 1553 382 1552
357 935 358 936
1871 79 1872 80
289 1760 290 1759
908 548 909 547
1764 1120 1765 1121
427 495 428 496
908 261 909 262
1603 84 1604 83
1470 251 1471 250
972 696 973 697
890 937 891 936
647 643 648 644
292 471 293 470
1004 1046 1005 1047
964 1954 965 1955
1675 1410 1676 1411
212 1639 213 1638
1398 1395 1399 1396
1959 787 1960 788
1225 558 1226 559
1404 1936 1405 1935
1812 302 1813 301
1183 1046 1184 1047
771 603 772 602
661 505 662 506
1211 41 1212 42
1256 1979 1257 1980
1308 771 1309 770
1898 478 1899 477
471 516 472 517
1741 1247 1742 1248
1684 1646 1685 1645
826 1546 827 1545
1727 1118 1728 1119
1949 871 1950 870
846 545 847 544
93 489 94 490
891 939 892 938
1742 647 1743 648
1404 1877 1405 1876
1801 980 1802 979
1602 1549 1603 1548
1771 1875 1772 1876
1503 179 1504 180
1532 403 1533 404
1898 461 1899 462
9 1100 10 1101
1443 1112 1444 1113
620 1451 621 1450
368 51 369 50
908 391 909 392
794 1164 795 1165
284 1317 285 1318
320 309 321 310
289 46 290 45
1539 437 1540 438
885 423 886 422
591 779 592 778
717 872 718 871
736 1505 737 1506
53 826 54 825
1424 544 1425 545
344 271 345 272
644 45 645 46
1403 134 1404 135
1723 164 1724 165
422 1142 423 1143
917 140 918 139
506 1544 507 1543
859 1854 860 1855
702 453 703 452
1023 453 1024 452
275 513 276 512
1963 77 1964 76
767 995 768 996
543 187 544 188
695 1685 696 1684
1818 1622 1819 1623
1138 348 1139 347
1271 1090 1272 1091
479 514 480 513
715 1355 716 1356
1273 36 1274 37
1095 3 1096 4
434 453 435 454
838 980 839 979
368 1027 369 1026
1710 896 1711 895
894 832 895 833
1840 514 1841 513
1679 269 1680 268
527 1787 528 1786
1816 1483 1817 1482
896 282 897 281
154 1719 155 1718
188 372 189 371
912 1954 913 1955
1735 269 1736 270
21 570 22 569
1582 771 1583 770
357 1988 358 1989
1980 792 1981 791
837 1646 838 1645
717 380 718 381
477 452 478 451
1483 1699 1484 1700
452 1852 453 1851
1846 18 1847 19
1348 1981 1349 1982
530 709 531 710
1856 1708 1857 1707
477 1478 478 1477
1458 469 1459 468
1154 47 1155 46
1424 1766 1425 1767
45 1014 46 1013
896 425 897 426
1402 582 1403 581
1471 505 1472 506
498 1119 499 1120
1871 360 1872 361
357 1907 358 1906
1443 292 1444 291
1347 1821 1348 1822
187 1135 188 1134
723 595 724 596
492 1109 493 1108
1401 807 1402 808
1104 308 1105 307
964 991 965 992
721 216 722 215
603 887 604 888
1379 1433 1380 1434
1979 975 1980 974
1671 1700 1672 1699
1809 1620 1810 1619
711 269 712 268
1179 1405 1180 1404
127 554 128 555
236 1019 237 1018
906 1298 907 1297
908 1603 909 1604
1949 381 1950 380
592 1668 593 1669
637 229 638 228
1201 523 1202 524
827 761 828 762
1016 569 1017 570
1554 42 1555 41
1677 148 1678 149
151 1983 152 1982
216 1729 217 1728
989 246 990 247
21 1438 22 1437
1735 1699 1736 1700
1805 564 1806 565
812 381 813 380
938 1982 939 1981
794 1851 795 1852
1856 713 1857 712
1940 1105 1941 1106
471 149 472 150
1175 753 1176 752
1427 1395 1428 1396
832 1848 833 1849
1518 1131 1519 1130
663 1921 664 1920
1461 343 1462 344
34 1501 35 1500
980 911 981 910
1509 1821 1510 1820
877 1901 878 1900
1712 1707 1713 1708
794 1774 795 1775
91 767 92 768
1874 1394 1875 1395
1777 1155 1778 1156
1211 1490 1212 1491
1893 417 1894 416
1298 1944 1299 1945
1137 1622 1138 1623
53 1444 54 1445
290 1492 291 1491
1565 1718 1566 1719
579 397 580 396
720 1838 721 1837
1090 1992 1091 1991
1698 450 1699 451
1379 269 1380 268
144 1809 145 1810
601 306 602 305
1353 1834 1354 1835
1900 1983 1901 1982
592 613 593 612
533 72 534 73
1499 605 1500 604
1818 1908 1819 1909
63 715 64 714
894 1368 895 1369
720 559 721 558
845 477 846 476
963 1502 964 1503
872 1142 873 1141
340 938 341 939
890 771 891 770
479 747 480 748
1972 1967 1973 1966
606 910 607 911
1443 399 1444 400
1815 966 1816 965
1818 426 1819 425
270 3 271 2
1109 192 1110 193
1328 1661 1329 1660
1168 868 1169 869
1954 503 1955 502
837 1331 838 1332
654 670 655 671
401 1552 402 1553
920 380 921 379
1873 262 1874 261
284 992 285 993
536 1995 537 1996
1267 596 1268 595
1706 1153 1707 1152
1357 1732 1358 1733
673 762 674 761
1368 1936 1369 1935
530 1230 531 1231
770 85 771 84
1892 329 1893 328
1922 1747 1923 1748
35 1504 36 1505
882 617 883 616
874 1954 875 1955
1698 326 1699 325
673 246 674 247
1094 991 1095 992
895 313 896 312
1068 1502 1069 1503
1604 728 1605 727
245 1683 246 1682
533 1446 534 1445
1978 1559 1979 1560
154 76 155 77
1175 309 1176 310
401 1559 402 1560
1033 1167 1034 1166
917 1982 918 1983
1694 506 1695 505
1402 1656 1403 1657
422 1741 423 1742
1975 1109 1976 1108
1735 1034 1736 1033
1459 451 1460 452
310 1130 311 1131
1954 1897 1955 1896
127 1119 128 1118
1917 502 1918 503
989 279 990 280
160 722 161 723
275 1571 276 1570
1524 1911 1525 1912
711 1685 712 1684
456 886 457 885
574 91 575 92
943 58 944 59
938 309 939 310
1180 927 1181 926
574 1063 575 1062
1706 477 1707 476
1580 335 1581 336
1213 1015 1214 1016
1053 1238 1054 1239
957 472 958 473
57 369 58 368
1307 715 1308 714
888 1490 889 1491
1414 369 1415 368
1710 51 1711 50
850 73 851 72
921 294 922 295
1858 233 1859 234
1978 1288 1979 1287
1007 987 1008 988
1844 1110 1845 1109
1972 308 1973 309
1042 1918 1043 1919
489 451 490 450
1578 1732 1579 1733
1402 1852 1403 1851
1427 1131 1428 1130
188 1767 189 1766
166 1748 167 1747
942 308 943 309
792 1048 793 1047
1994 834 1995 833
1815 1669 1816 1668
1607 1015 1608 1016
1893 1246 1894 1247
1901 1469 1902 1468
1554 322 1555 323
1295 427 1296 426
1443 1777 1444 1778
1735 1444 1736 1445
1798 465 1799 464
694 452 695 451
228 305 229 304
247 416 248 417
1026 547 1027 548
1459 857 1460 858
1497 965 1498 966
1115 765 1116 766
13 687 14 686
722 696 723 697
534 1883 535 1884
104 503 105 502
368 518 369 519
1509 1638 1510 1639
326 1707 327 1708
1431 1072 1432 1071
1710 336 1711 335
1068 605 1069 604
1137 839 1138 840
479 417 480 418
1907 966 1908 965
927 714 928 715
1686 417 1687 418
1154 896 1155 895
1402 1190 1403 1189
1289 308 1290 309
1433 1482 1434 1483
1831 219 1832 218
1143 469 1144 470
498 416 499 417
1963 165 1964 164
687 1911 688 1912
1042 560 1043 561
1036 224 1037 223
775 908 776 907
1734 715 1735 714
805 1605 806 1606
1133 1238 1134 1239
1428 1559 1429 1558
989 647 990 648
228 1288 229 1287
1748 336 1749 335
534 737 535 738
1959 1884 1960 1883
1382 1803 1383 1804
572 1896 573 1897
1125 1467 1126 1466
1848 1386 1849 1387
837 643 838 642
1479 1200 1480 1201
530 463 531 464
176 1480 177 1479
1869 1775 1870 1774
1066 622 1067 623
1451 516 1452 517
81 1032 82 1031
1604 1715 1605 1714
964 1535 965 1536
1451 1219 1452 1218
1604 1980 1605 1979
206 579 207 578
756 555 757 554
1114 165 1115 164
1900 1989 1901 1988
592 1981 593 1982
1371 1174 1372 1175
1065 874 1066 875
735 1648 736 1649
888 229 889 228
1954 455 1955 454
1844 69 1845 68
235 1876 236 1877
225 114 226 115
1602 592 1603 591
1554 1048 1555 1047
1918 1265 1919 1264
775 1553 776 1552
1582 603 1583 604
1558 403 1559 404
1554 55 1555 56
1849 1939 1850 1940
1180 381 1181 380
970 372 971 371
362 1652 363 1651
573 1218 574 1219
386 279 387 280
912 69 913 68
1157 1983 1158 1982
1844 1404 1845 1405
664 247 665 246
187 84 188 83
292 1733 293 1732
217 503 218 502
534 1940 535 1939
812 1355 813 1354
1764 1922 1765 1923
230 1826 231 1825
661 286 662 287
927 1358 928 1357
1218 1291 1219 1292
1149 461 1150 462
1431 87 1432 88
573 1729 574 1728
809 54 810 55
792 160 793 161
63 1109 64 1108
1672 416 1673 417
1398 1559 1399 1558
1502 373 1503 372
1569 656 1570 657
224 688 225 689
1985 659 1986 660
1966 197 1967 196
326 324 327 323
859 984 860 983
188 806 189 807
1659 134 1660 135
1880 1503 1881 1502
1887 564 1888 565
1650 310 1651 309
536 1624 537 1625
415 1288 416 1289
1348 1461 1349 1460
735 713 736 712
498 1034 499 1033
1991 1167 1992 1168
1 1604 2 1603
917 589 918 590
1971 142 1972 141
566 1415 567 1414
852 1916 853 1915
435 361 436 360
1471 1645 1472 1646
1917 1733 1918 1732
216 1979 217 1980
253 1474 254 1473
1801 905 1802 904
989 643 990 644
456 200 457 201
1887 229 1888 230
100 1954 101 1955
1873 779 1874 778
1370 1346 1371 1347
310 648 311 647
1306 121 1307 120
1867 1935 1868 1934
266 1083 267 1082
415 1835 416 1834
875 102 876 101
993 1446 994 1445
1402 219 1403 218
1818 1936 1819 1935
1723 1034 1724 1033
783 1430 784 1431
1092 1505 1093 1504
1764 309 1765 310
631 621 632 620
1522 1944 1523 1943
837 433 838 434
1507 3 1508 2
1893 269 1894 268
1023 513 1024 512
1671 1610 1672 1609
950 1915 951 1916
242 1939 243 1938
1154 1909 1155 1908
572 450 573 451
1734 1732 1735 1733
531 747 532 748
1534 1603 1535 1604
1535 1668 1536 1669
769 1935 770 1934
917 210 918 211
81 1213 82 1214
1443 397 1444 396
16 222 17 223
110 1224 111 1223
1414 502 1415 503
434 1766 435 1767
403 1249 404 1250
891 826 892 825
12 1489 13 1488
1348 1981 1349 1982
242 834 243 835
579 548 580 549
1400 422 1401 423
1120 993 1121 992
636 779 637 780
1231 509 1232 510
1929 85 1930 84
566 1359 567 1358
166 905 167 904
1068 200 1069 201
1535 121 1536 122
123 1117 124 1118
247 264 248 263
167 644 168 645
530 83 531 84
127 80 128 79
1788 1790 1789 1791
1705 949 1706 950
658 1449 659 1448
1569 1355 1570 1354
274 1478 275 1477
1042 1727 1043 1728
1917 1405 1918 1406
1520 1915 1521 1914
1980 636 1981 635
1582 987 1583 988
1125 107 1126 106
1628 1778 1629 1779
242 469 243 468
434 716 435 717
981 1793 982 1792
1474 1142 1475 1143
498 471 499 470
34 1675 35 1676
927 1189 928 1190
442 825 443 826
1482 1460 1483 1461
235 1371 236 1372
660 1578 661 1577
1036 1577 1037 1578
574 1682 575 1683
142 1048 143 1047
983 1070 984 1071
1593 1272 1594 1273
2 437 3 438
585 408 586 409
572 1490 573 1491
978 381 979 380
629 1764 630 1765
1367 1247 1368 1246
288 1857 289 1856
859 214 860 215
1218 1152 1219 1153
795 223 796 222
890 707 891 706
1285 1343 1286 1344
832 591 833 592
1887 470 1888 471
1632 1923 1633 1922
1619 871 1620 870
1428 1506 1429 1505
1329 1755 1330 1754
1509 1489 1510 1488
601 1673 602 1674
1643 1775 1644 1774
534 1401 535 1400
644 1536 645 1535
269 323 270 322
1893 77 1894 76
1220 293 1221 294
70 1761 71 1762
859 762 860 761
890 563 891 564
320 224 321 223
1081 1767 1082 1768
275 453 276 452
576 54 577 55
1869 1804 1870 1803
566 1235 567 1236
1778 1009 1779 1008
1231 1177 1232 1176
178 644 179 645
73 558 74 559
1867 1396 1868 1397
1534 1640 1535 1641
1092 1058 1093 1057
1869 965 1870 966
135 1774 136 1773
1594 1090 1595 1091
1066 1852 1067 1851
664 1343 665 1344
760 141 761 142
1359 560 1360 561
1470 454 1471 453
970 1820 971 1821
16 372 17 371
832 1967 833 1966
1524 1921 1525 1922
514 539 515 540
498 240 499 241
1333 1176 1334 1175
964 1408 965 1407
794 1265 795 1264
269 656 270 657
705 1533 706 1534
1372 910 1373 911
1382 1135 1383 1134
963 1719 964 1718
395 1948 396 1949
1914 514 1915 513
1433 1668 1434 1669
574 1944 575 1943
953 1031 954 1032
1400 1982 1401 1981
1580 1810 1581 1809
687 357 688 358
84 714 85 713
658 698 659 699
1748 1794 1749 1793
1359 1918 1360 1919
953 1948 954 1947
636 417 637 418
1813 1438 1814 1439
1604 707 1605 706
1231 247 1232 246
108 688 109 687
481 554 482 555
1580 1605 1581 1604
1948 807 1949 808
183 209 184 210
1742 222 1743 223
1414 507 1415 508
1734 1056 1735 1055
1904 688 1905 689
361 1685 362 1684
1607 1461 1608 1460
1603 1297 1604 1298
1427 581 1428 582
1679 506 1680 505
187 1504 188 1505
1424 1805 1425 1806
84 1670 85 1671
1863 1055 1864 1056
533 1482 534 1483
1443 1947 1444 1948
1535 1437 1536 1438
1026 462 1027 461
1809 1778 1810 1777
452 1656 453 1657
1892 331 1893 330
1431 1251 1432 1250
292 199 293 200
1325 1922 1326 1921
502 1072 503 1073
1900 357 1901 358
1816 1983 1817 1982
498 416 499 417
1 665 2 666
1675 280 1676 279
1939 55 1940 54
1735 229 1736 228
683 1257 684 1258
1909 724 1910 723
1427 477 1428 476
1594 779 1595 780
572 80 573 79
492 4 493 3
933 1558 934 1559
874 1849 875 1848
1992 799 1993 800
207 1648 208 1649
606 874 607 875
1285 1446 1286 1445
42 425 43 426
1329 1676 1330 1675
730 162 731 161
592 15 593 14
310 1391 311 1390
235 1775 236 1776
1520 31 1521 30
381 1091 382 1090
772 700 773 699
859 3 860 4
1594 687 1595 688
775 1071 776 1072
1285 1785 1286 1784
720 1488 721 1487
108 768 109 767
1356 1790 1357 1791
1518 1502 1519 1503
694 1491 695 1492
1451 592 1452 591
1801 470 1802 471
1461 1168 1462 1167
1518 1552 1519 1553
1994 425 1995 426
370 1973 371 1974
568 1072 569 1071
224 353 225 352
676 1272 677 1273
1619 3 1620 2
1118 916 1119 915
1805 645 1806 644
274 1217 275 1216
716 451 717 450
1727 375 1728 374
334 379 335 380
133 219 134 218
1213 1641 1214 1640
1797 211 1798 212
888 229 889 228
37 778 38 779
1114 1357 1115 1358
12 262 13 261
872 1896 873 1895
828 644 829 645
1137 323 1138 322
735 852 736 851
350 762 351 761
199 463 200 464
907 1176 908 1175
1837 715 1838 714
294 904 295 905
716 602 717 601
1064 1661 1065 1660
676 1685 677 1684
998 630 999 631
1382 156 1383 157
73 1505 74 1504
717 1040 718 1041
1372 214 1373 215
663 1332 664 1331
212 1645 213 1646
1026 373 1027 372
661 454 662 453
1498 343 1499 344
133 582 134 581
1458 352 1459 353
1154 1406 1155 1405
989 1372 990 1371
1199 891 1200 890
1554 72 1555 73
1532 622 1533 623
84 1260 85 1259
930 1142 931 1141
731 1015 732 1014
386 1536 387 1535
808 983 809 984
768 1532 769 1533
1635 92 1636 93
682 861 683 862
1320 1800 1321 1801
1250 1883 1251 1884
7 705 8 706
1068 1727 1069 1726
1379 1358 1380 1359
1614 1800 1615 1801
1860 1135 1861 1136
1318 1093 1319 1094
1710 1940 1711 1939
381 748 382 747
1469 706 1470 705
311 47 312 46
832 251 833 250
1684 786 1685 785
570 1658 571 1659
763 1127 764 1128
389 988 390 987
589 687 590 686
334 222 335 223
720 1186 721 1185
1576 569 1577 570
1175 261 1176 262
1800 188 1801 187
499 870 500 871
794 1590 795 1589
199 1491 200 1490
37 1247 38 1248
1333 42 1334 41
826 1854 827 1855
1856 1943 1857 1944
1469 160 1470 159
142 560 143 561
607 1965 608 1966
7 1355 8 1356
1554 210 1555 211
814 1243 815 1242
492 625 493 624
1669 352 1670 353
501 1453 502 1452
902 1182 903 1181
671 69 672 68
534 1120 535 1119
571 1728 572 1727
1795 980 1796 979
1474 705 1475 706
206 990 207 991
73 524 74 523
694 356 695 357
492 375 493 374
1800 558 1801 559
1470 1896 1471 1895
658 1242 659 1243
1607 524 1608 523
769 261 770 262
1738 1556 1739 1555
1094 193 1095 192
42 1479 43 1480
1797 1736 1798 1737
679 1238 680 1239
572 1973 573 1972
1489 1404 1490 1403
1473 139 1474 140
195 469 196 468
653 1152 654 1153
770 871 771 870
1294 710 1295 709
1647 1340 1648 1339
1893 165 1894 164
1371 738 1372 737
374 1608 375 1607
1597 1606 1598 1605
154 251 155 250
1256 1075 1257 1076
660 223 661 224
311 1479 312 1480
558 80 559 79
1903 1934 1904 1935
1532 1580 1533 1579
1554 603 1555 602
676 1604 677 1603
502 1776 503 1775
479 1164 480 1165
723 1874 724 1875
199 396 200 397
170 1761 171 1762
1764 1982 1765 1981
1713 1675 1714 1676
354 327 355 326
1873 262 1874 261
1371 308 1372 309
711 1479 712 1480
1199 3 1200 4
1458 1073 1459 1072
663 222 664 223
7 1707 8 1706
1366 84 1367 85
1122 902 1123 901
105 1791 106 1792
1199 1480 1200 1479
1759 827 1760 828
891 992 892 991
61 1488 62 1489
1004 47 1005 46
1424 1982 1425 1983
108 852 109 851
502 1900 503 1901
1348 678 1349 677
1975 1109 1976 1108
1512 1112 1513 1113
1759 219 1760 218
1166 1406 1167 1405
939 807 940 806
1582 1110 1583 1109
1271 1559 1272 1560
1187 590 1188 589
4 752 5 753
1443 1460 1444 1461
1849 1156 1850 1157
1971 1671 1972 1672
1539 1923 1540 1922
1639 14 1640 15
1518 1238 1519 1239
1325 1638 1326 1639
1805 1508 1806 1509
1695 251 1696 250
826 1729 827 1730
592 1659 593 1660
1778 1934 1779 1935
1273 1488 1274 1487
1811 1509 1812 1508
1849 1448 1850 1449
907 356 908 357
1348 1394 1349 1395
964 1130 965 1131
1294 643 1295 644
1694 463 1695 464
703 392 704 391
1 552 2 553
693 506 694 505
1329 677 1330 678
1473 1176 1474 1177
1698 581 1699 582
1972 1156 1973 1155
1199 450 1200 451
274 1264 275 1265
1114 1333 1115 1334
401 404 402 403
770 1467 771 1468
1329 76 1330 77
275 84 276 83
949 146 950 147
1683 465 1684 466
1534 465 1535 464
736 88 737 87
927 1791 928 1790
1874 1209 1875 1208
1325 160 1326 161
1114 1129 1115 1128
2 593 3 592
1849 1175 1850 1176
1090 1281 1091 1280
1157 1806 1158 1805
1894 522 1895 523
1569 1747 1570 1748
808 1076 809 1075
1357 1056 1358 1055
1428 1564 1429 1565
1382 721 1383 722
1669 1625 1670 1624
1735 1178 1736 1179
1402 219 1403 218
1679 1503 1680 1502
576 1580 577 1579
573 1109 574 1110
1366 47 1367 46
219 418 220 417
1710 722 1711 721
1240 1939 1241 1940
1929 592 1930 593
860 906 861 905
24 1247 25 1248
1498 858 1499 857
248 219 249 220
1109 292 1110 291
389 1955 390 1954
694 1748 695 1747
1817 209 1818 210
1903 1935 1904 1936
574 559 575 558
449 429 450 430
508 1055 509 1056
828 1548 829 1549
1815 361 1816 360
1366 72 1367 73
658 980 659 979
1956 1672 1957 1671
270 590 271 589
1455 965 1456 964
735 1760 736 1759
1256 1164 1257 1165
1094 1883 1095 1884
1366 1175 1367 1174
1471 1041 1472 1040
1380 1223 1381 1224
1180 1395 1181 1394
1972 590 1973 589
63 1475 64 1474
47 1120 48 1119
7 1798 8 1797
1917 1984 1918 1983
1068 200 1069 201
1065 150 1066 151
576 280 577 279
1978 45 1979 46
405 509 406 510
533 1638 534 1639
756 1167 757 1166
1491 941 1492 940
348 314 349 313
1414 434 1415 433
26 785 27 786
57 1848 58 1849
310 134 311 135
1324 1729 1325 1730
859 3 860 2
1353 1896 1354 1895
1474 1247 1475 1246
531 785 532 786
219 1250 220 1251
902 1681 903 1680
330 795 331 794
1459 218 1460 219
869 1356 870 1355
644 1776 645 1775
1780 716 1781 717
695 1185 696 1186
1831 715 1832 714
1797 1625 1798 1624
53 1444 54 1445
1298 748 1299 747
795 149 796 150
1413 1105 1414 1106
34 1040 35 1041
1177 59 1178 58
1887 1267 1888 1268
1914 1594 1915 1595
1602 425 1603 426
1632 269 1633 268
57 1727 58 1726
1554 1157 1555 1156
1558 622 1559 623
958 926 959 927
1539 1130 1540 1131
13 1571 14 1570
229 840 230 841
234 581 235 582
30 1438 31 1437
589 1628 590 1627
1355 372 1356 373
1788 1406 1789 1405
1471 1008 1472 1009
15 635 16 636
775 1972 776 1973
1294 1299 1295 1300
1166 496 1167 495
1975 1809 1976 1810
1175 379 1176 380
1524 1174 1525 1175
1954 1668 1955 1669
279 305 280 304
770 710 771 709
1837 1054 1838 1055
908 806 909 807
1366 1175 1367 1174
334 1628 335 1627
1359 230 1360 231
477 544 478 545
498 1700 499 1701
1154 951 1155 952
581 513 582 514
389 564 390 563
1759 1700 1760 1699
489 1129 490 1128
1324 632 1325 631
1597 1481 1598 1480
1410 1192 1411 1191
1285 761 1286 762
832 632 833 631
1461 160 1462 159
1180 1135 1181 1134
1669 905 1670 904
1402 375 1403 374
1619 1119 1620 1120
1443 1041 1444 1040
1033 336 1034 335
663 851 664 852
1694 1715 1695 1714
591 1104 592 1105
1998 2000 2000
1867 244 1868 245
466 687 467 686
1082 1048 1083 1047
76 1816 77 1815
142 1012 143 1013
1834 318 1835 319
1457 206 1458 205
78 191 79 190
1238 1468 1239 1467
1424 1145 1425 1146
1914 1181 1915 1182
15 1815 16 1816
1766 1171 1767 1170
1183 1170 1184 1171
280 673 281 672
257 1791 258 1792
1353 474 1354 475
1822 469 1823 468
287 1034 288 1033
1489 1585 1490 1586
718 1923 719 1924
584 1986 585 1987
334 602 335 603
873 145 874 146
423 1073 424 1074
1871 194 1872 195
993 517 994 516
1661 1699 1662 1698
1844 1220 1845 1221
1866 1901 1867 1900
361 316 362 317
755 690 756 691
199 1453 200 1454
971 100 972 101
620 87 621 88
1128 1181 1129 1182
281 1083 282 1082
494 1484 495 1485
1074 790 1075 789
1155 531 1156 530
1775 463 1776 464
334 1520 335 1521
1962 709 1963 710
1501 1649 1502 1648
1636 876 1637 875
1746 38 1747 37
1823 1499 1824 1500
1298 1311 1299 1310
1396 236 1397 235
919 1990 920 1991
827 832 828 833
1478 743 1479 744
1975 1925 1976 1926
592 19 593 20
692 997 693 998
1128 959 1129 958
885 1649 886 1650
313 1331 314 1332
885 146 886 145
452 501 453 502
783 1302 784 1301
1592 674 1593 675
242 17 243 16
1481 1847 1482 1848
1312 1427 1313 1426
1123 1467 1124 1468
530 439 531 440
614 427 615 428
1402 1233 1403 1232
1617 289 1618 288
1776 750 1777 749
334 597 335 598
1423 1276 1424 1277
153 482 154 483
873 205 874 206
989 1709 990 1710
613 58 614 57
1936 165 1937 164
537 38 538 39
1783 718 1784 717
264 168 265 169
1110 509 1111 510
325 810 326 811
1493 689 1494 690
1775 301 1776 300
138 572 139 571
138 198 139 197
690 929 691 928
1835 1194 1836 1193
935 702 936 703
1478 1235 1479 1234
992 55 993 54
1081 1763 1082 1764
1571 773 1572 772
1744 1120 1745 1121
1943 1423 1944 1424
1685 1321 1686 1320
409 898 410 897
717 1452 718 1453
963 1610 964 1611
69 1139 70 1138
1916 7 1917 6
452 63 453 62
1922 1311 1923 1310
609 328 610 327
1756 426 1757 427
873 1966 874 1967
1590 1075 1591 1076
1833 1191 1834 1192
347 605 348 604
1021 252 1022 251
1481 319 1482 318
71 1701 72 1702
716 1008 717 1009
1245 1461 1246 1460
544 252 545 253
295 244 296 245
716 1992 717 1991
1345 1048 1346 1047
735 398 736 399
15 863 16 864
576 826 577 825
544 795 545 794
1543 265 1544 266
299 1563 300 1564
614 1277 615 1278
1739 1106 1740 1107
1591 598 1592 597
1189 1877 1190 1878
1537 8 1538 9
1011 976 1012 977
71 994 72 995
509 288 510 289
1431 196 1432 197
1397 1258 1398 1257
1524 1928 1525 1927
1131 524 1132 525
1189 446 1190 447
377 82 378 83
668 626 669 625
273 1307 274 1306
1213 873 1214 872
1021 1134 1022 1133
844 813 845 812
1361 619 1362 620
983 1904 984 1903
873 471 874 470
1226 174 1227 175
538 1062 539 1063
689 1560 690 1559
318 1931 319 1930
1710 1145 1711 1146
1339 235 1340 236
353 1368 354 1369
405 46 406 47
970 806 971 807
358 746 359 745
1629 833 1630 832
1289 1860 1290 1861
844 806 845 807
1701 976 1702 977
314 443 315 442
1174 810 1175 811
1320 743 1321 742
314 1099 315 1100
1246 536 1247 537
1478 1152 1479 1153
1006 95 1007 94
1903 244 1904 245
1248 1429 1249 1430
1440 1484 1441 1485
1854 376 1855 375
1395 1940 1396 1941
1832 890 1833 891
1953 1041 1954 1042
199 1082 200 1081
578 1063 579 1062
544 1138 545 1139
1176 673 1177 672
1147 411 1148 412
1867 1010 1868 1009
860 784 861 783
366 1041 367 1042
1849 236 1850 235
1633 1746 1634 1747
391 196 392 197
445 807 446 806
1481 1206 1482 1207
1429 233 1430 232
990 1315 991 1314
663 244 664 245
1962 1079 1963 1080
593 912 594 913
1633 1329 1634 1328
666 441 667 442
314 995 315 994
924 906 925 907
555 25 556 24
983 1904 984 1903
261 417 262 416
555 517 556 518
999 1650 1000 1649
142 1574 143 1575
1352 301 1353 300
1302 1637 1303 1636
1372 1145 1373 1146
1339 159 1340 158
1372 1774 1373 1773
334 231 335 230
69 1497 70 1496
1854 1594 1855 1593
61 944 62 945
1174 629 1175 628
1564 8 1565 9
410 689 411 690
777 881 778 880
1019 212 1020 211
717 976 718 977
664 1966 665 1967
970 1472 971 1473
208 318 209 319
1214 314 1215 315
463 699 464 700
645 725 646 726
1402 1702 1403 1701
599 749 600 750
1906 690 1907 691
1191 1902 1192 1903
376 1553 377 1554
608 1348 609 1347
1118 175 1119 174
1225 63 1226 64
1821 428 1822 429
413 384 414 383
1217 1423 1218 1424
1149 748 1150 747
851 1315 852 1316
866 732 867 731
15 700 16 699
970 1795 971 1796
1238 459 1239 458
873 1620 874 1619
678 576 679 575
1071 1606 1072 1605
1361 1587 1362 1588
718 1317 719 1316
343 1926 344 1925
1832 1452 1833 1451
1847 501 1848 500
1197 189 1198 190
1238 1929 1239 1930
794 1931 795 1930
643 319 644 320
396 349 397 348
536 1478 537 1477
186 1365 187 1364
381 362 382 361
1191 1930 1192 1931
129 1252 130 1253
69 1934 70 1935
90 1800 91 1799
1191 1128 1192 1129
391 1079 392 1080
1239 1257 1240 1258
1981 1133 1982 1134
971 1183 972 1184
1237 1861 1238 1860
1650 1012 1651 1013
1903 341 1904 342
797 1852 798 1853
806 1967 807 1968
707 510 708 509
1578 1226 1579 1225
1578 482 1579 483
537 295 538 296
1005 1555 1006 1556
1260 470 1261 469
202 1915 203 1914
668 746 669 745
280 989 281 990
1589 235 1590 236
1876 744 1877 745
78 1914 79 1913
1047 1409 1048 1410
1824 1946 1825 1945
624 1151 625 1152
514 1296 515 1295
199 753 200 752
1655 434 1656 435
1204 536 1205 537
1128 588 1129 587
53 315 54 314
273 864 274 863
864 1034 865 1033
1975 225 1976 224
821 92 822 93
717 41 718 40
1404 224 1405 225
986 413 987 412
555 1600 556 1601
1062 1851 1063 1850
402 684 403 685
1303 1794 1304 1795
1110 1977 1111 1978
794 1316 795 1315
809 372 810 371
886 383 887 384
21 1591 22 1592
1493 1001 1494 1002
1062 1864 1063 1863
1981 895 1982 896
1616 988 1617 987
1730 1626 1731 1625
1044 223 1045 222
494 302 495 301
311 1929 312 1930
1776 1046 1777 1047
565 1249 566 1248
700 271 701 270
1098 427 1099 426
1569 314 1570 313
1834 470 1835 471
353 424 354 423
1358 1794 1359 1793
1386 1358 1387 1357
1398 740 1399 741
71 1715 72 1714
1524 577 1525 578
208 318 209 319
952 469 953 468
440 988 441 989
1256 442 1257 443
1914 772 1915 773
466 976 467 977
598 1807 599 1806
1146 615 1147 614
1708 168 1709 167
314 984 315 983
1641 876 1642 875
435 276 436 275
311 210 312 211
804 423 805 424
872 864 873 865
885 1990 886 1991
575 1104 576 1105
568 1787 569 1788
1544 132 1545 131
1287 43 1288 42
377 302 378 301
598 555 599 556
1412 1305 1413 1304
1906 702 1907 703
364 1203 365 1204
217 236 218 235
645 174 646 173
1074 413 1075 412
985 590 986 591
1248 1929 1249 1930
797 214 798 215
1493 359 1494 360
1321 1447 1322 1446
1797 1230 1798 1231
407 642 408 641
545 979 546 978
983 903 984 904
393 1398 394 1397
556 990 557 991
1155 617 1156 618
1401 813 1402 812
690 198 691 197
1320 789 1321 790
1782 1781 1783 1782
920 1797 921 1796
1797 1098 1798 1099
1723 1543 1724 1542
1838 64 1839 63
864 443 865 442
1898 1096 1899 1095
381 1495 382 1494
42 686 43 687
406 130 407 129
1176 1746 1177 1747
953 1201 954 1200
1246 403 1247 404
1135 1660 1136 1661
614 940 615 941
1358 451 1359 450
1767 750 1768 749
1534 740 1535 741
736 1006 737 1007
621 5 622 4
1082 1233 1083 1232
1031 1359 1032 1360
1177 743 1178 742
1681 749 1682 750
80 1933 81 1932
609 659 610 658
843 1136 844 1135
272 626 273 625
1226 1642 1227 1643
1916 199 1917 198
1091 116 1092 115
754 1870 755 1871
1244 386 1245 385
1310 1395 1311 1396
503 1184 504 1185
111 854 112 853
1237 1571 1238 1572
199 1281 200 1280
664 738 665 739
475 236 476 235
334 1587 335 1588
664 1878 665 1877
390 350 391 349
537 1599 538 1600
1785 71 1786 70
1723 1278 1724 1277
655 118 656 119
91 932 92 931
953 1434 954 1433
598 1767 599 1766
1098 495 1099 494
1650 1281 1651 1280
1783 1282 1784 1281
799 1338 800 1339
1909 1916 1910 1915
1321 1015 1322 1014
1708 1062 1709 1063
1828 863 1829 864
1190 1191 1191 1192
25 717 26 718
1312 1587 1313 1588
36 597 37 598
1493 673 1494 672
803 719 804 720
1345 254 1346 253
1617 134 1618 133
645 424 646 423
1799 853 1800 854
1032 587 1033 588
670 617 671 618
1681 383 1682 384
142 1206 143 1207
658 1457 659 1458
537 1484 538 1485
1237 1700 1238 1701
773 1930 774 1931
525 1120 526 1119
1226 736 1227 737
1554 799 1555 800
1914 482 1915 483
1851 651 1852 650
624 740 625 741
1153 977 1154 976
1799 908 1800 909
258 1033 259 1034
1183 222 1184 223
29 898 30 897
1775 1426 1776 1427
1358 1468 1359 1467
273 1335 274 1334
803 317 804 316
728 174 729 175
980 1099 981 1100
1828 1586 1829 1585
40 442 41 443
445 412 446 413
410 1962 411 1961
1146 988 1147 987
1628 1133 1629 1134
583 1781 584 1782
1239 301 1240 300
1537 440 1538 441
1400 1966 1401 1967
1898 440 1899 439
1337 98 1338 97
929 990 930 989
1933 470 1934 469
1844 1511 1845 1510
1213 1962 1214 1961
50 158 51 157
281 81 282 82
536 710 537 709
754 1012 755 1013
593 1746 594 1747
1284 12 1285 11
704 995 705 996
21 628 22 629
525 768 526 769
1278 113 1279 112
413 1473 414 1472
236 1478 237 1477
525 1589 526 1590
1660 704 1661 705
1588 1879 1589 1880
1928 480 1929 481
165 1140 166 1139
1001 825 1002 826
40 1165 41 1166
1217 736 1218 737
295 1589 296 1590
1176 167 1177 166
1685 1295 1686 1294
1943 932 1944 933
1457 164 1458 165
1179 427 1180 428
686 1260 687 1259
794 1489 795 1488
544 1565 545 1566
959 991 960 990
1174 161 1175 162
999 45 1000 44
834 1863 835 1862
217 773 218 772
1552 1331 1553 1332
1090 1176 1091 1177
668 1541 669 1540
1015 77 1016 78
1052 1333 1053 1334
1851 1648 1852 1649
1487 133 1488 134
12 157 13 158
1217 1806 1218 1807
979 987 980 988
1416 1435 1417 1436
551 1559 552 1560
466 1925 467 1926
1321 1505 1322 1506
53 1097 54 1098
599 1661 600 1660
1469 826 1470 825
1985 1347 1986 1348
1283 795 1284 794
953 1714 954 1715
671 1774 672 1773
845 825 846 826
1440 164 1441 165
1666 1282 1667 1281
1082 384 1083 383
450 1369 451 1368
1106 1033 1107 1034
843 1929 844 1930
827 386 828 385
524 784 525 783
1876 1226 1877 1225
353 1811 354 1812
845 674 846 675
1819 776 1820 775
186 77 187 78
117 1000 118 999
1040 1780 1041 1779
1703 115 1704 114
717 1807 718 1806
293 218 294 219
1784 1853 1785 1852
1723 1786 1724 1787
1082 1353 1083 1352
1345 989 1346 988
345 205 346 206
689 812 690 813
1167 1040 1168 1039
1968 863 1969 864
1900 621 1901 622
665 114 666 113
377 1166 378 1167
1011 1497 1012 1498
1217 860 1218 861
1569 1013 1570 1012
1729 1327 1730 1328
1032 1375 1033 1376
1833 937 1834 938
142 1555 143 1554
310 875 311 876
614 1281 615 1282
408 1359 409 1360
835 537 836 536
700 517 701 516
582 1848 583 1847
1213 1354 1214 1353
1589 1365 1590 1364
1828 158 1829 159
1257 1787 1258 1786
1723 1836 1724 1835
578 1943 579 1944
1012 1871 1013 1870
1514 415 1515 416
1742 1039 1743 1040
1851 743 1852 742
1608 1140 1609 1141
529 901 530 900
1660 929 1661 928
1165 389 1166 390
1363 1152 1364 1151
1633 71 1634 70
1641 412 1642 413
794 230 795 231
1082 193 1083 194
445 76 446 77
295 1702 296 1701
76 47 77 48
755 829 756 828
203 1528 204 1529
1447 704 1448 705
1180 604 1181 605
1847 1625 1848 1626
1953 1047 1954 1048
1784 1967 1785 1966
646 103 647 102
1544 995 1545 994
1070 731 1071 732
678 288 679 289
1487 359 1488 360
1726 1081 1727 1080
1157 1232 1158 1231
1478 1643 1479 1642
1914 412 1915 413
242 772 243 773
1541 332 1542 331
1380 675 1381 674
797 1404 798 1405
919 674 920 675
1093 834 1094 833
101 1151 102 1150
518 730 519 729
1303 1940 1304 1941
1296 1460 1297 1461
1815 1315 1816 1316
398 28 399 27
296 1719 297 1720
806 184 807 185
1397 289 1398 288
821 729 822 730
292 1130 293 1129
436 1715 437 1714
239 619 240 620
242 1241 243 1240
1888 768 1889 767
258 880 259 881
1681 1650 1682 1649
666 1006 667 1007
599 885 600 886
1241 300 1242 299
1914 669 1915 668
1404 736 1405 737
217 266 218 265
831 1887 832 1888
1106 1162 1107 1163
609 1774 610 1773
398 1010 399 1011
1110 1773 1111 1774
718 1120 719 1121
1868 1129 1869 1128
1400 1183 1401 1184
952 451 953 450
777 1353 778 1352
1012 1666 1013 1667
1823 704 1824 703
1849 1587 1850 1588
1732 675 1733 674
754 1041 755 1042
1481 1183 1482 1184
1111 1811 1112 1812
1958 505 1959 506
1505 1857 1506 1858
1 233 2 232
1649 1640 1650 1641
598 1942 599 1941
830 463 831 464
1836 974 1837 975
1303 690 1304 689
35 517 36 516
1507 1186 1508 1185
999 1372 1000 1371
1457 476 1458 477
1164 1941 1165 1942
557 1219 558 1218
1723 1984 1724 1983
845 1730 846 1731
1213 1554 1214 1555
1810 472 1811 471
1737 1125 1738 1126
537 1790 538 1789
1822 1877 1823 1878
1617 575 1618 576
1486 1991 1487 1992
703 742 704 743
1886 1182 1887 1181
377 987 378 986
1591 864 1592 863
1429 702 1430 703
445 503 446 502
1352 1426 1353 1427
330 85 331 86
1321 1720 1322 1719
36 1033 37 1034
1784 1316 1785 1317
1478 1519 1479 1520
436 1182 437 1181
445 648 446 647
1217 647 1218 648
524 1122 525 1123
1772 1306 1773 1307
1514 1627 1515 1628
292 360 293 359
137 1934 138 1935
362 1778 363 1779
1333 697 1334 696
1564 328 1565 327
686 1231 687 1230
1222 1522 1223 1523
1238 1786 1239 1787
1710 1767 1711 1766
1739 958 1740 959
643 424 644 425
1569 664 1570 663
864 637 865 636
102 1998 103 1997
346 1603 347 1602
1345 494 1346 495
773 1020 774 1021
1339 1903 1340 1902
76 1335 77 1334
97 938 98 937
287 1376 288 1375
1429 276 1430 277
1636 1441 1637 1440
580 588 581 587
1245 231 1246 232
1364 988 1365 987
749 74 750 73
670 768 671 769
1750 1674 1751 1675
1320 1984 1321 1983
1636 1761 1637 1762
1666 1377 1667 1378
1131 476 1132 477
585 241 586 242
1682 1977 1683 1978
1726 975 1727 976
1886 1467 1887 1468
1219 668 1220 669
971 1679 972 1680
255 997 256 998
167 475 168 474
1321 1532 1322 1531
97 1901 98 1900
1082 1452 1083 1451
1283 350 1284 349
1042 1469 1043 1470
1552 112 1553 111
1916 675 1917 674
1194 452 1195 453
410 314 411 313
608 1278 609 1277
1552 704 1553 703
1834 268 1835 269
1661 460 1662 461
544 1076 545 1075
235 1369 236 1368
530 1242 531 1241
495 1348 496 1347
905 93 906 92
1363 301 1364 302
1139 228 1140 227
272 1761 273 1760
1079 904 1080 905
1324 1594 1325 1593
1756 1775 1757 1774
777 1565 778 1564
1641 1133 1642 1132
971 1423 972 1424
138 1744 139 1743
551 763 552 762
1401 1472 1402 1473
391 501 392 502
1660 537 1661 536
1975 883 1976 884
952 1962 953 1961
347 699 348 700
1751 1877 1752 1878
398 185 399 184
799 660 800 659
1021 1619 1022 1620
952 689 953 690
1154 479 1155 478
15 906 16 907
1183 1836 1184 1835
23 1975 24 1976
831 603 832 602
466 1011 467 1010
885 62 886 63
1739 618 1740 619
409 165 410 164
1608 991 1609 990
257 345 258 344
1143 896 1144 895
570 579 571 578
830 97 831 96
236 55 237 54
1828 427 1829 428
924 483 925 482
1489 1867 1490 1866
765 1081 766 1080
902 1786 903 1787
1325 1428 1326 1427
873 173 874 174
1828 1281 1829 1282
199 235 200 234
23 984 24 983
1011 41 1012 40
665 1575 666 1574
668 1166 669 1165
436 1232 437 1233
994 457 995 456
1526 447 1527 446
864 263 865 264
132 1410 133 1409
779 663 780 664
23 292 24 291
78 1596 79 1595
293 1485 294 1484
1465 944 1466 945
1219 1852 1220 1853
762 18 763 19
1162 58 1163 57
287 1646 288 1645
1722 1132 1723 1133
538 301 539 300
831 361 832 362
1003 319 1004 320
1164 1555 1165 1554
1311 842 1312 843
1478 1133 1479 1132
376 1560 377 1559
1487 164 1488 165
864 695 865 696
990 1920 991 1921
575 353 576 352
1982 975 1983 976
692 1998 693 1997
398 1369 399 1368
127 140 128 139
1090 660 1091 659
1373 1497 1374 1498
660 676 661 677
1592 1342 1593 1341
132 841 133 842
1380 1774 1381 1775
1320 1441 1321 1440
1877 253 1878 252
1213 424 1214 423
406 1586 407 1585
997 901 998 900
450 1140 451 1141
821 446 822 447
1219 1182 1220 1181
89 1790 90 1789
935 673 936 672
273 699 274 700
1402 1563 1403 1564
1376 174 1377 173
1335 756 1336 755
1431 68 1432 69
1628 1328 1629 1327
143 1223 144 1224
1626 1425 1627 1426
503 864 504 863
218 1799 219 1800
1909 1521 1910 1520
1916 999 1917 1000
364 1619 365 1620
1368 1012 1369 1013
993 1585 994 1586
79 48 80 47
1311 842 1312 843
226 860 227 859
1373 416 1374 417
421 206 422 205
963 16 964 17
1514 1304 1515 1305
1562 1991 1563 1992
1939 197 1940 198
12 501 13 502
605 1220 606 1221
573 1055 574 1054
76 1816 77 1815
1552 376 1553 375
76 959 77 958
760 1823 761 1822
1006 251 1007 252
670 1408 671 1409
334 863 335 864
1924 1099 1925 1100
318 679 319 678
812 1041 813 1042
1875 1747 1876 1748
1074 1126 1075 1125
494 1108 495 1107
1440 1877 1441 1878
666 1140 667 1141
1424 1904 1425 1903
1887 185 1888 184
199 495 200 494
1146 1968 1147 1967
255 679 256 678
153 459 154 458
716 1430 717 1429
69 1861 70 1860
475 587 476 588
45 111 46 112
1886 1564 1887 1565
554 291 555 292
864 71 865 70
1311 8 1312 9
971 224 972 225
1823 913 1824 914
1727 1240 1728 1241
124 1496 125 1497
895 794 896 795
709 175 710 174
258 1760 259 1761
801 1269 802 1268
79 277 80 276
1586 1296 1587 1295
1159 1592 1160 1591
1368 1685 1369 1686
1453 447 1454 446
834 1001 835 1002
1110 1328 1111 1327
197 826 198 825
1660 404 1661 403
23 1287 24 1286
89 506 90 505
153 1680 154 1679
1601 517 1602 518
1325 1456 1326 1457
377 311 378 312
1429 1755 1430 1754
438 767 439 768
830 819 831 820
15 1725 16 1726
35 1389 36 1388
1469 1995 1470 1994
1577 686 1578 687
1413 1999 1414 2000
1906 1991 1907 1992
1492 623 1493 622
1081 1233 1082 1232
837 928 838 929
1672 1162 1673 1163
1180 1923 1181 1924
1012 807 1013 808
944 914 945 915
851 597 852 598
365 1098 366 1099
754 165 755 164
1914 1832 1915 1831
1833 614 1834 615
905 1314 906 1315
871 287 872 288
1179 214 1180 215
217 1569 218 1570
1291 979 1292 978
1312 1281 1313 1282
905 1901 906 1900
1738 1645 1739 1646
1890 81 1891 82
1395 196 1396 197
1660 1532 1661 1531
1481 726 1482 725
59 747 60 748
483 161 484 160
1478 1841 1479 1842
924 736 925 737
918 1430 919 1431
1591 1853 1592 1852
920 922 921 923
1121 1469 1122 1470
1572 188 1573 189
1766 1943 1767 1944
1447 1098 1448 1097
1660 1800 1661 1801
1118 167 1119 166
1111 70 1112 69
1617 1852 1618 1851
409 826 410 825
172 1173 173 1172
1822 1075 1823 1076
1818 1684 1819 1685
1222 1217 1223 1216
1534 1082 1535 1083
1399 1931 1400 1932
200 989 201 990
1257 518 1258 517
1655 1566 1656 1565
1312 231 1313 230
834 1494 835 1495
1394 1253 1395 1254
1604 774 1605 775
1302 1341 1303 1342
873 684 874 685
1358 102 1359 103
1510 954 1511 953
770 232 771 233
1977 1615 1978 1616
198 793 199 792
1180 1232 1181 1233
716 1217 717 1216
1191 1997 1192 1998
45 417 46 416
664 40 665 41
463 311 464 312
358 810 359 811
1867 71 1868 70
998 1910 999 1911
1575 1962 1576 1961
1985 814 1986 815
723 1008 724 1009
643 958 644 959
450 945 451 944
1730 1888 1731 1887
1475 254 1476 253
1633 1666 1634 1667
1567 1316 1568 1317
1431 1773 1432 1774
794 1611 795 1610
535 874 536 873
495 901 496 900
103 1006 104 1007
1465 491 1466 490
1722 1100 1723 1099
1547 578 1548 579
1827 1059 1828 1058
570 687 571 686
1849 602 1850 603
1276 1014 1277 1015
1368 422 1369 421
1722 919 1723 918
1865 1762 1866 1763
335 1095 336 1096
659 1125 660 1126
1571 1915 1572 1916
334 427 335 428
1792 621 1793 622
1177 316 1178 317
452 1016 453 1015
1672 269 1673 268
1599 492 1600 493
885 1967 886 1966
1575 819 1576 820
1797 676 1798 677
1381 1400 1382 1399
1903 1917 1904 1916
1567 933 1568 932
1916 1002 1917 1001
1661 678 1662 679
43 296 44 295
1391 1417 1392 1418
1683 1930 1684 1929
1501 1754 1502 1755
1481 1744 1482 1743
1732 1665 1733 1666
1899 703 1900 702
1143 517 1144 516
754 1564 755 1565
1590 959 1591 958
877 1759 878 1758
15 1866 16 1867
990 253 991 252
502 1382 503 1381
1241 1864 1242 1863
142 854 143 853
502 165 503 164
1006 223 1007 222
130 636 131 637
1885 997 1886 998
1303 1800 1304 1801
1146 1126 1147 1125
660 1234 661 1235
462 1413 463 1414
333 1371 334 1372
413 1737 414 1738
692 76 693 77
120 37 121 38
1489 1307 1490 1306
1924 1257 1925 1258
961 720 962 721
754 1596 755 1597
50 1597 51 1596
538 169 539 168
406 516 407 517
1861 417 1862 416
1981 1831 1982 1832
1833 1877 1834 1878
1914 702 1915 703
1302 189 1303 190
405 700 406 699
922 741 923 740
994 111 995 112
142 401 143 402
1311 1429 1312 1430
1953 1773 1954 1774
1197 904 1198 903
643 1232 644 1233
1006 604 1007 605
525 292 526 291
979 233 980 232
1746 1286 1747 1287
1225 1500 1226 1499
530 747 531 748
1296 1497 1297 1498
153 1646 154 1645
598 1599 599 1600
1257 977 1258 976
1975 861 1976 860
1204 1408 1205 1409
1481 1852 1482 1851
416 1319 417 1318
1727 1512 1728 1511
1481 1133 1482 1134
1164 1677 1165 1678
1756 112 1757 111
1767 1597 1768 1596
433 911 434 912
514 1829 515 1828
29 1369 30 1368
1885 1255 1886 1256
1153 1126 1154 1125
1975 1967 1976 1966
803 604 804 605
1746 38 1747 37
740 758 741 757
1398 1512 1399 1513
1729 271 1730 270
42 977 43 976
1481 895 1482 896
1082 193 1083 194
398 647 399 648
404 1344 405 1345
1481 174 1482 175
1135 359 1136 360
503 1511 504 1512
703 1762 704 1761
132 1898 133 1899
537 1929 538 1930
994 1447 995 1446
885 1145 886 1146
166 1645 167 1646
1828 1586 1829 1585
920 1679 921 1680
1006 1943 1007 1944
1838 1565 1839 1564
1900 1381 1901 1382
1710 659 1711 658
1078 264 1079 263
1443 1721 1444 1720
39 456 40 455
1903 97 1904 96
36 602 37 603
534 357 535 356
463 702 464 703
754 236 755 235
231 1570 232 1571
130 703 131 704
710 762 711 763
61 794 62 795
452 314 453 315
761 768 762 769
1746 458 1747 459
1257 1304 1258 1305
1164 518 1165 517
15 1388 16 1389
318 1015 319 1016
1179 1520 1180 1521
1275 435 1276 434
1543 128 1544 127
1015 933 1016 934
1683 696 1684 695
375 964 376 963
582 928 583 927
1767 1904 1768 1903
735 675 736 674
593 92 594 93
1213 1377 1214 1378
186 1365 187 1364
1784 708 1785 707
1740 326 1741 327
1176 1757 1177 1758
958 245 959 244
868 1889 869 1890
199 441 200 440
983 300 984 299
1358 1456 1359 1457
1723 1278 1724 1277
436 162 437 161
1662 1452 1663 1451
1767 235 1768 236
1006 1427 1007 1428
1321 1378 1322 1377
1391 1663 1392 1662
524 516 525 517
1682 998 1683 997
255 737 256 736
1001 1994 1002 1995
388 130 389 129
239 1760 240 1761
1772 1382 1773 1381
742 1628 743 1627
1001 976 1002 977
534 1147 535 1148
364 1543 365 1544
71 1932 72 1931
1775 766 1776 767
1053 1714 1054 1715
660 1926 661 1925
968 631 969 630
1579 253 1580 254
1159 1120 1160 1119
1588 898 1589 897
1182 164 1183 165
592 1281 593 1282
953 1541 954 1540
1193 1947 1194 1946
864 37 865 38
333 737 334 736
366 871 367 872
1552 1778 1553 1779
1738 1006 1739 1007
1296 1861 1297 1860
670 588 671 589
742 695 743 696
1681 383 1682 384
366 1372 367 1371
1047 289 1048 288
1832 832 1833 833
1358 1601 1359 1602
797 1033 798 1034
1575 1152 1576 1153
292 1852 293 1851
1802 434 1803 435
1187 1487 1188 1486
1245 1921 1246 1920
1578 710 1579 711
801 1447 802 1446
1588 1152 1589 1151
1204 1944 1205 1943
50 386 51 385
1042 1847 1043 1848
1194 1554 1195 1555
1118 664 1119 663
21 415 22 416
1767 1698 1768 1699
559 311 560 312
1958 28 1959 27
1888 1505 1889 1506
993 1429 994 1430
1936 1941 1937 1942
1133 721 1134 722
132 1282 133 1281
754 63 755 62
591 960 592 959
1307 1472 1308 1473
313 1648 314 1649
801 362 802 361
1589 1853 1590 1852
717 197 718 198
797 1586 798 1585
502 659 503 660
69 1456 70 1457
463 1184 464 1185
1543 1038 1544 1039
1358 55 1359 54
1739 1649 1740 1648
1539 1754 1540 1753
1237 1816 1238 1815
235 1758 236 1757
1310 1010 1311 1011
1899 48 1900 47
559 674 560 675
1739 1866 1740 1867
1376 1636 1377 1637
643 46 644 47
1358 1942 1359 1941
1723 459 1724 458
1047 159 1048 160
582 160 583 159
1291 1734 1292 1733
421 225 422 224
671 1231 672 1232
885 1864 886 1863
239 206 240 207
1849 675 1850 674
569 1971 570 1972
659 1619 660 1620
1564 418 1565 417
445 1235 446 1234
335 1286 336 1287
1916 15 1917 14
983 1640 984 1641
1062 1042 1063 1041
502 185 503 184
970 509 971 510
1246 695 1247 696
418 1818 419 1817
1928 1991 1929 1990
1121 1888 1122 1887
1567 175 1568 174
922 63 923 64
406 934 407 933
402 744 403 743
372 912 373 913
326 126 327 125
1396 196 1397 197
1493 873 1494 872
124 1256 125 1255
1796 849 1797 848
353 416 354 417
1162 458 1163 459
35 864 36 863
1118 1863 1119 1862
1729 1231 1730 1230
388 1167 389 1166
295 1794 296 1793
1217 1888 1218 1887
1701 234 1702 235
1792 210 1793 211
689 1774 690 1773
1479 941 1480 940
311 1209 312 1210
1146 167 1147 168
1128 1571 1129 1572
109 674 110 673
311 77 312 78
217 1240 218 1241
463 159 464 158
1947 118 1948 119
1547 235 1548 234
402 1183 403 1184
440 1747 441 1746
536 810 537 811
524 707 525 708
536 1120 537 1119
1378 867 1379 868
364 1139 365 1138
761 1170 762 1171
339 1320 340 1319
117 1763 118 1764
963 1375 964 1376
1363 289 1364 288
1021 1967 1022 1968
1003 884 1004 883
61 1941 62 1940
556 426 557 427
645 1900 646 1901
1710 92 1711 93
1928 763 1929 762
1012 737 1013 736
545 1316 546 1315
1886 1591 1887 1592
358 815 359 814
201 401 202 402
1682 63 1683 62
345 854 346 853
518 1278 519 1279
1591 230 1592 231
1376 167 1377 166
1887 346 1888 345
1304 1619 1305 1620
624 1636 625 1637
1809 862 1810 863
208 903 209 904
1177 789 1178 790
1809 314 1810 313
919 201 920 200
452 1650 453 1649
1710 76 1711 77
801 174 802 175
1032 986 1033 987
580 1136 581 1137
1308 1295 1309 1296
475 1315 476 1316
977 727 978 726
1159 999 1160 998
660 684 661 685
1682 1453 1683 1454
935 37 936 38
1368 675 1369 674
709 1967 710 1968
466 1767 467 1766
235 1794 236 1795
1564 1407 1565 1408
1744 1831 1745 1832
1746 1477 1747 1478
52 620 53 619
668 999 669 998
1811 1852 1812 1851
1486 1521 1487 1520
1784 1094 1785 1095
1074 1485 1075 1484
1475 1280 1476 1281
1238 233 1239 232
1556 1577 1557 1578
1486 959 1487 958
1398 1678 1399 1677
1429 1226 1430 1225
1352 1999 1353 2000
559 987 560 986
660 738 661 739
1766 1339 1767 1338
1364 1961 1365 1962
1237 685 1238 684
1784 605 1785 604
1939 766 1940 767
1904 136 1905 135
1397 1278 1398 1279
1022 1133 1023 1132
1235 1587 1236 1588
1730 863 1731 862
272 599 273 600
593 1726 594 1725
1022 1460 1023 1461
299 416 300 415
573 1410 574 1409
421 412 422 413
804 134 805 133
438 97 439 96
495 57 496 58
844 327 845 328
835 1068 836 1067
1248 1168 1249 1169
1162 1095 1163 1096
64 93 65 92
200 405 201 404
707 1489 708 1488
1767 842 1768 843
1304 1700 1305 1701
1883 1224 1884 1223
1475 651 1476 650
1633 766 1634 767
498 869 499 870
1701 1990 1702 1991
140 1553 141 1554
1132 361 1133 362
707 1021 708 1020
689 1021 690 1020
333 1280 334 1281
1226 1132 1227 1133
76 311 77 312
761 1541 762 1540
1681 495 1682 494
271 1237 272 1238
1592 456 1593 457
1809 752 1810 753
1751 125 1752 126
645 1396 646 1395
761 831 762 832
754 1677 755 1678
1308 1210 1309 1209
1534 999 1535 998
1590 1136 1591 1137
1917 1388 1918 1389
1062 69 1063 68
598 976 599 977
609 1597 610 1596
1821 1456 1822 1455
1577 1132 1578 1133
1141 659 1142 658
1152 962 1153 961
273 690 274 691
745 1410 746 1411
830 705 831 704
1429 1287 1430 1286
1785 1929 1786 1930
1324 92 1325 93
1397 1230 1398 1231
770 1095 771 1094
1298 1747 1299 1746
695 917 696 918
658 459 659 458
1185 1928 1186 1927
1481 1192 1482 1191
1398 6 1399 7
1022 923 1023 922
1191 1167 1192 1166
599 806 600 807
1720 742 1721 743
287 302 288 301
599 891 600 890
1590 1730 1591 1731
895 1863 896 1862
1082 1592 1083 1591
844 481 845 482
1003 1204 1004 1203
885 923 886 922
1182 907 1183 906
1849 78 1850 77
240 965 241 964
502 103 503 102
375 820 376 821
1155 1255 1156 1256
1767 1489 1768 1488
64 1352 65 1351
806 1011 807 1010
1361 1572 1362 1571
364 1511 365 1512
1914 662 1915 661
1373 1906 1374 1907
103 704 104 705
1775 1459 1776 1460
445 1371 446 1372
1507 1012 1508 1013
86 558 87 557
707 1597 708 1596
406 127 407 128
559 1181 560 1182
1833 1396 1834 1395
755 47 756 48
678 767 679 768
530 464 531 463
1296 402 1297 401
402 1602 403 1601
765 1951 766 1952
302 636 303 637
1543 1867 1544 1866
1962 2000 1963 1999
1032 46 1033 47
718 884 719 883
980 1331 981 1332
559 690 560 691
1489 1376 1490 1375
236 1531 237 1532
583 1841 584 1842
1608 474 1609 475
1603 966 1604 965
398 260 399 259
1782 1686 1783 1685
1044 162 1045 161
929 1637 930 1636
1867 704 1868 703
1922 19 1923 20
273 699 274 700
1139 1207 1140 1208
1136 1922 1137 1921
599 1472 600 1473
1486 1241 1487 1240
273 598 274 597
1608 884 1609 883
755 1588 756 1587
239 1496 240 1497
1191 1210 1192 1209
264 1352 265 1353
1815 619 1816 620
525 1417 526 1418
1157 738 1158 739
236 359 237 360
551 902 552 901
1021 578 1022 577
242 1365 243 1364
700 482 701 483
1866 1505 1867 1506
25 585 26 584
570 1011 571 1010
1732 1645 1733 1646
1552 1666 1553 1667
1881 101 1882 100
580 1646 581 1645
659 1594 660 1593
977 1663 978 1662
1481 602 1482 603
1618 1006 1619 1007
1739 1572 1740 1571
1001 442 1002 441
1618 1082 1619 1081
1225 1009 1226 1010
1811 988 1812 987
438 97 439 96
492 767 493 766
1183 810 1184 811
1429 428 1430 427
153 1600 154 1601
1162 745 1163 744
1117 1701 1118 1700
1751 743 1752 744
544 319 545 320
935 1554 936 1555
1396 1747 1397 1746
613 1590 614 1589
232 997 233 998
42 319 43 320
592 1152 593 1151
1766 978 1767 979
1701 1871 1702 1870
1373 918 1374 919
979 704 980 703
1153 647 1154 648
362 862 363 863
117 1478 118 1477
325 1714 326 1715
1006 600 1007 599
1738 618 1739 619
239 439 240 440
264 1418 265 1417
1680 1190 1681 1191
1032 1240 1033 1241
440 1372 441 1371
514 1585 515 1586
445 1316 446 1317
728 1991 729 1990
754 784 755 783
1489 1381 1490 1382
1457 1315 1458 1314
983 1473 984 1472
35 1389 36 1388
1903 1452 1904 1453
335 1916 336 1917
413 1168 414 1169
537 987 538 986
207 1028 208 1027
1838 931 1839 932
1782 928 1783 929
799 620 800 619
23 737 24 736
735 1185 736 1184
1754 1848 1755 1849
1797 730 1798 729
438 70 439 69
598 687 599 686
120 995 121 994
1672 717 1673 718
1792 987 1793 986
1772 1754 1773 1755
1248 503 1249 502
1310 1725 1311 1726
849 1497 850 1498
509 1811 510 1812
1358 169 1359 168
328 697 329 696
1756 434 1757 435
754 1997 755 1998
1081 1592 1082 1591
43 741 44 740
1315 892 1316 893
1990 270 1991 269
1565 19 1566 18
1928 450 1929 451
1383 1433 1384 1434
514 1389 515 1388
232 234 233 235
1259 986 1260 985
924 1612 925 1613
272 931 273 932
1877 704 1878 703
450 1188 451 1187
773 1992 774 1991
1015 159 1016 158
376 1014 377 1015
1732 136 1733 135
830 1636 831 1637
1062 1185 1063 1186
1591 1405 1592 1404
450 1390 451 1389
578 1672 579 1671
614 619 615 620
111 525 112 524
1650 236 1651 235
1617 704 1618 705
52 1829 53 1828
1219 1512 1220 1511
1981 1234 1982 1235
64 1100 65 1099
830 1316 831 1315
1217 703 1218 704
1943 516 1944 517
555 1278 556 1277
678 506 679 505
1304 1121 1305 1120
1909 1136 1910 1135
609 1864 610 1863
502 168 503 169
538 197 539 198
377 1381 378 1382
1404 417 1405 416
803 913 804 912
1696 1292 1697 1293
391 1171 392 1170
1577 95 1578 94
1044 1923 1045 1924
525 1000 526 999
1429 1511 1430 1512
493 1131 494 1130
19 1846 20 1847
1430 1154 1431 1153
1828 1033 1829 1034
1219 1866 1220 1867
12 1256 13 1255
186 428 187 427
341 257 342 256
754 501 755 502
1587 1914 1588 1915
236 710 237 711
570 662 571 661
120 1096 121 1095
1291 1499 1292 1500
806 1233 807 1232
325 1600 326 1601
754 833 755 832
787 1476 788 1477
463 798 464 797
1298 795 1299 794
1118 167 1119 166
1608 319 1609 318
440 1281 441 1280
1157 906 1158 907
844 1641 845 1640
806 1351 807 1352
466 1235 467 1234
1324 651 1325 650
178 1329 179 1328
799 1428 800 1427
1214 1258 1215 1257
996 1598 997 1599
524 1797 525 1796
1661 1699 1662 1698
1648 1454 1649 1453
420 923 421 924
845 288 846 289
43 675 44 674
1131 1460 1132 1461
1078 54 1079 55
40 1162 41 1163
1213 133 1214 134
1413 617 1414 618
1039 1835 1040 1836
1149 25 1150 24
255 890 256 891
314 626 315 625
1772 1520 1773 1521
492 983 493 984
1823 1434 1824 1433
735 1295 736 1296
132 1506 133 1505
1833 1601 1834 1602
153 1257 154 1258
678 1459 679 1460
1562 1013 1563 1012
1772 1915 1773 1916
1465 1887 1466 1888
1849 78 1850 77
1552 112 1553 111
1395 1789 1396 1790
1177 446 1178 447
124 1033 125 1034
103 1388 104 1389
1547 1423 1548 1424
280 1282 281 1281
295 1207 296 1206
671 1191 672 1192
997 599 998 600
1685 1232 1686 1233
924 1485 925 1484
1176 167 1177 166
406 427 407 428
1593 1504 1594 1503
1720 719 1721 720
1633 620 1634 619
1081 1249 1082 1248
779 159 780 160
402 602 403 603
947 314 948 315
35 135 36 136
1110 860 1111 861
1339 1184 1340 1185
1579 327 1580 328
1412 1365 1413 1366
503 47 504 48
1727 1754 1728 1755
347 933 348 932
1534 1082 1535 1083
773 736 774 737
492 914 493 913
1230 37 1231 36
754 988 755 989
1412 1115 1413 1114
659 662 660 661
1146 1766 1147 1767
1590 1570 1591 1569
260 239 261 240
1192 1074 1193 1073
642 1069 643 1070
598 1925 599 1926
1641 1920 1642 1921
1426 925 1427 924
1399 599 1400 600
1353 1321 1354 1320
1235 16 1236 17
1633 1934 1634 1935
89 1746 90 1747
935 1781 936 1782
239 1100 240 1099
1666 1055 1667 1054
935 1543 936 1542
116 1646 117 1645
1320 1944 1321 1943
682 346 683 345
1164 342 1165 341
592 360 593 359
1154 191 1155 192
682 686 683 687
686 1643 687 1642
1685 126 1686 125
1185 1620 1186 1619
631 1599 632 1600
1401 481 1402 482
1353 1259 1354 1260
831 603 832 602
1588 173 1589 174
1799 92 1800 91
495 57 496 58
217 1992 218 1991
749 1462 750 1461
1916 900 1917 901
1772 427 1773 428
1564 193 1565 194
1890 811 1891 810
1648 62 1649 63
372 699 373 700
1345 1978 1346 1977
52 215 53 214
1683 1347 1684 1348
1766 1764 1767 1763
364 648 365 647
310 1544 311 1543
1608 922 1609 923
1413 132 1414 131
1909 47 1910 46
1413 913 1414 914
1936 672 1937 673
1608 199 1609 198
1256 371 1257 372
1098 1238 1099 1237
1579 1522 1580 1523
570 1260 571 1259
302 131 303 132
1591 1570 1592 1569
959 1747 960 1746
52 129 53 130
851 1572 852 1571
1784 234 1785 235
755 1853 756 1852
1479 248 1480 249
1682 1398 1683 1399
779 1188 780 1187
1975 1396 1976 1395
895 1900 896 1901
1866 927 1867 928
1391 57 1392 58
1649 300 1650 299
302 1764 303 1763
1111 702 1112 703
1244 1978 1245 1977
602 1019 603 1018
1217 450 1218 451
59 1932 60 1931
1662 842 1663 843
76 1916 77 1915
103 1649 104 1648
1275 902 1276 901
929 1554 930 1553
1872 695 1873 696
255 426 256 427
1962 1427 1963 1428
678 710 679 709
409 1879 410 1880
757 1983 758 1984
1361 1137 1362 1136
761 132 762 131
1811 500 1812 501
1197 1188 1198 1187
1708 1459 1709 1460
445 1666 446 1667
537 1816 538 1815
261 1991 262 1990
1155 695 1156 696
1780 815 1781 814
1868 1649 1869 1650
1053 766 1054 767
717 937 718 938
812 806 813 807
337 1910 338 1909
717 990 718 991
1217 895 1218 896
1256 1935 1257 1934
361 1231 362 1232
1727 231 1728 230
609 1048 610 1047
509 1151 510 1152
1661 1272 1662 1273
366 481 367 482
502 711 503 710
1564 207 1565 206
242 1034 243 1033
1244 146 1245 145
1213 819 1214 820
797 587 798 588
1601 1241 1602 1242
1885 1523 1886 1522
335 1574 336 1575
1006 1744 1007 1743
89 426 90 427
391 342 392 341
255 76 256 77
366 1047 367 1046
1503 1377 1504 1378
1648 1216 1649 1217
178 1207 179 1206
1486 864 1487 863
1613 1668 1614 1667
999 235 1000 234
804 1941 805 1942
643 301 644 302
362 576 363 575
452 1559 453 1560
664 1831 665 1832
1788 91 1789 92
797 1930 798 1929
1785 301 1786 300
164 1694 165 1693
986 232 987 233
536 1702 537 1701
120 1743 121 1744
1447 471 1448 470
1190 708 1191 707
1003 1926 1004 1925
757 1500 758 1499
36 1866 37 1867
722 916 723 915
1479 1170 1480 1171
717 1129 718 1130
554 726 555 727
1501 277 1502 276
576 1555 577 1554
992 114 993 113
1870 762 1871 763
402 1353 403 1354
345 260 346 259
1710 114 1711 113
1475 62 1476 63
236 873 237 872
1219 587 1220 588
949 572 950 571
502 602 503 603
979 37 980 38
875 275 876 276
1310 1440 1311 1441
565 571 566 572
1739 266 1740 265
1489 588 1490 587
990 1305 991 1304
1327 778 1328 777
1 248 2 249
59 1460 60 1459
29 1626 30 1625
864 1541 865 1540
1943 875 1944 876
1503 752 1504 753
1429 1671 1430 1672
409 218 410 219
707 62 708 63
91 1339 92 1338
1364 1353 1365 1354
1246 1942 1247 1941
990 146 991 145
130 1467 131 1466
1900 265 1901 266
844 502 845 503
1816 1309 1817 1310
1823 1984 1824 1983
1648 751 1649 750
1737 708 1738 707
983 197 984 198
1828 675 1829 674
709 1320 710 1321
53 1014 54 1015
873 441 874 442
1153 932 1154 933
1737 425 1738 424
1591 772 1592 773
1234 1575 1235 1574
89 705 90 704
258 618 259 617
1128 1282 1129 1281
363 1389 364 1388
831 491 832 490
35 462 36 463
1608 319 1609 320
963 1404 964 1405
1396 1238 1397 1237
151 1392 152 1391
1314 1382 1315 1383
1577 95 1578 94
1997 1999 2000
1468 491 1469 490
343 1350 344 1351
809 922 810 923
1133 1148 1134 1147
225 1233 226 1234
712 94 713 95
250 1093 251 1092
273 981 274 982
71 1233 72 1232
1921 1385 1922 1386
1575 362 1576 363
503 102 504 103
1441 1699 1442 1698
1090 769 1091 770
192 200 193 199
1256 1697 1257 1696
894 972 895 971
571 275 572 274
645 1710 646 1709
587 1647 588 1648
412 124 413 123
412 1097 413 1096
322 274 323 275
235 980 236 981
722 966 723 967
302 1846 303 1845
1344 202 1345 201
1575 8 1576 9
1477 1558 1478 1559
437 528 438 529
1673 1837 1674 1838
247 1715 248 1716
943 15 944 14
1110 356 1111 357
1859 1775 1860 1776
1907 1795 1908 1794
1945 1822 1946 1823
900 1327 901 1326
1247 780 1248 779
1244 1985 1245 1986
136 1663 137 1662
1879 728 1880 727
823 1656 824 1655
1131 955 1132 956
1277 245 1278 244
1090 1704 1091 1705
124 1358 125 1357
1434 436 1435 435
922 95 923 96
1862 1470 1863 1469
1073 682 1074 681
1459 518 1460 517
1509 1138 1510 1137
1930 1237 1931 1238
960 731 961 732
77 446 78 445
1050 263 1051 262
974 1911 975 1912
43 1001 44 1002
227 1633 228 1634
1587 972 1588 973
960 1092 961 1091
772 134 773 133
1652 243 1653 244
1254 1190 1255 1189
1637 108 1638 107
1581 124 1582 123
1071 477 1072 476
820 851 821 852
626 230 627 231
503 831 504 832
77 124 78 123
148 1794 149 1795
533 1779 534 1778
881 1377 882 1376
444 1872 445 1871
1202 1542 1203 1543
1214 1047 1215 1048
632 1249 633 1250
123 1492 124 1491
881 112 882 113
783 1393 784 1392
1476 1348 1477 1347
1463 640 1464 641
1620 936 1621 937
22 1442 23 1441
129 1876 130 1877
222 1992 223 1993
818 1902 819 1903
1407 281 1408 282
1319 1592 1320 1591
1043 1740 1044 1739
503 1865 504 1866
1981 639 1982 640
1335 1866 1336 1865
350 796 351 797
6 1070 7 1069
1859 1700 1860 1699
1266 1674 1267 1675
1311 442 1312 441
343 1778 344 1777
503 200 504 199
1335 231 1336 230
1867 322 1868 323
816 1324 817 1325
1387 1134 1388 1135
75 1411 76 1412
1139 289 1140 290
336 154 337 155
1921 444 1922 445
1783 1379 1784 1380
148 1883 149 1882
503 904 504 903
78 1292 79 1293
1577 358 1578 357
898 248 899 247
1463 1934 1464 1933
80 256 81 255
494 1377 495 1376
959 715 960 716
180 1389 181 1390
1776 1202 1777 1203
157 806 158 807
453 646 454 647
1290 1784 1291 1783
491 1649 492 1650
1130 282 1131 281
392 1602 393 1603
1930 507 1931 506
1607 1563 1608 1564
1786 1429 1787 1430
1342 789 1343 788
763 666 764 665
137 182 138 181
1278 337 1279 336
1509 943 1510 942
539 1546 540 1547
1430 820 1431 821
1307 732 1308 731
291 1836 292 1835
1267 1257 1268 1258
1626 1029 1627 1030
573 1603 574 1602
408 1174 409 1175
1767 581 1768 582
1110 53 1111 52
1925 637 1926 638
894 676 895 677
1362 207 1363 206
966 1255 967 1254
513 1496 514 1495
1110 1026 1111 1025
373 731 374 732
392 1984 393 1985
1031 50 1032 49
368 1930 369 1931
956 1833 957 1834
43 980 44 981
1187 290 1188 289
1621 1938 1622 1939
1000 881 1001 880
685 871 686 872
1794 697 1795 696
1536 1865 1537 1866
786 1324 787 1325
1090 1447 1091 1446
503 173 504 172
202 349 203 350
558 1380 559 1379
1283 1297 1284 1296
1342 1931 1343 1930
1113 1376 1114 1377
818 251 819 252
282 450 283 451
144 1705 145 1706
1442 271 1443 270
626 1478 627 1479
1556 237 1557 236
1278 554 1279 555
468 666 469 667
1475 875 1476 876
236 637 237 636
1408 1546 1409 1547
1362 811 1363 812
803 1970 804 1971
638 866 639 865
476 1517 477 1518
1432 1377 1433 1376
1957 1147 1958 1148
902 586 903 587
1434 636 1435 637
1889 19 1890 18
250 394 251 393
1325 1974 1326 1973
318 1326 319 1327
1581 1960 1582 1959
1414 1416 1415 1415
1394 1177 1395 1176
1864 714 1865 713
777 1677 778 1676
1608 721 1609 722
245 1294 246 1293
1463 85 1464 86
887 500 888 501
1964 791 1965 790
714 1122 715 1121
1682 1232 1683 1231
1067 1660 1068 1661
1106 797 1107 796
664 1340 665 1341
1522 1057 1523 1058
1941 310 1942 309
1245 1884 1246 1883
1090 788 1091 789
859 1919 860 1918
439 1548 440 1547
1864 1370 1865 1371
637 50 638 49
282 1980 283 1981
457 820 458 819
1453 1534 1454 1533
1375 1447 1376 1446
498 120 499 121
1921 518 1922 517
186 360 187 359
1504 1852 1505 1851
868 755 869 754
1094 1518 1095 1517
235 182 236 181
1575 1809 1576 1808
922 185 923 184
1055 789 1056 788
204 924 205 925
114 521 115 522
194 888 195 887
254 1203 255 1204
792 1632 793 1633
203 1865 204 1864
36 505 37 504
1844 876 1845 877
4 1912 5 1913
1517 47 1518 46
1131 274 1132 275
478 1824 479 1823
521 818 522 817
113 47 114 46
1107 1958 1108 1957
902 1794 903 1795
453 667 454 666
277 1912 278 1911
782 1788 783 1789
1942 779 1943 780
410 1704 411 1705
820 1423 821 1422
558 1431 559 1432
974 1888 975 1889
236 1854 237 1853
270 1093 271 1092
219 658 220 659
1342 1795 1343 1794
1090 839 1091 838
1466 629 1467 628
1031 1785 1032 1784
146 636 147 637
1153 471 1154 470
447 1859 448 1858
712 393 713 394
247 1782 248 1783
1537 311 1538 310
282 19 283 18
1806 1858 1807 1859
21 782 22 783
137 1241 138 1242
1846 1254 1847 1253
1047 496 1048 497
1581 789 1582 790
21 754 22 755
917 1647 918 1646
1050 587 1051 588
872 232 873 233
820 972 821 973
753 1678 754 1679
1550 1236 1551 1237
1754 3 1755 4
368 179 369 180
1854 1674 1855 1673
1398 969 1399 970
32 975 33 974
29 1293 30 1292
280 1058 281 1059
1285 1144 1286 1143
392 1916 393 1917
896 958 897 959
1131 449 1132 450
370 1504 371 1505
1305 1393 1306 1392
1786 1357 1787 1358
1517 1746 1518 1747
1500 1864 1501 1863
1754 1424 1755 1425
573 1603 574 1602
1565 892 1566 893
236 148 237 147
1725 24 1726 23
860 517 861 518
376 1475 377 1476
623 1741 624 1740
1522 1808 1523 1809
172 1599 173 1598
91 667 92 666
1565 821 1566 820
250 1583 251 1584
1397 1817 1398 1818
1360 1158 1361 1157
917 649 918 650
1488 1923 1489 1922
1389 351 1390 352
300 1204 301 1203
1311 470 1312 471
78 1380 79 1379
1521 783 1522 784
36 1741 37 1740
1641 758 1642 757
72 1756 73 1755
1575 1705 1576 1704
251 878 252 877
1179 1622 1180 1621
917 987 918 986
453 1845 454 1846
1698 1151 1699 1152
1196 933 1197 932
525 553 526 552
1811 463 1812 462
646 170 647 169
1625 799 1626 800
783 1190 784 1189
956 640 957 641
1946 1130 1947 1131
237 168 238 167
1409 783 1410 782
300 548 301 547
1128 1852 1129 1851
929 237 930 238
1130 666 1131 665
1626 846 1627 845
192 256 193 257
1652 1096 1653 1097
1414 1067 1415 1068
1693 299 1694 300
382 1550 383 1549
227 1079 228 1080
228 438 229 439
373 402 374 403
792 517 793 518
1416 507 1417 506
204 1779 205 1778
1130 8 1131 9
1334 1550 1335 1549
1330 1377 1331 1376
1791 814 1792 813
197 1919 198 1918
522 180 523 181
860 87 861 86
1216 477 1217 476
904 165 905 164
567 955 568 954
1637 471 1638 470
626 14 627 15
1560 1710 1561 1709
674 1085 675 1086
682 1318 683 1319
932 1263 933 1264
1988 1823 1989 1822
1964 662 1965 661
309 206 310 207
1646 244 1647 243
628 702 629 701
326 1933 327 1932
1050 485 1051 486
376 878 377 877
398 1998 399 1999
1335 456 1336 457
1244 1340 1245 1339
1524 1311 1525 1310
1594 984 1595 985
436 1942 437 1941
23 1222 24 1223
1313 435 1314 436
792 581 793 582
1285 1318 1286 1319
1101 1607 1102 1608
1549 851 1550 850
1463 769 1464 770
846 614 847 613
1247 290 1248 291
14 884 15 885
1561 1203 1562 1204
955 1910 956 1911
920 886 921 887
132 594 133 595
629 1319 630 1318
1577 1697 1578 1696
1625 270 1626 271
1180 984 1181 983
1581 1960 1582 1959
1945 236 1946 235
1575 1249 1576 1250
1334 1497 1335 1498
1281 1203 1282 1204
136 1922 137 1921
410 1493 411 1492
318 1764 319 1763
892 197 893 196
803 1443 804 1444
165 175 166 174
1443 590 1444 591
558 1441 559 1442
1692 1190 1693 1189
300 1392 301 1393
114 1580 115 1579
380 1116 381 1115
1109 1823 1110 1822
956 1131 957 1130
900 695 901 694
1442 1518 1443 1519
1565 1715 1566 1716
893 1808 894 1807
971 1876 972 1877
1394 133 1395 134
1731 525 1732 524
754 436 755 435
715 1456 716 1455
1638 132 1639 131
137 1451 138 1450
203 811 204 812
1244 731 1245 732
1136 245 1137 246
1711 835 1712 834
21 1249 22 1250
1637 1854 1638 1853
1143 356 1144 357
1252 1023 1253 1022
132 1051 133 1050
1819 1220 1820 1221
808 1534 809 1533
1959 1027 1960 1028
569 1325 570 1324
640 539 641 540
32 1612 33 1613
626 1241 627 1242
1021 1328 1022 1329
1179 1866 1180 1865
1417 1626 1418 1627
345 1321 346 1322
1513 286 1514 285
1389 1783 1390 1784
1837 1957 1838 1958
1039 751 1040 752
894 347 895 346
465 1725 466 1726
1000 770 1001 769
859 1717 860 1716
1443 987 1444 986
1774 1041 1775 1042
1107 695 1108 694
1575 1877 1576 1876
246 471 247 472
1214 875 1215 876
1133 1962 1134 1961
346 1463 347 1462
222 1809 223 1808
114 1806 115 1805
222 197 223 196
1677 477 1678 478
1665 1707 1666 1708
571 1253 572 1254
528 1044 529 1045
1214 403 1215 402
1730 518 1731 517
846 581 847 582
1537 1238 1538 1239
29 1763 30 1764
1731 196 1732 197
1541 1045 1542 1044
964 454 965 453
277 1429 278 1430
1101 831 1102 832
974 749 975 750
1837 40 1838 39
1988 1957 1989 1958
1625 820 1626 821
1789 15 1790 14
1411 1345 1412 1344
1934 1293 1935 1292
1771 213 1772 214
626 191 627 192
1256 442 1257 441
782 521 783 522
1524 1845 1525 1846
1897 34 1898 33
387 1566 388 1567
1843 290 1844 291
80 1376 81 1377
1431 813 1432 814
236 845 237 846
1715 786 1716 787
356 909 357 910
653 707 654 706
1783 586 1784 585
650 334 651 333
1340 788 1341 789
939 582 940 581
1734 1633 1735 1634
322 1158 323 1157
744 1495 745 1494
1934 1747 1935 1748
91 1717 92 1718
1071 640 1072 641
802 677 803 676
786 481 787 482
965 1377 966 1378
1684 66 1685 67
1065 635 1066 634
964 468 965 467
712 714 713 713
447 1443 448 1444
1131 1222 1132 1223
136 1382 137 1383
431 1546 432 1547
1097 1934 1098 1933
189 1176 190 1177
1001 1543 1002 1544
1375 380 1376 381
246 1381 247 1382
1026 24 1027 23
1887 1377 1888 1378
214 836 215 837
1290 637 1291 638
1575 524 1576 525
1987 880 1988 881
860 1637 861 1636
1459 329 1460 330
1784 705 1785 704
573 641 574 640
1180 1492 1181 1493
1819 1444 1820 1443
1731 1049 1732 1050
51 498 52 497
671 82 672 83
1101 732 1102 731
1611 783 1612 782
1301 646 1302 645
143 755 144 754
503 1250 504 1249
559 1064 560 1065
228 211 229 210
1565 442 1566 441
82 1951 83 1950
809 1859 810 1858
558 1768 559 1767
1379 1823 1380 1824
1977 633 1978 632
513 1662 514 1663
670 48 671 49
1217 745 1218 746
231 1221 232 1220
470 1393 471 1392
904 1550 905 1549
1468 548 1469 547
1333 593 1334 592
865 426 866 425
1396 121 1397 120
468 1809 469 1808
1496 1285 1497 1284
887 594 888 595
848 1057 849 1058
1335 198 1336 197
414 877 415 878
1376 607 1377 606
252 1344 253 1343
336 628 337 629
310 628 311 629
277 884 278 885
1414 456 1415 457
1500 614 1501 613
465 1454 466 1455
1216 587 1217 588
1443 1162 1444 1163
1934 586 1935 585
1375 640 1376 639
238 1402 239 1401
662 1674 663 1673
1285 471 1286 472
587 1647 588 1648
1905 1788 1906 1789
96 658 97 657
17 540 18 539
1867 1850 1868 1851
1501 251 1502 252
1394 592 1395 593
867 59 868 60
1558 977 1559 978
521 1465 522 1466
1695 734 1696 733
563 836 564 837
1307 255 1308 256
1258 439 1259 440
917 1579 918 1580
1716 845 1717 846
1000 840 1001 839
263 1428 264 1427
959 1351 960 1350
458 85 459 86
1789 1130 1790 1131
1414 24 1415 23
1244 960 1245 959
706 1423 707 1422
22 1324 23 1323
144 1050 145 1051
674 334 675 333
1015 674 1016 673
1453 1854 1454 1853
752 1228 753 1229
744 1025 745 1026
880 1137 881 1138
1279 1416 1280 1415
1665 1424 1666 1425
80 613 81 614
1923 46 1924 47
277 1268 278 1269
1695 821 1696 822
1128 238 1129 237
816 183 817 184
894 1717 895 1716
732 390 733 391
1333 1137 1334 1136
604 445 605 446
1139 1656 1140 1655
1245 529 1246 528
33 404 34 405
398 1221 399 1220
917 1157 918 1158
754 791 755 790
792 661 793 662
344 2 345 1
1043 1505 1044 1504
672 1998 673 1999
1988 694 1989 695
1614 1700 1615 1699
1625 393 1626 394
1811 1311 1812 1310
1513 597 1514 598
559 1344 560 1345
412 504 413 505
219 485 220 486
1113 837 1114 836
1305 1380 1306 1379
309 358 310 357
1504 3 1505 4
1536 112 1537 113
1941 1545 1942 1544
76 1050 77 1049
1843 1446 1844 1447
1725 1880 1726 1879
732 1254 733 1253
943 1530 944 1531
1879 1933 1880 1934
1901 1831 1902 1832
503 1558 504 1557
1986 1050 1987 1049
569 1694 570 1695
1012 112 1013 113
400 185 401 184
72 720 73 719
137 1443 138 1444
900 1854 901 1855
959 1344 960 1343
712 1311 713 1312
1172 1564 1173 1563
1553 647 1554 646
1383 75 1384 74
1834 96 1835 95
892 1778 893 1779
1838 175 1839 176
1067 1323 1068 1324
637 1876 638 1877
664 954 665 955
960 442 961 441
248 95 249 94
503 755 504 754
1621 467 1622 468
550 555 551 554
1360 800 1361 799
148 85 149 86
21 387 22 386
539 562 540 561
1204 1634 1205 1633
1693 773 1694 774
1031 1441 1032 1442
1630 818 1631 817
1012 1783 1013 1782
192 1441 193 1442
1699 352 1700 351
1664 155 1665 154
508 290 509 289
1898 640 1899 641
1628 1746 1629 1747
1607 1362 1608 1361
1819 495 1820 494
1278 1311 1279 1310
343 585 344 586
456 1097 457 1096
1504 1242 1505 1241
777 175 778 176
1748 1322 1749 1321
772 1138 773 1137
1733 1902 1734 1901
1925 1247 1926 1246
822 1687 823 1686
503 1934 504 1933
970 497 971 498
1130 1319 1131 1318
508 1450 509 1451
124 525 125 524
955 1458 956 1459
635 1724 636 1723
1634 955 1635 954
1097 734 1098 733
498 1889 499 1888
239 1921 240 1922
176 942 177 943
1164 1635 1165 1636
848 440 849 439
50 188 51 189
892 1667 893 1668
528 498 529 497
763 598 764 597
587 822 588 821
1575 821 1576 820
1376 477 1377 476
770 179 771 180
328 1607 329 1608
1672 287 1673 288
1573 586 1574 585
604 4 605 3
282 19 283 18
192 52 193 51
626 1092 627 1093
1665 598 1666 597
1244 169 1245 170
227 1093 228 1092
1748 822 1749 821
1942 1190 1943 1189
558 1047 559 1048
1866 1883 1867 1882
1195 1189 1196 1190
1419 1158 1420 1157
786 657 787 656
248 943 249 942
1453 790 1454 789
482 1130 483 1131
143 77 144 78
897 1269 898 1268
1085 336 1086 337
632 1569 633 1568
1712 1683 1713 1684
1840 1251 1841 1250
1853 1885 1854 1884
259 1771 260 1772
1957 1096 1958 1097
637 138 638 137
1416 1558 1417 1557
1807 594 1808 595
1340 742 1341 741
1699 659 1700 658
1668 852 1669 851
1442 521 1443 522
251 1859 252 1858
1748 1148 1749 1147
37 1145 38 1144
113 1961 114 1962
550 1356 551 1357
1699 1245 1700 1244
1409 232 1410 231
1394 1883 1395 1884
1906 1096 1907 1095
92 1930 93 1929
1258 1709 1259 1710
811 1872 812 1873
1524 443 1525 444
219 233 220 232
1031 494 1032 495
763 468 764 467
757 122 758 123
1607 1001 1608 1002
1285 616 1286 617
214 802 215 801
194 984 195 983
1243 617 1244 616
778 1250 779 1249
1703 40 1704 39
851 1668 852 1667
1360 662 1361 661
1986 1251 1987 1250
424 176 425 175
808 1883 809 1882
470 263 471 262
1921 86 1922 87
302 981 303 980
1209 693 1210 694
1381 1092 1382 1091
1453 767 1454 766
188 345 189 346
1157 968 1158 967
808 1377 809 1376
559 1190 560 1189
1616 1934 1617 1933
744 345 745 346
439 133 440 134
393 1342 394 1343
719 1448 720 1447
1334 1951 1335 1952
350 1910 351 1911
664 232 665 231
1734 1910 1735 1911
1731 1018 1732 1017
1864 1437 1865 1436
281 820 282 819
392 734 393 733
1256 1436 1257 1437
1399 807 1400 808
456 124 457 123
682 9 683 8
1110 75 1111 74
1244 821 1245 820
1847 1350 1848 1349
1854 1832 1855 1831
786 959 787 960
1131 650 1132 649
1360 1065 1361 1064
1925 210 1926 211
671 595 672 596
1160 256 1161 255
1258 39 1259 38
1730 1392 1731 1393
1583 1068 1584 1067
1432 298 1433 297
1795 811 1796 812
1513 1708 1514 1707
1696 1057 1697 1056
1180 789 1181 788
752 436 753 435
1055 1583 1056 1584
1285 878 1286 877
1598 1368 1599 1369
1154 986 1155 987
1091 995 1092 996
18 206 19 205
51 1131 52 1130
1964 1181 1965 1182
1272 1237 1273 1238
1204 594 1205 595
685 1080 686 1081
254 818 255 817
43 237 44 238
1673 337 1674 336
1311 1921 1312 1922
1367 412 1368 413
1629 1363 1630 1362
189 1661 190 1660
236 1447 237 1446
932 1051 933 1050
1011 1322 1012 1321
1866 53 1867 52
1603 1095 1604 1096
29 1293 30 1294
1695 821 1696 822
1946 25 1947 24
1986 1778 1987 1779
21 391 22 392
539 1249 540 1250
1989 1292 1990 1291
380 443 381 442
1824 790 1825 791
1565 184 1566 183
470 1922 471 1921
1942 1883 1943 1882
1957 1354 1958 1353
76 1145 77 1144
143 332 144 333
1414 1946 1415 1945
971 1568 972 1569
1509 1633 1510 1632
447 1802 448 1801
1625 1647 1626 1646
786 1437 787 1436
197 1607 198 1608
653 774 654 773
902 286 903 285
346 1184 347 1183
1565 1686 1566 1687
1960 526 1961 527
859 1115 860 1116
595 1758 596 1759
1575 1707 1576 1708
842 821 843 820
1272 170 1273 169
1094 1779 1095 1778
782 1939 783 1938
856 443 857 442
1036 1738 1037 1737
944 1667 945 1668
1889 910 1890 909
922 1795 923 1794
1465 133 1466 132
1419 984 1420 983
382 722 383 721
216 881 217 880
1254 586 1255 587
1110 281 1111 282
189 1913 190 1912
258 1662 259 1661
1530 198 1531 197
1222 1344 1223 1343
533 696 534 697
1908 1731 1909 1730
132 942 133 943
1628 60 1629 59
725 1686 726 1687
1548 1800 1549 1799
894 983 895 984
114 1572 115 1573
955 582 956 581
1513 1147 1514 1148
1096 1552 1097 1551
1128 290 1129 289
51 509 52 510
1901 436 1902 435
1031 525 1032 524
1663 821 1664 820
685 1677 686 1676
550 746 551 745
2 1531 3 1530
1504 1674 1505 1675
1879 504 1880 505
956 680 957 681
1277 1985 1278 1984
972 1940 973 1941
73 467 74 468
808 1602 809 1603
222 1382 223 1381
881 1968 882 1967
571 614 572 613
265 1854 266 1855
1086 597 1087 598
1215 980 1216 981
1956 1648 1957 1647
373 1350 374 1349
189 120 190 121
1250 1298 1251 1297
1859 1353 1860 1354
202 797 203 796
424 634 425 635
1626 390 1627 391
551 873 552 872
437 1805 438 1806
343 1945 344 1946
891 1912 892 1913
1204 1115 1205 1116
29 1350 30 1349
868 1260 869 1261
1748 838 1749 839
1272 1695 1273 1694
1864 1864 1865 1863
146 470 147 471
849 466 850 467
38 1649 39 1650
719 453 720 454
520 1410 521 1409
499 1846 500 1845
1065 1726 1066 1725
1106 1883 1107 1882
1811 1304 1812 1303
1699 1008 1700 1007
21 1450 22 1451
124 1221 125 1220
512 1144 513 1143
903 282 904 281
1669 1093 1670 1092
503 1870 504 1871
986 399 987 398
872 1834 873 1833
328 1864 329 1863
662 1993 663 1992
261 1065 262 1064
1786 391 1787 392
1699 1826 1700 1825
1376 459 1377 460
235 554 236 555
887 286 888 285
892 15 893 14
1686 1597 1687 1596
227 1050 228 1051
168 1776 169 1775
1215 197 1216 198
364 653 365 654
756 440 757 441
704 562 705 561
1107 495 1108 494
1956 783 1957 782
493 1911 494 1912
93 1519 94 1518
1277 1775 1278 1776
1786 849 1787 848
840 1970 841 1971
1699 1434 1700 1435
1303 1116 1304 1115
841 1793 842 1794
1581 1389 1582 1388
194 350 195 349
511 1975 512 1976
1001 848 1002 849
456 1319 457 1318
774 1203 775 1202
900 1436 901 1437
1109 435 1110 436
1205 638 1206 637
587 782 588 783
672 313 673 312
1725 1550 1726 1549
732 1960 733 1959
398 1340 399 1341
245 534 246 533
848 471 849 472
894 1235 895 1234
1504 362 1505 363
1581 1921 1582 1922
380 1558 381 1559
1097 1723 1098 1722
749 1017 750 1016
1700 1478 1701 1477
228 821 229 822
1922 95 1923 96
1637 123 1638 124
1734 941 1735 940
302 1877 303 1876
1837 1627 1838 1626
1629 509 1630 510
1711 1760 1712 1759
1866 500 1867 501
1417 714 1418 715
719 281 720 282
1653 1102 1654 1103
236 82 237 83
21 1429 22 1430
1720 1806 1721 1805
1614 1148 1615 1147
1617 459 1618 460
1133 95 1134 96
457 95 458 94
533 1656 534 1655
1780 391 1781 390
203 1350 204 1351
1143 650 1144 651
465 1238 466 1237
567 750 568 749
1333 495 1334 494
499 1772 500 1773
1910 352 1911 351
36 485 37 486
1819 1429 1820 1430
1020 821 1021 820
1133 1985 1134 1984
822 281 823 282
1925 322 1926 323
1614 1376 1615 1377
475 35 476 36
1924 844 1925 845
1946 1322 1947 1321
267 132 268 131
809 1009 810 1010
276 304 277 303
901 1737 902 1738
842 3 843 4
1000 1933 1001 1934
903 1067 904 1068
1336 661 1337 662
1530 1569 1531 1568
571 983 572 984
1244 999 1245 1000
956 1741 957 1740
1113 1379 1114 1380
1789 666 1790 667
1055 943 1056 942
1608 1865 1609 1864
252 1293 253 1292
1922 780 1923 779
424 1379 425 1380
213 158 214 157
783 1663 784 1662
1214 1044 1215 1045
1077 754 1078 755
113 724 114 725
146 1853 147 1854
1703 1660 1704 1661
1517 1916 1518 1917
672 14 673 15
1274 681 1275 680
380 1629 381 1628
1067 790 1068 791
1672 462 1673 461
129 811 130 812
1024 612 1025 611
1073 159 1074 158
219 445 220 446
1427 871 1428 872
1653 1247 1654 1246
651 87 652 86
1383 839 1384 838
302 1772 303 1773
498 52 499 53
1464 1838 1465 1839
811 232 812 233
180 1573 181 1572
1411 1293 1412 1294
1682 281 1683 282
8 356 9 355
1664 567 1665 566
194 1580 195 1579
1854 380 1855 381
1898 102 1899 103
2 1381 3 1382
227 881 228 880
682 1241 683 1242
1131 468 1132 467
236 1519 237 1518
1725 656 1726 657
245 987 246 986
1272 1778 1273 1777
1012 1324 1013 1325
752 1806 753 1805
1107 814 1108 813
1204 1103 1205 1102
632 619 633 618
1867 846 1868 845
144 1917 145 1916
288 1766 289 1765
1394 780 1395 781
662 1845 663 1846
902 386 903 387
1691 973 1692 972
632 250 633 251
1272 1064 1273 1065
1250 1041 1251 1040
637 392 638 391
886 1010 887 1009
1691 1913 1692 1912
1643 1918 1644 1919
682 1647 683 1646
629 449 630 450
265 701 266 702
1988 517 1989 518
571 716 572 715
924 588 925 587
1867 1933 1868 1934
1725 695 1726 694
802 15 803 14
1453 871 1454 872
309 1479 310 1478
1278 1817 1279 1816
1867 301 1868 300
656 801 657 802
897 38 898 37
820 1632 821 1633
521 1044 522 1045
785 43 786 42
398 554 399 555
1625 635 1626 634
1562 138 1563 139
1720 791 1721 790
550 15 551 14
1682 1415 1683 1416
533 667 534 666
203 1339 204 1340
1608 1695 1609 1694
1725 1325 1726 1324
1128 677 1129 676
1212 1951 1213 1950
1530 1444 1531 1443
148 1938 149 1939
1575 666 1576 667
1160 634 1161 635
1156 1245 1157 1244
1783 713 1784 714
1652 485 1653 486
1160 837 1161 836
144 822 145 821
480 954 481 955
231 848 232 849
1328 1902 1329 1901
453 175 454 176
114 19 115 18
932 1190 933 1189
1807 1203 1808 1204
872 636 873 637
846 1945 847 1946
1160 1350 1161 1349
629 746 630 745
1561 1253 1562 1254
1130 1184 1131 1183
1086 1235 1087 1234
1425 1352 1426 1353
1846 282 1847 281
1071 1739 1072 1740
43 1817 44 1816
1416 1326 1417 1327
1604 1050 1605 1051
1331 1823 1332 1824
1692 1911 1693 1912
392 1026 393 1027
528 1321 529 1322
1106 942 1107 943
1285 1719 1286 1720
894 363 895 362
1927 1311 1928 1312
1186 56 1187 55
971 1876 972 1877
1549 172 1550 173
1394 1717 1395 1718
881 175 882 176
1344 971 1345 972
1054 1652 1055 1651
842 442 843 441
1164 1158 1165 1157
1575 1148 1576 1147
559 477 560 476
1133 52 1134 53
337 1313 338 1314
1716 1586 1717 1587
1020 1184 1021 1183
1504 181 1505 182
587 357 588 356
1419 346 1420 347
412 1143 413 1144
403 789 404 790
1133 754 1134 755
1673 431 1674 430
340 559 341 558
4 1459 5 1458
151 350 152 349
1577 1912 1578 1911
774 1888 775 1889
537 154 538 155
626 1785 627 1784
1330 1699 1331 1700
186 645 187 646
1834 755 1835 754
1847 456 1848 457
651 1832 652 1831
1616 1738 1617 1737
204 471 205 472
1575 443 1576 442
1065 1748 1066 1747
719 1559 720 1558
89 1338 90 1339
270 1093 271 1092
1204 1794 1205 1795
1307 175 1308 176
310 1632 311 1633
46 926 47 925
1293 837 1294 836
231 1310 232 1311
250 639 251 640
1573 51 1574 52
350 1722 351 1723
558 1203 559 1204
802 1971 803 1970
482 728 483 727
1789 1356 1790 1357
132 597 133 598
1716 1922 1717 1921
815 1505 816 1506
1453 893 1454 892
587 25 588 24
263 1433 264 1434
1333 1636 1334 1637
208 1027 209 1026
1217 1647 1218 1646
1277 1603 1278 1602
1750 1565 1751 1564
672 337 673 336
414 1667 415 1668
1283 714 1284 715
1561 451 1562 450
672 1656 673 1655
943 697 944 696
1776 852 1777 851
482 1130 483 1131
929 1970 930 1971
1910 1850 1911 1851
1344 1444 1345 1443
859 1559 860 1558
1442 1546 1443 1547
22 876 23 875
272 1652 273 1653
706 580 707 581
1204 649 1205 650
1646 103 1647 102
1360 620 1361 619
414 1544 415 1543
1090 1246 1091 1247
386 254 387 255
503 1873 504 1872
1043 596 1044 595
1156 138 1157 139
1214 1350 1215 1351
239 606 240 607
322 620 323 619
392 774 393 773
1453 23 1454 24
851 1591 852 1592
1383 640 1384 641
623 1586 624 1587
73 1425 74 1424
1533 1697 1534 1696
236 1435 237 1434
1128 206 1129 207
356 1064 357 1065
653 940 654 941
1434 1871 1435 1870
571 1726 572 1725
239 352 240 351
137 1475 138 1476
1956 60 1957 59
1133 595 1134 594
1256 913 1257 912
709 256 710 257
654 1068 655 1067
192 1534 193 1533
837 1688 838 1689
1748 1148 1749 1147
1985 595 1986 596
1396 1548 1397 1547
1101 550 1102 549
351 9 352 8
782 1635 783 1636
1247 639 1248 640
1278 1478 1279 1479
1430 1701 1431 1700
127 638 128 639
1734 1264 1735 1263
1691 120 1692 121
1431 1177 1432 1176
1164 468 1165 467
1498 505 1499 504
671 1382 672 1383
374 1826 375 1827
1164 666 1165 665
1959 1710 1960 1709
1477 1184 1478 1183
1377 1028 1378 1029
1542 1157 1543 1158
1889 1806 1890 1805
91 942 92 943
960 1432 961 1431
868 291 869 290
1054 437 1055 436
987 1893 988 1894
682 1448 683 1447
905 1281 906 1282
822 871 823 872
476 1517 477 1518
654 1696 655 1697
1628 1131 1629 1130
468 176 469 175
447 1531 448 1530
503 702 504 701
654 1696 655 1697
1154 1293 1155 1294
1361 420 1362 419
381 756 382 755
424 641 425 640
1634 1841 1635 1840
1910 1130 1911 1131
1824 661 1825 662
960 715 961 716
932 500 933 501
408 1533 409 1534
1673 143 1674 142
550 1720 551 1719
1608 1688 1609 1689
955 1390 956 1389
528 286 529 285
632 1268 633 1269
1472 732 1473 731
1786 1050 1787 1049
1791 120 1792 121
671 1189 672 1188
1664 1138 1665 1137
770 1203 771 1204
537 1229 538 1228
1258 1249 1259 1250
1758 30 1759 29
1101 173 1102 172
510 422 511 421
662 1779 663 1778
1094 922 1095 923
894 922 895 923
116 81 117 80
221 17 222 18
782 548 783 547
203 1437 204 1436
970 285 971 286
1687 1460 1688 1459
1274 1254 1275 1253
1834 724 1835 725
1907 449 1908 450
706 1883 707 1884
1695 940 1696 941
36 82 37 83
1674 1474 1675 1475
1942 940 1943 941
1905 421 1906 422
376 1845 377 1846
556 676 557 677
424 612 425 613
143 1706 144 1705
1113 1379 1114 1380
1360 1707 1361 1708
447 1357 448 1356
22 1967 23 1968
1333 1422 1334 1423
1396 942 1397 943
476 1880 477 1879
1958 1647 1959 1646
1406 1779 1407 1778
1090 783 1091 782
1561 346 1562 345
842 595 843 594
1027 1691 1028 1692
859 1519 860 1518
809 1144 810 1145
811 29 812 28
1342 1222 1343 1223
1094 818 1095 817
1464 1432 1465 1431
1290 612 1291 613
1222 236 1223 235
1432 839 1433 838
1617 70 1618 69
672 363 673 362
626 667 627 666
522 725 523 726
194 910 195 909
1636 791 1637 790
475 1790 476 1789
1806 971 1807 972
1513 783 1514 782
1334 1327 1335 1326
186 748 187 749
1536 671 1537 672
398 780 399 781
1285 357 1286 358
1396 1593 1397 1592
1624 1380 1625 1381
1652 727 1653 728
656 955 657 954
188 1709 189 1710
424 1238 425 1237
1653 1912 1654 1911
63 39 64 40
168 1961 169 1962
1154 1622 1155 1621
1430 1695 1431 1694
852 1743 853 1742
1090 707 1091 706
1001 1001 1002 1002
1313 613 1314 612
1889 1285 1890 1284
521 1380 522 1379
964 518 965 517
245 1748 246 1747
816 112 817 113
1693 1275 1694 1276
1946 1261 1947 1260
569 1174 570 1175
261 257 262 256
23 789 24 788
744 1050 745 1049
477 613 478 614
904 562 905 561
493 77 494 78
389 1052 390 1051
499 250 500 251
453 1229 454 1228
398 357 399 358
1065 235 1066 236
310 1805 311 1806
1277 1362 1278 1363
563 1701 564 1700
318 671 319 672
1807 1393 1808 1392
1799 1084 1800 1085
1522 270 1523 271
124 922 125 923
1957 96 1958 95
1195 1093 1196 1092
1472 235 1473 236
548 1224 549 1223
1256 1747 1257 1748
1472 1350 1473 1351
1043 476 1044 477
294 972 295 971
1204 1708 1205 1707
846 751 847 752
376 1057 377 1058
1573 817 1574 818
468 444 469 443
203 820 204 821
351 1647 352 1646
1729 554 1730 553
124 1430 125 1429
1533 722 1534 721
203 1768 204 1767
180 369 181 368
1043 1910 1044 1911
1442 598 1443 597
1844 28 1845 29
1419 1558 1420 1559
118 1130 119 1131
1588 899 1589 900
1754 1025 1755 1026
1784 1716 1785 1717
1905 1788 1906 1789
499 1999 500 1998
1000 1795 1001 1794
709 1203 710 1204
1731 696 1732 697
1397 800 1398 799
786 255 787 256
1094 1362 1095 1361
270 1275 271 1276
1336 1026 1337 1025
188 666 189 665
1188 1182 1189 1183
1453 1688 1454 1689
76 444 77 443
1643 1747 1644 1748
202 1930 203 1931
1635 876 1636 877
1587 1704 1588 1705
1617 877 1618 876
597 897 598 896
1496 319 1497 318
656 1603 657 1604
1278 197 1279 198
114 1206 115 1207
186 1770 187 1769
302 439 303 440
1340 1103 1341 1102
808 1855 809 1854
537 232 538 231
1867 1834 1868 1833
900 701 901 702
1854 158 1855 157
239 83 240 82
457 456 458 457
1375 769 1376 770
1628 839 1629 838
503 1739 504 1740
848 182 849 181
569 656 570 657
1459 1422 1460 1423
704 1045 705 1044
1244 1796 1245 1797
118 1816 119 1817
403 1130 404 1131
589 1101 590 1100
437 1627 438 1626
1135 208 1136 209
1533 70 1534 69
1692 1147 1693 1148
1313 1190 1314 1189
783 526 784 527
493 880 494 881
1930 1688 1931 1689
1934 1767 1935 1768
960 534 961 533
1646 1921 1647 1922
1942 1447 1943 1446
632 1884 633 1883
1583 561 1584 562
1652 1738 1653 1737
837 170 838 169
250 1442 251 1441
148 246 149 245
513 637 514 638
709 912 710 913
1293 714 1294 715
526 1343 527 1342
1942 1794 1943 1795
725 1371 726 1370
808 732 809 731
971 848 972 849
77 1674 78 1675
786 164 787 165
559 1783 560 1782
550 296 551 297
656 1822 657 1823
464 404 465 405
752 1181 753 1182
1330 356 1331 357
1834 1984 1835 1985
1927 591 1928 592
1867 1784 1868 1783
1748 1765 1749 1766
398 1627 399 1626
1789 1992 1790 1993
81 383 82 384
786 69 787 70
1311 1864 1312 1865
250 442 251 441
124 1241 125 1242
1536 694 1537 695
132 880 133 881
1958 31 1959 30
1344 495 1345 494
637 443 638 444
1181 1645 1182 1646
792 1239 793 1238
1673 922 1674 923
1597 1637 1598 1636
846 393 847 394
400 1705 401 1704
1305 790 1306 789
1607 1120 1608 1119
1097 77 1098 78
468 666 469 667
1898 1959 1899 1960
1889 147 1890 148
351 1818 352 1817
1898 82 1899 83
654 94 655 95
711 449 712 450
1036 263 1037 262
476 1432 477 1431
188 1492 189 1493
511 1052 512 1051
531 1628 532 1627
571 1068 572 1067
63 192 64 191
1562 1960 1563 1959
1783 1557 1784 1558
465 713 466 714
1130 1705 1131 1704
458 1182 459 1181
309 206 310 207
599 1238 600 1237
964 746 965 745
1919 1816 1920 1817
1907 30 1908 31
1703 53 1704 52
136 459 137 460
1107 582 1108 581
1986 1357 1987 1358
626 594 627 595
503 1260 504 1261
1957 47 1958 46
1468 1629 1469 1628
929 357 930 358
539 30 540 31
1784 955 1785 956
1581 1953 1582 1952
410 1493 411 1492
1731 1719 1732 1720
903 482 904 481
1204 586 1205 587
1992 1421 1993 1420
694 1321 695 1322
1820 373 1821 372
148 983 149 984
1942 1602 1943 1603
1748 1093 1749 1092
458 1717 459 1718
1216 471 1217 470
1441 358 1442 357
1498 1388 1499 1389
880 369 881 368
955 852 956 851
1664 1572 1665 1573
632 1655 633 1656
494 1380 495 1379
1195 1775 1196 1776
1 386 2 385
1925 1784 1926 1783
1583 481 1584 482
1664 436 1665 435
1509 1206 1510 1207
458 1699 459 1700
1701 1607 1702 1606
1406 924 1407 925
1634 495 1635 494
837 1326 838 1327
227 1376 228 1377
392 788 393 789
922 651 923 650
231 616 232 617
1819 1444 1820 1443
1139 1611 1140 1610
398 813 399 814
458 1723 459 1722
1000 1093 1001 1092
1179 1763 1180 1764
274 1042 275 1043
239 1853 240 1854
629 1635 630 1636
808 1934 809 1933
39 1872 40 1873
1474 426 1475 425
939 518 940 517
1110 385 1111 386
1067 38 1068 37
1562 1029 1563 1030
281 1715 282 1716
1575 981 1576 982
1783 1344 1784 1343
396 591 397 590
1334 722 1335 721
282 271 283 270
656 1822 657 1823
704 1782 705 1783
227 1263 228 1262
820 40 821 39
645 14 646 15
1541 357 1542 356
1007 1091 1008 1092
1561 1425 1562 1424
528 1934 529 1933
960 24 961 23
1607 138 1608 137
236 1246 237 1247
1549 1497 1550 1498
653 839 654 840
1307 1441 1308 1442
119 1976 120 1975
4 357 5 358
1522 251 1523 250
431 1980 432 1981
685 818 686 817
662 1263 663 1264
1626 1175 1627 1176
847 1392 848 1393
1693 313 1694 314
1335 1249 1336 1250
872 681 873 680
252 1864 253 1865
1383 1706 1384 1705
373 821 374 820
962 1971 963 1970
1290 1379 1291 1380
1662 189 1663 188
1007 1441 1008 1442
37 849 38 848
1441 1718 1442 1717
1316 1094 1317 1095
1333 1505 1334 1504
1879 681 1880 680
1319 391 1320 392
14 567 15 566
959 1676 960 1677
1419 910 1420 909
1668 782 1669 783
1643 1533 1644 1534
1356 1630 1357 1629
1135 910 1136 911
1875 1628 1876 1629
1303 1788 1304 1789
1921 1718 1922 1717
887 47 888 46
1889 518 1890 517
685 912 686 913
847 322 848 323
1026 1767 1027 1768
537 235 538 236
1241 1513 1242 1514
1233 1698 1234 1699
1945 1268 1946 1269
142 1580 143 1579
1859 587 1860 586
1889 1093 1890 1092
1617 846 1618 845
918 1072 919 1071
194 888 195 887
231 50 232 49
1266 1389 1267 1388
1422 1826 1423 1825
228 118 229 119
626 734 627 733
1919 619 1920 618
1394 580 1395 581
251 1993 252 1992
1538 960 1539 961
1653 1130 1654 1131
1136 1518 1137 1519
1720 329 1721 330
803 1876 804 1877
1504 1784 1505 1785
22 1416 23 1415
1229 828 1230 827
851 811 852 812
77 1434 78 1435
816 987 817 986
400 770 401 769
144 782 145 783
1859 1985 1860 1984
897 885 898 884
1008 1557 1009 1556
494 1687 495 1686
396 506 397 507
39 1434 40 1435
494 1380 495 1379
1243 206 1244 205
80 656 81 657
1896 321 1897 322
1634 1051 1635 1052
539 1466 540 1465
1416 1945 1417 1946
168 1723 169 1722
851 1221 852 1220
653 1092 654 1093
651 1698 652 1699
1453 243 1454 244
2 337 3 336
604 587 605 588
646 714 647 713
868 435 869 436
1583 1250 1584 1249
837 716 838 715
1050 1800 1051 1799
1725 1092 1726 1091
148 1377 149 1376
1840 1784 1841 1785
1668 1228 1669 1229
1313 485 1314 486
779 1092 780 1091
1847 1863 1848 1864
36 1433 37 1432
709 1865 710 1864
1864 1203 1865 1204
288 586 289 587
396 1747 397 1748
1611 1137 1612 1138
1362 1057 1363 1058
1934 402 1935 403
1233 1319 1234 1320
1417 581 1418 580
646 657 647 656
226 597 227 598
1673 230 1674 231
1034 209 1035 208
498 518 499 517
1311 1379 1312 1380
1474 1857 1475 1858
1139 1998 1140 1999
822 1764 823 1763
1195 773 1196 774
405 1832 406 1831
1854 1246 1855 1247
556 1855 557 1856
1561 1636 1562 1635
1577 1340 1578 1339
78 893 79 892
1281 1582 1282 1581
1784 888 1785 887
1222 672 1223 671
856 1495 857 1494
837 1091 838 1092
1043 1960 1044 1959
772 750 773 749
1409 1386 1410 1385
1001 1773 1002 1772
1523 1219 1524 1220
230 1807 231 1806
43 38 44 39
226 380 227 381
540 1340 541 1341
1222 165 1223 164
675 1922 676 1923
904 876 905 875
1522 237 1523 238
1413 430 1414 431
1243 439 1244 440
823 1131 824 1130
2 1358 3 1357
1416 721 1417 722
1383 211 1384 210
1643 872 1644 871
168 594 169 595
653 457 654 456
1441 1592 1442 1593
1414 1344 1415 1343
1107 1642 1108 1641
403 1319 404 1318
645 676 646 677
1362 196 1363 197
1866 498 1867 497
777 671 778 672
480 983 481 984
1919 1145 1920 1144
637 14 638 15
1776 1661 1777 1660
569 1442 570 1441
1110 346 1111 345
1475 69 1476 70
820 628 821 629
302 1772 303 1773
1964 1095 1965 1096
892 231 893 230
1133 25 1134 24
457 1863 458 1864
808 534 809 533
820 661 821 662
1960 445 1961 446
1340 1092 1341 1093
571 1380 572 1379
1204 665 1205 666
537 494 538 495
254 1919 255 1918
1020 595 1021 594
685 183 686 184
1143 904 1144 903
197 959 198 960
1020 620 1021 619
351 1989 352 1988
942 1471 943 1472
119 319 120 318
651 614 652 615
136 876 137 877
309 1251 310 1250
1668 1699 1669 1698
235 440 236 439
1621 1938 1622 1939
1646 1799 1647 1800
1884 973 1885 972
662 356 663 357
781 1645 782 1646
1542 1235 1543 1234
414 666 415 667
1305 445 1306 446
1780 587 1781 588
250 290 251 291
1840 1709 1841 1710
1195 436 1196 435
202 275 203 274
1958 4 1959 3
490 124 491 125
1154 731 1155 732
777 1237 778 1238
1846 454 1847 453
822 1680 823 1679
1542 972 1543 973
1604 1765 1605 1766
628 1883 629 1884
842 620 843 619
118 49 119 50
1925 1917 1926 1916
922 1322 923 1321
559 459 560 460
579 1562 580 1563
1575 1765 1576 1766
511 1389 512 1390
1577 715 1578 716
1748 1093 1749 1092
1342 1065 1343 1064
717 804 718 803
91 154 92 155
1616 1851 1617 1850
974 1296 975 1297
1553 593 1554 592
847 1245 848 1244
567 1976 568 1975
1161 1805 1162 1804
953 24 954 23
1430 875 1431 876
510 1981 511 1980
971 38 972 39
1313 1926 1314 1927
1537 120 1538 121
1884 1358 1885 1359
199 1056 200 1055
446 1859 447 1858
1901 1636 1902 1637
1626 641 1627 640
503 1092 504 1093
1000 436 1001 435
1397 650 1398 649
320 895 321 896
1577 1866 1578 1865
1406 251 1407 250
1453 263 1454 262
1997 1998 2000
327 561 328 560
1862 1147 1863 1146
944 971 945 972
594 1685 595 1686
166 1904 167 1903
1536 868 1537 867
1432 1057 1433 1058
76 1726 77 1725
1847 282 1848 281
252 501 253 500
1311 570 1312 571
1270 1120 1271 1119
773 680 774 679
63 1006 64 1005
768 1405 769 1404
904 1939 905 1940
1387 1235 1388 1234
1002 407 1003 406
1162 1817 1163 1818
1623 1772 1624 1773
63 1091 64 1090
763 270 764 269
86 848 87 849
1641 900 1642 901
397 31 398 32
1387 1187 1388 1188
1644 1958 1645 1957
1421 1918 1422 1917
485 790 486 789
1293 1789 1294 1788
1842 666 1843 665
1866 1224 1867 1223
111 476 112 477
996 1269 997 1268
1451 1097 1452 1098
1914 635 1915 636
13 1814 14 1815
1088 1273 1089 1272
1431 1096 1432 1097
1121 771 1122 770
596 650 597 651
1952 1824 1953 1825
1796 1363 1797 1362
1623 1688 1624 1689
1712 541 1713 540
137 267 138 266
825 1126 826 1125
1562 302 1563 301
985 742 986 741
770 876 771 875
1844 1179 1845 1180
626 624 627 623
1383 452 1384 451
770 1836 771 1837
787 1719 788 1720
655 1298 656 1299
202 137 203 136
1746 77 1747 76
1699 312 1700 313
936 938 937 939
1399 1610 1400 1609
961 1548 962 1549
1290 1510 1291 1509
82 836 83 835
1623 1549 1624 1550
1751 1332 1752 1333
166 1173 167 1172
1823 1164 1824 1165
696 818 697 817
1103 1036 1104 1035
763 1972 764 1973
165 1838 166 1837
378 350 379 351
1751 1545 1752 1544
137 1639 138 1640
202 245 203 246
350 553 351 554
423 670 424 669
1327 1292 1328 1293
1468 1837 1469 1838
521 1543 522 1544
1746 1156 1747 1155
182 1006 183 1005
527 1773 528 1774
158 1274 159 1275
905 668 906 669
419 1504 420 1503
350 1887 351 1888
36 1074 37 1073
1644 1709 1645 1710
1151 566 1152 567
1590 1691 1591 1690
1817 1929 1818 1930
1786 8 1787 9
1222 460 1223 459
1963 55 1964 56
1553 1586 1554 1587
1412 1482 1413 1483
5 1626 6 1625
442 107 443 108
171 1698 172 1699
749 1142 750 1143
1321 1890 1322 1891
1538 1110 1539 1111
985 1229 986 1230
1719 1506 1720 1505
1557 1348 1558 1349
1758 1383 1759 1384
1895 1748 1896 1749
1817 1772 1818 1773
1523 738 1524 737
13 1031 14 1030
1024 97 1025 98
262 18 263 17
9 1557 10 1556
1658 1829 1659 1828
1599 1698 1600 1699
499 1298 500 1299
978 1286 979 1285
1590 1284 1591 1285
757 1492 758 1493
1420 1474 1421 1475
1290 339 1291 338
1818 500 1819 501
594 658 595 659
475 1347 476 1348
1311 407 1312 406
1644 790 1645 789
1199 628 1200 627
1327 378 1328 377
1508 1616 1509 1615
643 620 644 619
168 1052 169 1051
1270 1404 1271 1405
644 1299 645 1300
682 583 683 584
1520 724 1521 723
690 1841 691 1840
1444 1690 1445 1691
773 742 774 741
749 838 750 839
366 37 367 38
1327 167 1328 168
1751 1269 1752 1270
182 1535 183 1534
1759 500 1760 499
972 862 973 861
176 863 177 862
368 920 369 921
690 772 691 771
1188 387 1189 388
139 148 140 147
368 1030 369 1029
137 312 138 313
1532 985 1533 984
3 590 4 589
1399 56 1400 55
1543 1799 1544 1798
1129 1141 1130 1142
1188 1165 1189 1164
1803 80 1804 79
638 1373 639 1374
1014 33 1015 32
527 1289 528 1290
1123 592 1124 593
1862 1868 1863 1869
969 1562 970 1561
224 349 225 350
291 1004 292 1003
1817 1206 1818 1205
1686 575 1687 576
1661 1680 1662 1681
1563 632 1564 633
166 636 167 635
1448 1550 1449 1549
1048 167 1049 168
1401 669 1402 670
789 317 790 318
932 1261 933 1260
340 1688 341 1689
948 1832 949 1831
806 1829 807 1828
1253 1269 1254 1270
1158 388 1159 387
528 1837 529 1836
780 550 781 551
601 1192 602 1191
1021 1540 1022 1541
1166 1549 1167 1550
989 350 990 351
1443 162 1444 163
1915 244 1916 245
958 469 959 470
904 447 905 446
627 1407 628 1408
128 1289 129 1290
1207 1612 1208 1611
750 256 751 257
1453 159 1454 160
623 1776 624 1777
710 406 711 407
227 679 228 678
1431 1500 1432 1499
445 1292 446 1291
567 112 568 111
1092 1209 1093 1208
1346 1745 1347 1746
47 1932 48 1931
1633 994 1634 993
1404 326 1405 327
1010 1004 1011 1003
1317 1414 1318 1415
1721 1979 1722 1980
180 835 181 836
54 1374 55 1373
787 369 788 370
1358 908 1359 909
94 1073 95 1074
850 1793 851 1792
1141 1636 1142 1637
637 162 638 163
768 1490 769 1491
1852 506 1853 507
1930 954 1931 953
442 634 443 633
1321 1235 1322 1234
785 120 786 121
1078 1385 1079 1386
4 452 5 451
1078 1388 1079 1389
1312 634 1313 633
1606 1458 1607 1457
1420 599 1421 598
1368 197 1369 198
1958 1770 1959 1771
1478 490 1479 491
1406 378 1407 377
528 1617 529 1616
782 777 783 776
472 684 473 685
627 638 628 637
1833 1770 1834 1771
1538 1165 1539 1164
1621 1142 1622 1141
1519 414 1520 413
840 1407 841 1408
1686 1389 1687 1388
1824 1172 1825 1173
1547 554 1548 553
1202 1611 1203 1612
182 1545 183 1544
232 1272 233 1273
1538 1779 1539 1778
852 1895 853 1894
1170 1615 1171 1616
1448 727 1449 726
1723 444 1724 445
1553 1805 1554 1804
1776 1828 1777 1829
610 936 611 937
788 1832 789 1833
1475 1403 1476 1404
1525 634 1526 635
1489 1972 1490 1973
1753 108 1754 107
961 1234 962 1235
643 283 644 282
785 1651 786 1650
94 921 95 920
1930 97 1931 96
1701 370 1702 369
166 1535 167 1534
632 1279 633 1280
398 1966 399 1967
1538 1725 1539 1726
626 364 627 365
1972 1290 1973 1289
1448 1374 1449 1375
47 1878 48 1877
517 183 518 184
1217 94 1218 95
945 385 946 386
973 1489 974 1490
1489 305 1490 304
1365 901 1366 900
1055 1815 1056 1814
982 1680 983 1681
1401 414 1402 413
1318 1068 1319 1067
1307 1223 1308 1224
1699 1056 1700 1055
1818 1057 1819 1056
1895 636 1896 637
648 1361 649 1360
943 699 944 700
703 903 704 904
528 1155 529 1156
1930 5 1931 6
1815 1209 1816 1208
1914 331 1915 332
1621 473 1622 472
491 860 492 859
1895 665 1896 666
1179 906 1180 905
1777 491 1778 490
232 1004 233 1003
1321 1692 1322 1693
750 1744 751 1743
455 1955 456 1954
929 1746 930 1745
806 1606 807 1605
773 690 774 689
395 374 396 375
788 1952 789 1951
1075 1061 1076 1062
1355 1187 1356 1188
1039 501 1040 500
409 201 410 200
378 1327 379 1326
1961 1353 1962 1352
297 839 298 838
1453 1833 1454 1832
1817 281 1818 282
1010 567 1011 568
1251 1669 1252 1668
1051 726 1052 727
713 612 714 611
768 939 769 938
1098 147 1099 146
493 1832 494 1831
1658 189 1659 188
1492 1838 1493 1837
1293 551 1294 550
1881 650 1882 649
1343 1306 1344 1307
1014 282 1015 281
1423 226 1424 227
1657 1384 1658 1383
1062 1376 1063 1375
1312 304 1313 305
941 1154 942 1155
54 1829 55 1828
99 236 100 237
1838 1851 1839 1852
1606 266 1607 267
83 1848 84 1847
1987 1804 1988 1805
1383 1074 1384 1075
325 1558 326 1559
696 261 697 260
527 94 528 95
1873 859 1874 858
1676 1271 1677 1270
484 1204 485 1203
356 1520 357 1521
677 33 678 32
1963 304 1964 305
584 1847 585 1848
1553 305 1554 304
189 1056 190 1057
521 836 522 835
880 514 881 513
996 1655 997 1654
1062 1285 1063 1284
1185 1376 1186 1377
685 1610 686 1609
1775 1428 1776 1427
107 1275 108 1274
312 1435 313 1434
1407 1439 1408 1440
66 1620 67 1619
342 570 343 571
1817 344 1818 345
1568 173 1569 172
128 590 129 589
484 1649 485 1650
288 941 289 942
455 941 456 942
1185 900 1186 901
868 1629 869 1630
1380 1224 1381 1223
780 1720 781 1719
1167 1687 1168 1686
1807 616 1808 615
18 511 19 510
547 139 548 138
589 1097 590 1096
1225 1354 1226 1355
1069 737 1070 738
1828 1643 1829 1642
378 1111 379 1112
144 855 145 856
685 525 686 524
823 1443 824 1444
820 1521 821 1520
871 128 872 127
1039 432 1040 431
139 1003 140 1004
1172 1650 1173 1651
152 1254 153 1255
1893 268 1894 267
1921 1292 1922 1291
547 911 548 912
1489 332 1490 331
117 1452 118 1451
1374 1569 1375 1568
1506 1595 1507 1594
1007 255 1008 256
262 1404 263 1405
1718 1249 1719 1248
1242 1052 1243 1051
1881 1982 1882 1981
1759 1343 1760 1342
232 1382 233 1381
1431 670 1432 669
943 1062 944 1061
493 1208 494 1209
1052 1853 1053 1854
1168 1045 1169 1044
139 1556 140 1557
1454 1804 1455 1805
1442 1147 1443 1146
1448 108 1449 107
1508 1560 1509 1561
252 1693 253 1692
168 516 169 517
1180 1561 1181 1560
882 1013 883 1014
1769 1540 1770 1539
1758 1326 1759 1327
1817 920 1818 921
441 743 442 744
710 1155 711 1154
1479 1547 1480 1548
99 305 100 304
1963 1188 1964 1187
455 1105 456 1106
725 882 726 883
1449 1003 1450 1004
169 1698 170 1699
543 379 544 378
1834 331 1835 332
676 1319 677 1318
857 1823 858 1824
774 682 775 683
1746 177 1747 178
82 1077 83 1076
725 35 726 36
1915 771 1916 770
629 1410 630 1409
1432 828 1433 829
1907 630 1908 629
1092 95 1093 94
905 615 906 616
1088 1305 1089 1304
388 84 389 83
794 1952 795 1951
850 159 851 160
414 1162 415 1161
1166 1587 1167 1586
506 1070 507 1071
62 1954 63 1955
985 1192 986 1191
1081 422 1082 421
1311 1406 1312 1407
195 716 196 717
385 1262 386 1261
1166 1127 1167 1128
517 1043 518 1042
296 1272 297 1273
1547 351 1548 350
974 1774 975 1773
644 54 645 55
1111 1078 1112 1077
1399 680 1400 679
208 1304 209 1305
117 1098 118 1097
1380 1788 1381 1789
194 1388 195 1387
1644 659 1645 658
1533 920 1534 921
252 568 253 567
509 813 510 814
354 1333 355 1334
534 1606 535 1605
1532 905 1533 906
1299 567 1300 568
1866 116 1867 115
1607 1061 1608 1062
1271 1896 1272 1895
1346 501 1347 500
534 1078 535 1077
756 1690 757 1691
356 1505 357 1506
871 1299 872 1300
1987 1538 1988 1537
455 570 456 571
279 289 280 290
1092 877 1093 876
936 1185 937 1184
1207 1616 1208 1617
1621 566 1622 567
1222 708 1223 709
1636 1469 1637 1470
468 445 469 444
697 1534 698 1535
943 812 944 813
996 665 997 666
1996 905 1997 906
121 1090 122 1091
1588 1342 1589 1343
1532 201 1533 202
1523 1358 1524 1359
589 1773 590 1774
1271 1171 1272 1170
1914 1344 1915 1345
277 1030 278 1031
783 1308 784 1307
673 826 674 827
596 1828 597 1829
1599 1879 1600 1878
1451 1700 1452 1699
1075 1832 1076 1831
1641 36 1642 35
1718 1982 1719 1981
944 1890 945 1891
337 172 338 173
312 500 313 501
1914 1030 1915 1029
1343 682 1344 681
468 1859 469 1858
763 1295 764 1296
169 305 170 304
47 1725 48 1726
1873 1426 1874 1425
1151 1726 1152 1725
1038 1383 1039 1382
240 871 241 870
429 776 430 777
509 709 510 708
194 1725 195 1726
773 620 774 619
636 796 637 795
1266 1071 1267 1070
297 414 298 413
1813 84 1814 83
1242 1521 1243 1520
429 1505 430 1506
109 884 110 883
1069 1470 1070 1469
996 406 997 407
1958 803 1959 802
1448 312 1449 313
1974 1131 1975 1130
450 1568 451 1567
128 742 129 741
936 166 937 167
1573 241 1574 240
939 598 940 599
1087 1003 1088 1002
398 1482 399 1483
832 432 833 431
759 850 760 851
416 1992 417 1993
490 339 491 338
703 1405 704 1404
739 13 740 12
158 1343 159 1342
949 724 950 723
592 1030 593 1029
86 456 87 457
237 17 238 18
1163 1167 1164 1168
181 1654 182 1655
875 1692 876 1693
62 679 63 680
773 868 774 867
3 1319 4 1318
1167 1110 1168 1111
714 619 715 620
1078 1423 1079 1424
1165 568 1166 567
1996 499 1997 500
795 1193 796 1192
1308 1004 1309 1003
517 1710 518 1709
158 1291 159 1292
654 172 655 173
676 1535 677 1534
326 948 327 947
643 96 644 97
832 1293 833 1292
1389 1463 1390 1462
1489 1977 1490 1978
1657 444 1658 445
621 1894 622 1895
714 1549 715 1550
180 789 181 790
1432 1774 1433 1773
677 611 678 612
697 1770 698 1769
111 1897 112 1896
1049 1042 1050 1043
1538 1382 1539 1383
139 1068 140 1067
62 107 63 108
450 1510 451 1509
454 1193 455 1192
1290 1136 1291 1135
137 1738 138 1737
63 1440 64 1439
168 560 169 561
117 332 118 331
1817 147 1818 146
801 921 802 920
876 323 877 322
1233 1726 1234 1725
795 1848 796 1847
1740 1691 1741 1690
338 246 339 245
1037 815 1038 816
1253 634 1254 635
753 369 754 368
460 1640 461 1639
1977 1000 1978 1001
143 6 144 5
1895 1630 1896 1629
704 1958 705 1957
179 1110 180 1111
893 1744 894 1743
1621 1571 1622 1570
522 140 523 141
1103 1543 1104 1544
1753 640 1754 639
475 1770 476 1771
811 838 812 839
279 365 280 364
1403 1090 1404 1091
763 1444 764 1443
1895 160 1896 159
1842 320 1843 319
1229 1840 1230 1841
1197 994 1198 993
1135 139 1136 140
1146 1638 1147 1639
137 1890 138 1891
228 1636 229 1637
940 1878 941 1879
227 1492 228 1491
637 1832 638 1833
342 549 343 548
278 1169 279 1168
114 1837 115 1838
21 93 22 94
117 682 118 683
291 58 292 57
1758 1303 1759 1302
1179 1352 1180 1353
785 1492 786 1491
785 434 786 435
1401 920 1402 921
527 1304 528 1305
407 282 408 283
1439 650 1440 649
601 360 602 361
1468 1165 1469 1164
94 599 95 598
1483 1637 1484 1636
1233 566 1234 567
1403 1558 1404 1559
158 1055 159 1056
1351 1726 1352 1725
373 1824 374 1823
1786 345 1787 344
1198 658 1199 659
1026 1251 1027 1250
509 178 510 177
563 1310 564 1309
240 516 241 517
50 78 51 79
1823 25 1824 24
1468 1165 1469 1164
539 1777 540 1778
725 639 726 638
1395 1896 1396 1895
1583 1931 1584 1930
350 590 351 589
158 1661 159 1660
1604 826 1605 827
713 516 714 517
153 660 154 661
1069 1592 1070 1593
1538 244 1539 245
974 240 975 241
961 883 962 882
94 395 95 396
82 1862 83 1863
1479 670 1480 669
356 205 357 204
1967 1505 1968 1506
768 554 769 553
13 1931 14 1932
1347 516 1348 515
1815 1291 1816 1292
1803 717 1804 718
1757 870 1758 871
1633 1426 1634 1425
1969 245 1970 246
1333 1064 1334 1063
1815 1978 1816 1977
1121 548 1122 549
1958 349 1959 350
943 1434 944 1435
1308 389 1309 390
1839 82 1840 83
1077 1167 1078 1168
974 1205 975 1206
790 312 791 313
638 1779 639 1780
1923 1385 1924 1384
1643 1509 1644 1510
111 76 112 77
1816 516 1817 515
1538 814 1539 813
629 1833 630 1832
1803 9 1804 8
442 1632 443 1631
1562 1611 1563 1612
190 1601 191 1602
1649 1587 1650 1586
1881 83 1882 84
1842 127 1843 128
819 440 820 439
252 797 253 796
644 423 645 422
713 95 714 94
1111 1042 1112 1043
1435 1439 1436 1440
1406 908 1407 909
1351 58 1352 57
1909 1163 1910 1162
905 1110 906 1111
807 665 808 666
1158 1048 1159 1047
515 482 516 481
1588 356 1589 357
1834 637 1835 636
1634 371 1635 370
1198 332 1199 331
629 1235 630 1234
826 1587 827 1586
1423 1557 1424 1556
978 1614 979 1615
1020 1049 1021 1050
1051 798 1052 797
1100 1408 1101 1407
1347 957 1348 958
1431 1858 1432 1859
589 1767 590 1766
850 305 851 304
1270 566 1271 567
1451 1958 1452 1957
89 549 90 550
753 1300 754 1299
1396 1642 1397 1643
1822 1878 1823 1879
282 1897 283 1896
1333 811 1334 810
1520 1632 1521 1631
1508 738 1509 737
152 1853 153 1854
1431 679 1432 678
936 1386 937 1385
1319 189 1320 188
1479 1127 1480 1126
725 1814 726 1815
696 378 697 377
1456 370 1457 369
709 360 710 361
1397 256 1398 257
1307 1300 1308 1299
297 651 298 650
224 1003 225 1002
338 369 339 370
996 871 997 870
1803 827 1804 828
1266 421 1267 422
996 1385 997 1384
795 1784 796 1783
1571 772 1572 771
140 1700 141 1701
1838 1859 1839 1860
361 1506 362 1505
547 112 548 111
1645 373 1646 374
1606 825 1607 826
584 1601 585 1602
165 599 166 598
460 1112 461 1111
94 851 95 850
690 1307 691 1306
152 1180 153 1179
475 1657 476 1656
1844 1333 1845 1334
1636 1776 1637 1777
1731 873 1732 874
1021 1385 1022 1384
429 1615 430 1616
32 111 33 112
1399 549 1400 550
1952 312 1953 313
840 778 841 777
428 37 429 38
340 829 341 828
1167 883 1168 882
1453 1327 1454 1326
478 1003 479 1002
795 24 796 25
1423 1056 1424 1055
1842 1440 1843 1439
527 1332 528 1333
395 326 396 327
1817 1405 1818 1404
596 451 597 452
1701 825 1702 826
1923 481 1924 482
819 1410 820 1409
1489 413 1490 414
982 339 983 338
1275 1908 1276 1907
623 1141 624 1142
774 1221 775 1220
379 1168 380 1167
1599 392 1600 391
1266 1403 1267 1404
1742 1537 1743 1538
943 915 944 914
474 804 475 803
416 1373 417 1374
882 1079 883 1078
228 679 229 678
1823 1625 1824 1626
791 612 792 611
1538 1374 1539 1373
1483 177 1484 178
395 1457 396 1458
322 274 323 273
780 485 781 484
1919 1535 1920 1534
826 401 827 400
1115 797 1116 796
356 889 357 890
1345 1833 1346 1832
251 16 252 15
1355 636 1356 637
1824 877 1825 876
320 550 321 551
1847 1035 1848 1036
246 1847 247 1846
1915 972 1916 971
1668 751 1669 752
871 859 872 858
1344 639 1345 640
197 483 198 482
359 1505 360 1506
1055 1226 1056 1225
893 680 894 679
1233 1786 1234 1785
237 313 238 312
1599 1805 1600 1806
1667 111 1668 112
666 1689 667 1688
77 1766 78 1767
1252 1179 1253 1180
1121 1743 1122 1742
1714 1568 1715 1567
498 777 499 776
1420 395 1421 396
89 938 90 939
114 168 115 167
1327 1535 1328 1534
330 575 331 574
1185 1779 1186 1778
158 1686 159 1685
725 1959 726 1960
1914 909 1915 908
806 1375 807 1374
395 305 396 304
1910 281 1911 280
1077 1917 1078 1918
940 143 941 144
1299 1152 1300 1153
1432 1398 1433 1399
1444 1235 1445 1234
627 1606 628 1605
63 312 64 313
657 1466 658 1465
240 1156 241 1155
1023 1745 1024 1746
1023 460 1024 459
1161 889 1162 890
1573 829 1574 828
820 338 821 339
1823 1139 1824 1138
1319 1656 1320 1657
1119 708 1120 709
297 281 298 280
1081 313 1082 312
1042 1518 1043 1517
1826 97 1827 98
1873 282 1874 283
1454 1360 1455 1361
806 184 807 183
739 522 740 521
1604 15 1605 16
409 1655 410 1656
257 1382 258 1381
1075 623 1076 624
1816 395 1817 396
504 971 505 972
1225 1295 1226 1296
1399 1057 1400 1056
1048 911 1049 912
601 818 602 817
1538 1824 1539 1823
76 498 77 497
1862 1457 1863 1458
1906 1591 1907 1592
157 1639 158 1638
509 549 510 550
1253 378 1254 377
1599 843 1600 844
243 1319 244 1318
1667 1490 1668 1491
1644 660 1645 661
1242 1485 1243 1486
182 1221 183 1220
773 578 774 577
378 1255 379 1254
1942 1434 1943 1435
1786 1170 1787 1171
1873 890 1874 889
1024 888 1025 889
1492 1688 1493 1687
237 225 238 226
1807 1057 1808 1058
467 1051 468 1052
1492 25 1493 24
1719 308 1720 307
1693 1869 1694 1868
709 1205 710 1206
768 1180 769 1179
1544 465 1545 464
2 1704 3 1705
1432 1389 1433 1388
1163 1021 1164 1020
657 1001 658 1000
893 553 894 554
1222 1745 1223 1746
1420 1435 1421 1434
776 920 777 921
1180 1746 1181 1745
528 1859 529 1860
528 255 529 254
976 1071 977 1070
257 1998 258 1997
180 648 181 647
1879 459 1880 460
1421 559 1422 558
455 1061 456 1062
719 245 720 246
193 1572 194 1571
1657 1223 1658 1224
1026 1274 1027 1275
725 1951 726 1952
398 444 399 445
340 465 341 464
794 244 795 245
1758 327 1759 326
1803 1068 1804 1067
1718 374 1719 375
1399 1779 1400 1780
76 1639 77 1640
460 4 461 5
498 1082 499 1083
429 616 430 615
1921 392 1922 391
139 465 140 464
241 1367 242 1368
1081 1678 1082 1679
1571 385 1572 386
1972 1293 1973 1292
1290 1136 1291 1135
1755 570 1756 571
905 1469 906 1470
165 516 166 515
1623 1725 1624 1726
227 1225 228 1226
46 665 47 666
1599 1003 1600 1002
89 1204 90 1203
1432 498 1433 497
1021 1395 1022 1396
1643 571 1644 570
1199 825 1200 824
1088 1557 1089 1558
1551 708 1552 709
548 927 549 928
534 1862 535 1863
1242 516 1243 517
940 1993 941 1992
1741 1832 1742 1833
409 1348 410 1347
794 1891 795 1890
1333 1828 1334 1829
1062 1098 1063 1097
515 716 516 717
111 1952 112 1953
341 1036 342 1035
1063 202 1064 201
1971 882 1972 883
504 1660 505 1659
1969 1767 1970 1766
529 868 530 867
776 1333 777 1332
47 1119 48 1120
416 1374 417 1375
1557 285 1558 284
563 1444 564 1443
1327 1229 1328 1230
1403 802 1404 803
1439 1177 1440 1178
1787 12 1788 13
1468 1544 1469 1545
1680 150 1681 149
1718 1435 1719 1434
1068 627 1069 628
506 1303 507 1304
1069 172 1070 171
1371 1986 1372 1987
416 806 417 805
1439 384 1440 383
567 1304 568 1305
1435 1616 1436 1615
169 578 170 577
845 1413 846 1414
1347 620 1348 619
1817 264 1818 263
1649 1929 1650 1930
1275 1384 1276 1383
1847 1709 1848 1708
589 1052 590 1051
727 488 728 489
1443 1303 1444 1304
139 939 140 938
863 1686 864 1687
1371 323 1372 322
1343 121 1344 120
416 389 417 390
1179 77 1180 76
633 174 634 173
1244 345 1245 344
232 870 233 871
1069 611 1070 612
1723 181 1724 182
340 1135 341 1136
1839 1954 1840 1955
472 1889 473 1888
1242 1953 1243 1952
642 558 643 559
170 356 171 357
1179 1965 1180 1966
227 369 228 370
62 1385 63 1386
751 1624 752 1625
944 1726 945 1725
1155 1868 1156 1867
249 1592 250 1591
373 897 374 896
974 911 975 912
675 1026 676 1027
297 308 298 307
1349 636 1350 635
1405 748 1406 747
168 1143 169 1142
925 91 926 90
1532 261 1533 260
974 570 975 571
643 384 644 383
788 1571 789 1572
1172 1571 1173 1572
877 1407 878 1406
1578 1671 1579 1672
170 144 171 143
1233 792 1234 793
1100 889 1101 890
1656 805 1657 804
1087 1384 1088 1385
1833 1440 1834 1439
572 1078 573 1079
1113 331 1114 332
642 1879 643 1878
1358 1551 1359 1552
685 388 686 387
1026 593 1027 592
1274 997 1275 998
1816 1087 1817 1086
1756 1505 1757 1506
529 1908 530 1907
654 1097 655 1098
1744 1969 1745 1970
1601 813 1602 812
1020 718 1021 717
338 1783 339 1784
1755 873 1756 874
545 911 546 912
1308 904 1309 903
1235 81 1236 80
1327 444 1328 445
1969 589 1970 590
420 474 421 475
567 181 568 182
499 771 500 772
1867 581 1868 580
1959 262 1960 263
1380 1876 1381 1875
426 366 427 365
338 985 339 984
1533 1052 1534 1051
1578 1592 1579 1593
46 1321 47 1322
886 942 887 941
1202 1192 1203 1191
165 1029 166 1030
4 184 5 183
1773 108 1774 109
697 1172 698 1173
251 1891 252 1890
1773 1180 1774 1179
1776 1571 1777 1570
521 516 522 517
1842 349 1843 350
389 116 390 115
1119 500 1120 499
626 1772 627 1773
169 1828 170 1829
601 1078 602 1079
1604 1492 1605 1491
673 1373 674 1374
368 1938 369 1939
1004 1732 1005 1733
1648 619 1649 620
181 1854 182 1853
1757 345 1758 344
1349 1610 1350 1609
1307 413 1308 414
1813 1404 1814 1403
143 640 144 639
1717 1381 1718 1382
1942 1099 1943 1100
193 161 194 162
498 1561 499 1560
1755 263 1756 264
820 1180 821 1179
949 624 950 623
54 370 55 369
996 1707 997 1706
208 1851 209 1852
1727 15 1728 14
1383 1042 1384 1043
1395 568 1396 567
791 876 792 875
1599 1035 1600 1036
1787 391 1788 392
1435 1284 1436 1285
515 1779 516 1780
1643 1355 1644 1354
655 1593 656 1592
1741 1556 1742 1557
1100 685 1101 684
754 1773 755 1774
1926 1874 1927 1873
124 1902 125 1901
1333 1361 1334 1360
886 1003 887 1004
1826 302 1827 303
1607 1384 1608 1385
1949 1703 1950 1704
153 1655 154 1656
1914 1921 1915 1920
496 1086 497 1085
468 958 469 957
749 1003 750 1002
1032 302 1033 303
1158 516 1159 515
1620 1775 1621 1776
109 303 110 302
137 566 138 567
123 717 124 718
704 1737 705 1738
527 1847 528 1848
1299 1660 1300 1661
109 1302 110 1303
648 648 649 647
725 1170 726 1171
1817 1848 1818 1847
887 278 888 277
9 824 10 825
1351 873 1352 874
1002 261 1003 260
1197 406 1198 407
1606 1385 1607 1386
1245 916 1246 915
1062 83 1063 82
1943 1768 1944 1767
1965 1782 1966 1783
1042 370 1043 369
62 1141 63 1142
1833 682 1834 683
1969 850 1970 851
75 1626 76 1625
406 1862 407 1861
1271 1110 1272 1111
257 911 258 912
303 83 304 82
1861 1078 1862 1079
527 56 528 55
1443 1385 1444 1386
1275 522 1276 521
193 1465 194 1464
1222 1358 1223 1359
1371 566 1372 567
1020 1944 1021 1945
1747 71 1748 70
1166 12 1167 13
676 81 677 82
279 843 280 844
945 1482 946 1483
763 389 764 390
696 611 697 612
1343 1661 1344 1660
1000 793 1001 792
1432 482 1433 481
468 1230 469 1229
1661 1747 1662 1746
1641 516 1642 517
137 1440 138 1439
54 368 55 369
1475 1414 1476 1413
340 724 341 723
1151 716 1152 717
1222 1058 1223 1057
86 889 87 888
1915 1891 1916 1890
738 99 739 100
989 1706 990 1707
1686 1111 1687 1110
1451 1030 1452 1029
395 848 396 849
1293 407 1294 406
1757 669 1758 668
1533 1907 1534 1908
1275 1345 1276 1344
1404 566 1405 567
1571 1778 1572 1779
1740 1936 1741 1937
798 1404 799 1405
1706 1770 1707 1771
1484 13 1485 12
157 1915 158 1916
1024 1146 1025 1147
1442 937 1443 936
89 1610 90 1609
735 1221 736 1222
96 732 97 733
180 422 181 423
1755 369 1756 370
710 1640 711 1639
787 599 788 598
171 1679 172 1678
1914 1954 1915 1955
58 1664 59 1663
515 938 516 939
886 1571 887 1572
320 1614 321 1615
1699 1549 1700 1548
1098 1832 1099 1833
692 54 693 55
1299 263 1300 264
1172 805 1173 806
769 482 770 483
350 1292 351 1293
947 888 948 889
1069 385 1070 386
623 370 624 369
1915 148 1916 147
1633 1929 1634 1930
677 772 678 771
1880 1786 1881 1785
5 860 6 859
1817 257 1818 256
1042 1209 1043 1208
256 1031 257 1030
1448 522 1449 521
1881 1021 1882 1020
1879 1778 1880 1779
258 388 259 387
1421 196 1422 197
943 1254 944 1255
1023 1997 1024 1998
509 1377 510 1376
1307 1904 1308 1903
756 1917 757 1918
1699 1520 1700 1521
1188 1193 1189 1192
405 1537 406 1538
832 637 833 636
47 638 48 639
1653 108 1654 109
475 1064 476 1063
32 55 33 56
340 1254 341 1255
782 1558 783 1557
1552 717 1553 718
1657 1078 1658 1079
1714 1120 1715 1119
277 1932 278 1931
1544 1000 1545 1001
241 465 242 464
629 1404 630 1405
1412 1216 1413 1215
46 1070 47 1071
589 1822 590 1821
241 304 242 305
1094 236 1095 237
393 284 394 283
1987 1399 1988 1398
340 1464 341 1465
1270 1004 1271 1003
739 1832 740 1831
1100 803 1101 802
811 682 812 683
1547 1405 1548 1404
342 15 343 16
970 549 971 548
165 1939 166 1938
1063 1003 1064 1004
1817 1907 1818 1908
77 517 78 516
703 1491 704 1492
882 583 883 584
350 1966 351 1967
850 828 851 829
1914 1701 1915 1700
985 859 986 860
1170 275 1171 276
992 1020 993 1019
1919 957 1920 958
368 619 369 620
89 1377 90 1376
134 740 135 741
1172 1003 1173 1004
1968 369 1969 368
572 1769 573 1770
475 1342 476 1343
1593 606 1594 607
1967 369 1968 370
1048 369 1049 370
1817 1086 1818 1087
1547 1254 1548 1255
1042 301 1043 302
1723 76 1724 77
303 283 304 282
745 340 746 339
1581 1265 1582 1266
337 1052 338 1051
1225 120 1226 121
357 354 358 353
769 1322 770 1321
41 1342 42 1343
1552 1840 1553 1841
124 88 125 89
114 80 115 81
1756 1814 1757 1815
54 1548 55 1549
943 1168 944 1167
613 699 614 700
208 1491 209 1490
1199 1891 1200 1890
1026 1234 1027 1235
805 41 806 42
845 1678 846 1679
1243 1207 1244 1206
1653 936 1654 937
1862 650 1863 649
411 134 412 135
795 260 796 261
776 515 777 516
1483 1381 1484 1380
467 1503 468 1504
654 189 655 188
1967 896 1968 897
475 1657 476 1656
1432 570 1433 571
1915 1567 1916 1568
1039 452 1040 451
1101 475 1102 476
509 1851 510 1852
768 344 769 345
66 1452 67 1451
1456 1932 1457 1931
1158 599 1159 598
493 695 494 696
485 1978 486 1977
725 1225 726 1226
1553 1789 1554 1788
985 167 986 168
1026 172 1027 173
288 1004 289 1003
697 1184 698 1185
244 588 245 589
754 1759 755 1760
1873 1348 1874 1347
819 464 820 465
982 1823 983 1824
1817 1743 1818 1742
1759 36 1760 35
592 1700 593 1699
407 1184 408 1185
1667 1759 1668 1760
1048 1139 1049 1138
66 558 67 559
1403 423 1404 422
613 1708 614 1709
416 1187 417 1188
41 1837 42 1836
1971 476 1972 477
1717 284 1718 285
296 1686 297 1687
197 1112 198 1111
1553 777 1554 778
1731 1031 1732 1030
1092 850 1093 851
18 741 19 742
695 1786 696 1785
795 511 796 510
313 1076 314 1075
529 167 530 168
527 911 528 912
158 660 159 661
3 1433 4 1434
1758 812 1759 813
1167 776 1168 777
1532 1610 1533 1609
1590 128 1591 127
1275 392 1276 391
997 612 998 611
370 383 371 384
1729 382 1730 383
1842 270 1843 269
341 1773 342 1774
1562 413 1563 414
491 920 492 921
763 451 764 452
1020 482 1021 481
1270 1466 1271 1465
240 1896 241 1897
1519 651 1520 650
515 1998 516 1997
179 708 180 709
13 146 14 147
1311 283 1312 284
291 6 292 5
16 354 17 355
875 1572 876 1571
816 958 817 957
763 1549 764 1548
968 78 969 79
356 144 357 143
218 1235 219 1236
1435 939 1436 938
224 205 225 204
982 535 983 536
128 373 129 372
1252 1805 1253 1806
1321 1295 1322 1296
1741 477 1742 476
1340 636 1341 635
875 79 876 80
1299 566 1300 567
1185 668 1186 669
1111 1036 1112 1035
690 1671 691 1672
1365 549 1366 550
709 1719 710 1720
905 1708 906 1709
1866 1609 1867 1610
1753 1147 1754 1146
1751 373 1752 372
811 1710 812 1709
107 275 108 276
1658 1804 1659 1805
1327 1908 1328 1907
94 1893 95 1892
1626 352 1627 353
1475 623 1476 624
1803 148 1804 147
970 1307 971 1306
283 1329 284 1330
1649 1407 1650 1406
111 1972 112 1973
143 1982 144 1981
460 266 461 267
1588 422 1589 423
857 323 858 322
137 67 138 68
1098 1074 1099 1073
76 1236 77 1235
384 83 385 84
1048 654 1049 655
517 1710 518 1709
692 1078 693 1077
1644 1981 1645 1982
798 267 799 266
949 1794 950 1793
1068 1568 1069 1567
1020 1470 1021 1469
368 1086 369 1087
110 1286 111 1285
1077 1205 1078 1206
1404 267 1405 266
398 517 399 516
182 115 183 116
1062 275 1063 276
1113 849 1114 848
832 1184 833 1185
806 1655 807 1656
110 1767 111 1766
195 1814 196 1815
211 534 212 535
823 638 824 637
1643 1226 1644 1225
704 204 705 205
359 1686 360 1687
773 1654 774 1655
596 835 597 836
1842 1977 1843 1978
1321 627 1322 628
1601 1474 1602 1475
850 1448 851 1447
1828 735 1829 736
445 561 446 560
71 1203 72 1204
1847 1630 1848 1631
1833 517 1834 516
1206 1223 1207 1222
1252 1403 1253 1404
1406 1904 1407 1903
1435 167 1436 166
1277 1599 1278 1598
1119 900 1120 901
527 1482 528 1483
1648 1138 1649 1139
1345 1162 1346 1161
491 1270 492 1269
1270 679 1271 678
1151 178 1152 177
1207 1138 1208 1139
686 1726 687 1727
1077 1208 1078 1209
1172 17 1173 18
704 196 705 197
1442 1302 1443 1303
354 1292 355 1291
1199 897 1200 896
1820 292 1821 293
137 1404 138 1405
745 1602 746 1603
685 1300 686 1299
21 1457 22 1458
1990 565 1991 566
1448 1043 1449 1042
1319 1234 1320 1235
1197 649 1198 650
1217 1887 1218 1888
714 1869 715 1868
666 1406 667 1407
498 345 499 344
325 128 326 127
882 860 883 859
1879 1966 1880 1965
528 1586 529 1587
863 1057 864 1058
1866 245 1867 246
521 1074 522 1075
1533 1318 1534 1319
1233 1064 1234 1063
676 1048 677 1047
325 509 326 508
179 9 180 8
1547 284 1548 283
1866 912 1867 911
1141 1004 1142 1003
1468 1097 1469 1096
361 281 362 280
1345 109 1346 108
1759 827 1760 828
1648 301 1649 302
1553 1051 1554 1052
36 1892 37 1893
1011 368 1012 369
1170 811 1171 810
1038 476 1039 477
190 1192 191 1193
1119 445 1120 446
1578 1859 1579 1860
1719 1291 1720 1292
1838 1541 1839 1540
1544 628 1545 627
350 1895 351 1896
1862 566 1863 567
94 1742 95 1743
1062 1035 1063 1036
350 1051 351 1052
105 464 106 465
1964 1275 1965 1274
893 1249 894 1248
1765 795 1766 796
296 172 297 171
1103 424 1104 423
1538 699 1539 700
1803 139 1804 140
306 1748 307 1749
623 1961 624 1960
1731 1692 1732 1693
1573 1326 1574 1327
1731 716 1732 717
1657 407 1658 406
3 905 4 906
429 1111 430 1110
739 1147 740 1146
886 797 887 796
545 136 546 137
1123 1452 1124 1451
36 148 37 147
1604 178 1605 177
233 980 234 981
475 280 476 281
1562 355 1563 354
1235 1931 1236 1932
407 370 408 369
1077 307 1078 308
666 1457 667 1458
1816 818 1817 817
868 498 869 497
754 883 755 882
388 521 389 522
648 1642 649 1643
1833 173 1834 172
596 1770 597 1771
1429 8 1430 7
1731 1557 1732 1556
1394 1155 1395 1154
1626 1380 1627 1381
832 485 833 484
1643 548 1644 549
1032 422 1033 421
1165 1659 1166 1660
527 1382 528 1381
1468 1165 1469 1164
1518 897 1519 896
1346 1504 1347 1503
1358 861 1359 862
153 1918 154 1917
1397 640 1398 639
258 1615 259 1614
47 1743 48 1742
1740 1251 1741 1250
1121 638 1122 639
567 178 568 177
1762 182 1763 181
1136 826 1137 827
1136 1383 1137 1382
1443 1405 1444 1404
753 1690 754 1691
1762 576 1763 575
111 1879 112 1878
251 1296 252 1295
1445 648 1446 649
1121 1548 1122 1549
763 1897 764 1896
1451 501 1452 500
291 1004 292 1003
1448 1077 1449 1078
96 332 97 331
139 682 140 681
1552 1298 1553 1299
718 1290 719 1291
649 1848 650 1847
320 80 321 81
876 161 877 162
208 1859 209 1860
1087 1004 1088 1003
876 1636 877 1637
1910 1143 1911 1142
1807 828 1808 827
1955 1485 1956 1484
1980 695 1981 694
1000 1284 1001 1285
750 1698 751 1699
1098 1824 1099 1823
1785 1066 1786 1065
867 52 868 53
637 1447 638 1448
282 1642 283 1643
1174 399 1175 398
1103 1918 1104 1917
86 256 87 257
1068 1152 1069 1153
1952 1154 1953 1155
218 521 219 522
1021 1374 1022 1373
1224 957 1225 958
943 1423 944 1424
455 1805 456 1806
1075 407 1076 406
1668 283 1669 284
573 1234 574 1235
169 553 170 554
478 811 479 810
1349 1192 1350 1193
770 1003 771 1004
1020 139 1021 138
1103 1209 1104 1208
768 900 769 901
110 912 111 911
623 724 624 723
584 516 585 515
1355 1992 1356 1993
94 1087 95 1086
1358 1051 1359 1052
1525 1875 1526 1876
21 1333 22 1334
1062 1076 1063 1077
1862 813 1863 812
692 638 693 637
1057 1310 1058 1309
137 1615 138 1616
972 1518 973 1517
1923 1650 1924 1649
1188 619 1189 620
627 1936 628 1937
388 619 389 620
1686 1353 1687 1352
1094 736 1095 735
1571 553 1572 554
388 331 389 332
1406 1688 1407 1687
1590 1862 1591 1863
798 1559 799 1560
690 1204 691 1203
54 655 55 654
327 1937 328 1936
1817 353 1818 352
1773 577 1774 578
709 1225 710 1226
1929 1258 1930 1259
1475 283 1476 282
1423 434 1424 435
1489 1452 1490 1451
99 661 100 660
1484 1824 1485 1825
1815 204 1816 205
763 1208 764 1209
1266 1302 1267 1303
1971 1778 1972 1779
71 1434 72 1433
773 859 774 860
262 1383 263 1382
1319 269 1320 270
1758 1806 1759 1805
1126 1684 1127 1683
384 1685 385 1686
1839 1326 1840 1327
208 611 209 612
682 1191 683 1192
182 1957 183 1958
1919 1029 1920 1030
1420 83 1421 84
291 67 292 68
190 510 191 511
573 370 574 369
1000 1656 1001 1657
868 1100 869 1099
1198 200 1199 201
1807 1944 1808 1945
1319 1097 1320 1098
985 400 986 401
1318 182 1319 181
388 994 389 993
989 640 990 639
594 1863 595 1862
1351 1105 1352 1106
1523 1050 1524 1049
1914 1788 1915 1789
941 1249 942 1248
395 1162 396 1161
1518 568 1519 567
1444 658 1445 659
769 421 770 422
1129 94 1130 93
806 1619 807 1620
1598 1896 1599 1895
801 1192 802 1191
278 447 279 446
13 882 14 883
157 240 158 241
596 803 597 802
1451 1290 1452 1289
1842 270 1843 269
1432 1310 1433 1309
1557 882 1558 883
1987 368 1988 369
1023 1650 1024 1649
1961 1470 1962 1469
877 304 878 305
1648 984 1649 985
228 58 229 57
945 700 946 699
1399 553 1400 554
695 1373 696 1374
1098 903 1099 904
232 1049 233 1050
1873 82 1874 83
258 1875 259 1876
974 818 975 817
1333 349 1334 350
666 1292 667 1291
892 1206 893 1205
1056 991 1057 992
589 860 590 859
1094 658 1095 659
642 1917 643 1918
1063 1156 1064 1155
753 1957 754 1958
1824 1848 1825 1847
528 1048 529 1047
970 339 971 338
20 1444 21 1445
484 1895 485 1896
845 162 846 163
240 77 241 76
1038 79 1039 80
1828 432 1829 431
1055 139 1056 140
820 945 821 944
1077 1285 1078 1286
312 1793 313 1794
252 1203 253 1204
1914 550 1915 551
1087 1082 1088 1083
1839 383 1840 384
1395 797 1396 796
1077 1091 1078 1090
1321 1383 1322 1382
682 1720 683 1719
1051 1388 1052 1387
379 1193 380 1192
534 1538 535 1537
506 1630 507 1629
877 883 878 884
1002 611 1003 612
749 1064 750 1063
157 633 158 634
1813 1560 1814 1559
1881 736 1882 735
1475 1236 1476 1235
1874 1180 1875 1179
1881 650 1882 649
140 1547 141 1548
1199 1548 1200 1549
1010 1841 1011 1842
1451 516 1452 517
340 290 341 289
1048 558 1049 559
1011 1074 1012 1075
1347 167 1348 168
1954 201 1955 200
1151 476 1152 477
460 1326 461 1327
1349 611 1350 612
823 1958 824 1957
1706 307 1707 308
613 254 614 255
1290 1951 1291 1952
1172 1296 1173 1295
320 1687 321 1688
1435 254 1436 255
485 82 486 83
788 1824 789 1823
886 1860 887 1859
725 806 726 805
978 1932 979 1931
338 388 339 387
948 1746 949 1745
1435 423 1436 422
1756 1893 1757 1892
601 81 602 80
405 83 406 82
643 848 644 849
798 1096 799 1097
996 789 997 788
1051 97 1052 98
1202 413 1203 414
1789 1729 1790 1728
673 1164 674 1165
1994 995 1995 996
1844 365 1845 364
976 1828 977 1829
3 444 4 445
400 1970 401 1969
1022 220 1023 219
1312 637 1313 636
692 84 693 83
1503 189 1504 190
1471 1860 1472 1859
71 1965 72 1966
18 1788 19 1789
1741 1785 1742 1786
282 732 283 733
1111 1504 1112 1503
1065 1304 1066 1305
384 1408 385 1407
32 182 33 181
695 305 696 304
1522 1158 1523 1159
515 1466 516 1465
252 1650 253 1651
528 1389 529 1388
27 1095 28 1094
1813 1235 1814 1236
886 1960 887 1959
1345 320 1346 319
1816 1205 1817 1206
1014 1709 1015 1708
499 1878 500 1879
819 567 820 568
1326 1992 1327 1991
819 1986 820 1987
1205 596 1206 595
1344 1587 1345 1586
137 339 138 338
1383 659 1384 658
1919 1167 1920 1168
1420 957 1421 958
857 1747 858 1746
1454 423 1455 422
1862 1249 1863 1248
1065 772 1066 771
258 1029 259 1030
657 1354 658 1355
303 392 304 391
1657 25 1658 24
337 1504 338 1503
1113 1383 1114 1384
1321 904 1322 903
1457 55 1458 54
770 738 771 737
373 548 374 549
1910 1737 1911 1738
1634 233 1635 234
1693 319 1694 320
972 1876 973 1875
1266 1327 1267 1326
1964 312 1965 313
515 1959 516 1960
700 545 701 546
1518 227 1519 226
83 1052 84 1051
1141 476 1142 477
756 858 757 859
1457 1738 1458 1737
110 396 111 395
291 464 292 465
1158 551 1159 550
379 877 380 876
1963 1451 1964 1452
690 434 691 435
1581 1256 1582 1255
1119 615 1120 616
467 1897 468 1896
414 751 415 752
982 352 983 353
886 304 887 305
478 1656 479 1655
21 1425 22 1426
237 1030 238 1031
1321 806 1322 805
1741 177 1742 178
1599 772 1600 771
2000 1997 2000
56 24 57 23
1528 1342 1529 1341
842 1891 843 1890
1606 1937 1607 1938
1966 114 1967 113
1044 1689 1045 1688
1826 723 1827 722
1978 1528 1979 1529
1851 722 1852 721
1149 728 1150 729
1532 1032 1533 1033
353 1691 354 1692
903 1853 904 1854
555 1344 556 1345
448 1013 449 1014
177 84 178 83
613 290 614 291
1159 1432 1160 1431
561 174 562 173
906 1381 907 1380
1890 621 1891 622
512 482 513 481
1534 228 1535 229
1716 276 1717 277
440 742 441 743
973 546 974 545
1350 966 1351 965
468 1890 469 1891
1089 1995 1090 1996
1159 711 1160 712
432 1069 433 1070
526 1556 527 1555
1690 1540 1691 1539
1779 1677 1780 1676
835 1291 836 1292
9 868 10 869
422 73 423 72
564 985 565 984
1882 1108 1883 1109
897 640 898 639
240 1829 241 1828
908 34 909 33
1207 1349 1208 1348
749 574 750 575
1143 1824 1144 1823
1184 722 1185 721
1928 437 1929 436
314 1668 315 1667
835 133 836 134
885 1216 886 1215
1124 390 1125 391
695 1019 696 1018
1369 229 1370 230
906 442 907 441
1698 1314 1699 1313
107 1310 108 1311
894 1872 895 1871
1044 975 1045 976
1443 1616 1444 1617
1488 454 1489 455
138 1892 139 1893
586 436 587 437
1010 238 1011 239
749 461 750 462
153 544 154 543
1434 341 1435 342
1686 881 1687 880
1644 1363 1645 1364
1478 1937 1479 1938
1550 1242 1551 1241
950 1513 951 1514
1207 1075 1208 1076
355 1069 356 1070
799 1008 800 1009
201 1535 202 1536
1709 1617 1710 1618
828 1228 829 1229
729 304 730 305
1413 985 1414 984
595 1828 596 1829
779 434 780 433
144 110 145 109
398 1507 399 1506
685 1604 686 1605
1242 202 1243 201
461 223 462 222
752 1528 753 1527
1686 67 1687 66
263 396 264 395
1615 898 1616 897
1697 152 1698 153
495 1569 496 1570
661 1084 662 1085
349 395 350 396
602 1553 603 1554
420 497 421 496
375 1139 376 1138
1716 1529 1717 1528
1292 1371 1293 1370
1921 1687 1922 1686
94 830 95 829
1768 639 1769 640
216 505 217 504
919 876 920 877
1815 848 1816 847
9 1345 10 1346
1010 1212 1011 1211
1089 819 1090 818
1887 1483 1888 1484
169 899 170 900
1343 1703 1344 1704
957 1467 958 1468
153 1552 154 1551
253 820 254 821
1078 328 1079 329
130 1314 131 1315
528 808 529 809
1227 389 1228 390
1501 976 1502 975
324 250 325 251
296 546 297 545
1209 962 1210 961
827 620 828 619
842 1631 843 1632
929 1001 930 1000
20 1862 21 1861
1347 813 1348 812
522 1571 523 1572
1660 1750 1661 1749
567 1296 568 1297
781 371 782 370
445 274 446 275
240 39 241 40
9 229 10 230
481 93 482 94
1877 889 1878 888
1094 1718 1095 1717
561 94 562 93
846 1730 847 1731
1861 817 1862 816
1339 1394 1340 1393
1532 770 1533 769
460 830 461 829
533 678 534 677
890 1039 891 1040
422 738 423 737
210 93 211 94
360 1243 361 1242
1231 1504 1232 1503
1665 41 1666 42
1877 1790 1878 1791
93 1635 94 1634
1779 659 1780 660
474 588 475 589
1480 174 1481 175
1275 427 1276 426
838 1988 839 1987
1889 159 1890 158
1318 441 1319 442
885 684 886 685
1556 691 1557 692
450 1533 451 1532
248 1620 249 1619
1494 963 1495 964
531 143 532 144
257 1139 258 1138
338 1511 339 1512
1454 1663 1455 1662
512 1969 513 1970
832 1508 833 1509
1966 1864 1967 1865
54 66 55 65
1314 598 1315 597
502 1739 503 1740
1247 1657 1248 1656
1073 415 1074 416
1756 157 1757 156
603 213 604 214
1706 395 1707 394
567 1853 568 1854
453 1346 454 1345
561 1658 562 1659
450 465 451 466
1961 1144 1962 1143
353 1548 354 1547
1332 916 1333 915
1264 1619 1265 1620
1105 1050 1106 1051
263 1536 264 1535
1549 575 1550 576
1997 1229 1998 1228
589 1683 590 1684
1235 1080 1236 1079
915 904 916 903
1759 995 1760 996
973 876 974 877
919 817 920 816
1345 678 1346 677
1217 315 1218 316
862 1445 863 1444
965 986 966 987
463 926 464 927
512 1228 513 1229
1815 1387 1816 1388
1469 1549 1470 1550
1108 1211 1109 1210
1255 576 1256 575
1472 1853 1473 1852
1714 481 1715 482
314 1009 315 1008
1890 1313 1891 1314
240 1051 241 1050
819 1272 820 1271
390 610 391 611
332 1924 333 1923
1958 1359 1959 1358
201 1313 202 1314
1800 1172 1801 1171
1884 1687 1885 1686
376 1723 377 1724
100 1349 101 1348
240 1528 241 1527
18 438 19 439
1698 1010 1699 1011
1235 1899 1236 1898
1952 1617 1953 1618
807 1987 808 1988
707 1829 708 1828
1087 1948 1088 1947
1057 1071 1058 1072
1939 1342 1940 1341
677 1748 678 1749
1680 960 1681 961
1684 1069 1685 1070
382 1263 383 1264
296 1608 297 1607
589 1604 590 1605
1850 497 1851 498
896 954 897 955
1361 717 1362 718
1802 1604 1803 1605
855 338 856 337
58 329 59 330
324 883 325 882
1997 1578 1998 1579
257 829 258 830
1580 143 1581 144
1759 1093 1760 1094
1686 1921 1687 1922
1750 1790 1751 1791
1884 153 1885 154
1086 1753 1087 1752
756 622 757 623
1850 692 1851 691
561 325 562 326
756 1506 757 1507
1238 1493 1239 1494
654 494 655 495
1255 1556 1256 1555
1907 1255 1908 1254
255 1918 256 1917
1433 1242 1434 1241
56 244 57 245
422 318 423 319
1952 1286 1953 1287
197 317 198 316
1413 389 1414 388
706 659 707 660
1934 1663 1935 1662
243 985 244 986
177 328 178 329
1626 49 1627 50
1804 1873 1805 1874
13 1753 14 1754
177 84 178 83
332 1467 333 1466
175 1144 176 1143
397 976 398 975
1022 1945 1023 1944
1448 251 1449 250
1759 961 1760 962
1777 1241 1778 1242
1779 1548 1780 1547
781 1159 782 1158
491 389 492 388
531 23 532 22
1124 165 1125 164
1431 543 1432 544
261 1486 262 1485
316 1267 317 1266
243 1659 244 1658
1618 1663 1619 1662
256 174 257 173
1416 1972 1417 1971
858 738 859 737
413 1070 414 1069
1651 1753 1652 1752
1738 485 1739 486
1016 961 1017 960
1442 1685 1443 1684
1881 1207 1882 1208
1016 1583 1017 1582
195 1250 196 1249
1414 509 1415 508
1129 811 1130 812
603 1415 604 1416
1988 410 1989 411
1110 1864 1111 1865
1698 1790 1699 1791
1085 1862 1086 1861
906 79 907 78
1092 1110 1093 1109
973 330 974 329
314 1250 315 1249
1102 1635 1103 1634
138 1658 139 1659
1149 1242 1150 1243
14 1388 15 1389
1519 619 1520 620
1416 1686 1417 1687
1268 1159 1269 1158
1451 1651 1452 1652
1255 1104 1256 1105
1252 728 1253 729
1426 1188 1427 1189
93 524 94 523
1928 888 1929 889
846 388 847 389
1352 623 1353 622
357 20 358 21
1108 1079 1109 1080
1917 198 1918 199
567 717 568 718
243 1659 244 1658
1948 1754 1949 1755
1625 1912 1626 1911
1931 1563 1932 1562
1369 1417 1370 1416
422 575 423 574
735 1229 736 1230
819 389 820 388
1235 357 1236 356
494 1170 495 1171
1528 1215 1529 1216
1352 1536 1353 1535
1916 39 1917 40
1958 1171 1959 1170
906 1970 907 1969
119 1052 120 1051
1966 1122 1967 1123
130 1829 131 1828
1503 568 1504 567
749 84 750 85
157 62 158 61
502 479 503 478
1580 1250 1581 1249
316 787 317 786
1010 1549 1011 1550
296 1620 297 1619
1877 436 1878 437
1005 926 1006 925
1067 741 1068 742
1398 1539 1399 1540
1465 498 1466 499
1446 1549 1447 1550
1968 8 1969 7
1754 85 1755 84
535 1947 536 1948
568 1793 569 1794
248 1101 249 1100
316 1502 317 1503
1682 1558 1683 1559
1051 442 1052 443
1779 1663 1780 1662
1907 498 1908 499
485 904 486 903
1425 1432 1426 1431
1756 769 1757 770
1968 1082 1969 1083
1102 1988 1103 1987
1789 1844 1790 1845
1431 1155 1432 1154
1287 1828 1288 1829
1426 1551 1427 1552
1580 230 1581 231
1465 982 1466 981
1609 411 1610 412
1870 419 1871 420
1457 1063 1458 1064
461 1755 462 1754
1861 1249 1862 1250
978 687 979 686
564 110 565 109
613 917 614 916
929 1523 930 1524
498 394 499 395
168 308 169 307
1105 1472 1106 1473
218 278 219 279
929 1122 930 1123
1874 1773 1875 1772
1446 687 1447 686
1352 894 1353 895
866 1653 867 1652
1833 745 1834 746
357 41 358 40
1314 239 1315 238
89 1555 90 1554
1037 1791 1038 1790
1111 894 1112 895
583 570 584 571
491 1127 492 1128
256 1528 257 1529
914 1882 915 1883
841 1615 842 1616
45 1576 46 1577
119 677 120 678
1673 1765 1674 1766
995 411 996 412
590 899 591 900
1392 1375 1393 1376
1038 766 1039 767
1709 787 1710 786
1722 961 1723 960
61 1950 62 1949
1549 678 1550 677
1351 1001 1352 1000
1973 1388 1974 1389
965 1555 966 1556
1069 84 1070 85
195 1332 196 1333
197 1883 198 1884
801 410 802 411
1965 815 1966 814
1143 1720 1144 1721
14 388 15 389
581 1211 582 1210
316 1058 317 1059
1044 317 1045 316
212 1681 213 1682
813 684 814 685
1480 481 1481 482
233 427 234 426
1209 1240 1210 1241
361 1041 362 1042
602 1070 603 1069
769 31 770 30
1625 761 1626 762
450 690 451 689
169 269 170 268
1184 81 1185 80
1347 199 1348 200
1349 1639 1350 1638
974 24 975 23
1647 818 1648 819
971 1941 972 1940
1750 644 1751 645
1094 568 1095 567
1000 1872 1001 1873
61 1030 62 1029
420 1713 421 1714
1180 1932 1181 1933
1617 1063 1618 1064
494 1578 495 1579
533 1313 534 1314
436 1508 437 1507
1215 1914 1216 1913
1609 1741 1610 1742
1519 1721 1520 1720
593 1875 594 1876
1144 157 1145 156
522 1680 523 1679
1503 930 1504 931
1111 1897 1112 1896
1457 1469 1458 1470
1016 199 1017 198
1259 1416 1260 1417
1685 843 1686 842
950 437 951 436
919 683 920 682
1687 1362 1688 1361
1694 1171 1695 1170
1102 236 1103 235
381 1424 382 1425
1209 1619 1210 1618
956 660 957 659
1105 1088 1106 1089
1255 581 1256 582
40 1346 41 1345
1259 83 1260 84
1014 1951 1015 1952
1673 1667 1674 1668
999 1841 1000 1840
1329 1310 1330 1311
1102 1242 1103 1241
316 1502 317 1503
654 685 655 684
394 112 395 111
788 1731 789 1730
432 917 433 918
1889 1923 1890 1924
1398 453 1399 454
1163 165 1164 164
956 1314 957 1315
1349 1015 1350 1014
502 1485 503 1486
253 678 254 677
898 64 899 63
567 316 568 315
1156 727 1157 726
1528 1507 1529 1506
1383 1401 1384 1400
381 61 382 60
1965 1553 1966 1552
950 1667 951 1668
195 1364 196 1365
846 882 847 883
381 176 382 177
707 1790 708 1789
119 1369 120 1368
688 529 689 530
309 663 310 662
1977 1036 1978 1037
877 26 878 27
1764 137 1765 138
623 67 624 66
954 999 955 1000
954 42 955 41
325 529 326 530
735 424 736 425
355 1527 356 1528
61 78 62 79
342 1693 343 1692
255 1704 256 1703
838 1873 839 1872
1102 918 1103 917
1480 1202 1481 1203
1425 571 1426 570
1934 821 1935 820
301 1274 302 1273
9 328 10 327
858 1492 859 1493
1087 1365 1088 1364
720 869 721 868
1229 1431 1230 1432
1697 1944 1698 1945
837 984 838 985
1680 900 1681 899
537 1240 538 1241
1722 133 1723 134
1609 1528 1610 1529
1150 1947 1151 1948
1449 162 1450 163
1975 1228 1976 1227
1568 847 1569 848
1070 246 1071 247
885 78 886 77
138 1170 139 1171
769 1949 770 1950
782 987 783 986
872 1922 873 1921
398 230 399 231
1550 102 1551 101
1275 21 1276 20
1709 787 1710 786
327 960 328 959
588 1790 589 1789
862 1409 863 1408
1861 314 1862 313
1287 1824 1288 1823
1803 1657 1804 1656
810 424 811 425
609 1610 610 1609
769 403 770 404
1452 1123 1453 1122
1423 659 1424 658
1939 467 1940 468
338 561 339 560
707 1790 708 1789
360 1001 361 1000
1050 1356 1051 1357
832 1219 833 1218
1505 1996 1506 1995
719 1844 720 1845
1087 1365 1088 1364
1582 723 1583 722
1551 1636 1552 1637
1000 1181 1001 1180
1834 1687 1835 1686
568 382 569 381
1511 138 1512 137
1923 1218 1924 1219
1018 766 1019 767
1472 880 1473 881
1877 1597 1878 1596
498 357 499 356
243 1370 244 1371
28 1523 29 1524
1476 461 1477 460
872 341 873 342
309 1153 310 1154
1917 1785 1918 1784
948 727 949 728
1968 1636 1969 1637
1868 1120 1869 1119
1094 463 1095 464
702 1539 703 1538
144 1014 145 1015
611 1856 612 1855
1476 1384 1477 1383
454 1693 455 1692
1576 1909 1577 1910
819 1000 820 1001
1714 1646 1715 1647
481 137 482 138
1352 138 1353 137
1358 1076 1359 1075
248 943 249 944
1826 999 1827 1000
1958 862 1959 861
1798 1980 1799 1979
1688 1473 1689 1472
1111 1854 1112 1855
588 1895 589 1896
1089 341 1090 342
1997 497 1998 498
488 1714 489 1715
654 13 655 14
439 1796 440 1797
654 1015 655 1014
241 495 242 494
375 1354 376 1353
467 1983 468 1982
202 22 203 23
338 1132 339 1133
270 1164 271 1165
1759 1080 1760 1079
216 279 217 278
494 436 495 437
1512 393 1513 392
10 61 11 62
510 159 511 158
1861 341 1862 342
1467 313 1468 314
1716 1631 1717 1632
535 685 536 684
595 1524 596 1525
1684 60 1685 61
1044 441 1045 442
1459 1197 1460 1198
1454 563 1455 562
1124 1549 1125 1550
491 18 492 17
595 1617 596 1618
896 1380 897 1381
1089 878 1090 879
157 677 158 678
342 356 343 357
1706 1100 1707 1101
1710 1526 1711 1527
1242 62 1243 61
1038 1249 1039 1250
1329 1741 1330 1742
1377 990 1378 991
467 318 468 319
846 277 847 276
677 533 678 532
1454 1717 1455 1716
1706 1656 1707 1657
247 1238 248 1237
1284 1576 1285 1577
1392 881 1393 880
210 93 211 94
20 529 21 528
240 1979 241 1980
1082 503 1083 502
1503 1645 1504 1644
1287 644 1288 645
1858 1431 1859 1432
1750 62 1751 61
176 160 177 159
588 660 589 659
62 1319 63 1320
788 1533 789 1532
779 462 780 461
1519 613 1520 614
1426 152 1427 153
799 691 800 692
1244 1503 1245 1502
484 389 485 390
1564 325 1565 326
1512 1572 1513 1571
526 581 527 582
150 1749 151 1750
349 711 350 712
749 722 750 721
1769 502 1770 501
240 1383 241 1384
1672 623 1673 622
422 144 423 143
314 1864 315 1865
1184 269 1185 268
420 554 421 553
139 751 140 752
1649 1873 1650 1872
973 1969 974 1970
1085 1781 1086 1782
714 817 715 816
1144 1528 1145 1527
164 1731 165 1730
263 436 264 437
113 1904 114 1903
528 50 529 49
257 885 258 884
936 162 937 163
1480 365 1481 364
819 364 820 365
117 1858 118 1859
1051 1872 1052 1871
590 1072 591 1071
1865 37 1866 38
376 217 377 216
717 1085 718 1084
153 310 154 311
1361 686 1362 687
953 884 954 885
649 1620 650 1619
332 1691 333 1692
661 1464 662 1463
1505 308 1506 307
157 899 158 900
1884 760 1885 761
1952 1225 1953 1224
1709 944 1710 943
579 150 580 149
1392 314 1393 315
1828 516 1829 517
301 278 302 279
1966 894 1967 895
756 683 757 684
1754 254 1755 255
397 1890 398 1891
1314 1353 1315 1354
516 1606 517 1607
220 370 221 371
1268 410 1269 411
327 930 328 931
480 1086 481 1087
756 498 757 497
1505 308 1506 307
607 691 608 692
460 813 461 812
1568 389 1569 388
223 278 224 279
1952 1278 1953 1279
1811 917 1812 918
353 1704 354 1703
948 1051 949 1052
1606 1365 1607 1364
1686 1862 1687 1861
416 918 417 917
1144 1298 1145 1299
1988 1790 1989 1791
1480 1371 1481 1370
494 95 495 94
1348 816 1349 817
1453 382 1454 381
1874 598 1875 597
1452 223 1453 222
1000 1154 1001 1155
1478 820 1479 821
838 78 839 77
889 71 890 72
1580 559 1581 558
779 786 780 787
296 370 297 371
1676 455 1677 456
840 201 841 202
119 1740 120 1739
1109 1492 1110 1493
1414 374 1415 375
169 1597 170 1596
801 1856 802 1855
1392 1139 1393 1138
1186 353 1187 352
1574 427 1575 426
1711 1893 1712 1892
1082 1790 1083 1791
1231 1000 1232 1001
781 1841 782 1840
58 644 59 645
1082 1009 1083 1008
314 931 315 930
1779 899 1780 900
1890 353 1891 352
54 1273 55 1274
40 688 41 687
136 1823 137 1824
1661 701 1662 702
541 1413 542 1412
890 186 891 185
485 830 486 829
1323 1882 1324 1881
202 728 203 729
1044 1865 1045 1866
1401 1064 1402 1065
907 1604 908 1603
538 1179 539 1178
906 1144 907 1143
1889 360 1890 361
995 685 996 684
1087 164 1088 165
1217 718 1218 717
735 1255 736 1254
1323 1254 1324 1255
69 1033 70 1032
892 879 893 878
749 1741 750 1742
1252 1249 1253 1250
1503 1865 1504 1866
959 12 960 11
198 1359 199 1358
553 1873 554 1872
1184 1789 1185 1790
971 1679 972 1680
1150 1463 1151 1464
785 1740 786 1741
1348 234 1349 235
957 67 958 66
1228 1887 1229 1886
1759 808 1760 809
953 1662 954 1663
1339 1784 1340 1785
1180 949 1181 950
786 1712 787 1711
1268 352 1269 353
1476 395 1477 394
1996 889 1997 890
1303 158 1304 159
1754 198 1755 199
1532 261 1533 262
1578 1210 1579 1211
1352 1704 1353 1703
907 687 908 688
126 1261 127 1260
20 1677 21 1676
1244 812 1245 811
1312 1413 1313 1414
6 565 7 566
198 1840 199 1841
1453 314 1454 315
771 1490 772 1489
653 1108 654 1109
1446 746 1447 745
1093 1228 1094 1229
554 601 555 602
54 101 55 102
823 1749 824 1748
971 1213 972 1212
810 392 811 393
138 1069 139 1070
988 934 989 933
1746 1512 1747 1511
1441 1577 1442 1576
813 686 814 687
1650 1605 1651 1604
1858 1684 1859 1683
1580 718 1581 717
1501 94 1502 93
1144 1596 1145 1597
1132 830 1133 831
1247 61 1248 62
1238 163 1239 164
1633 1470 1634 1471
1568 404 1569 403
1205 623 1206 622
413 1365 414 1364
1092 1215 1093 1216
498 975 499 976
1921 843 1922 842
94 110 95 109
117 1216 118 1215
10 290 11 291
382 1840 383 1841
1407 314 1408 315
1348 1970 1349 1969
146 234 147 233
1998 214 1999 213
1998 1718 1999 1717
1568 1444 1569 1445
259 221 260 222
1979 1425 1980 1426
1493 841 1494 842
1818 1698 1819 1699
1352 1342 1353 1341
210 1365 211 1364
1874 1683 1875 1684
538 1664 539 1663
717 1784 718 1785
837 109 838 110
353 1001 354 1000
1692 1485 1693 1486
1345 1503 1346 1502
491 575 492 576
1680 80 1681 81
1431 311 1432 310
467 815 468 814
1858 1881 1859 1880
1759 717 1760 718
474 1854 475 1855
45 560 46 561
1144 1550 1145 1549
149 962 150 961
84 389 85 390
461 1509 462 1508
819 1524 820 1523
781 153 782 152
706 1524 707 1525
1606 278 1607 279
957 1741 958 1742
1660 1699 1661 1700
769 1632 770 1631
296 1853 297 1854
1792 21 1793 20
528 568 529 567
79 1808 80 1807
996 42 997 41
300 1463 301 1464
296 113 297 114
1478 598 1479 597
1105 544 1106 543
1045 1169 1046 1170
654 1663 655 1662
891 446 892 445
1105 1170 1106 1171
1706 1508 1707 1509
620 134 621 133
1172 403 1173 404
1618 317 1619 318
1966 588 1967 589
198 869 199 868
1508 764 1509 763
1694 1155 1695 1154
1690 133 1691 134
266 897 267 898
571 959 572 960
1191 1094 1192 1093
241 584 242 585
342 897 343 898
885 317 886 316
885 434 886 433
799 1529 800 1528
1089 1408 1090 1409
894 711 895 712
20 174 21 173
136 1084 137 1085
513 514 514 513
654 238 655 239
300 261 301 262
166 328 167 329
314 959 315 960
623 298 624 299
1477 1616 1478 1615
1319 81 1320 80
1889 1272 1890 1271
989 543 990 544
1303 72 1304 73
813 1070 814 1069
237 1024 238 1023
1725 499 1726 498
1051 1287 1052 1286
1082 95 1083 94
948 1327 949 1326
950 353 951 352
620 198 621 199
581 614 582 613
283 313 284 314
1377 1180 1378 1181
1368 1584 1369 1585
707 1379 708 1380
243 1485 244 1486
498 164 499 165
1124 342 1125 341
257 1781 258 1782
1255 1104 1256 1105
1923 1944 1924 1945
855 869 856 868
338 1100 339 1101
102 1596 103 1597
131 1022 132 1023
1650 1995 1651 1994
1474 338 1475 339
1044 50 1045 49
480 1216 481 1215
564 157 565 156
1564 959 1565 960
1259 584 1260 585
1769 917 1770 918
654 1677 655 1676
1252 1283 1253 1282
1082 739 1083 740
1750 202 1751 201
1111 1548 1112 1547
732 1995 733 1994
1649 1416 1650 1417
1505 1508 1506 1507
1275 338 1276 337
1564 1250 1565 1249
858 498 859 497
1072 814 1073 815
281 977 282 976
382 1576 383 1577
1877 461 1878 462
1037 85 1038 84
261 1856 262 1857
300 328 301 329
1416 1358 1417 1359
1528 1644 1529 1645
1568 274 1569 275
316 1493 317 1494
150 290 151 291
243 985 244 986
832 1862 833 1861
1150 1632 1151 1631
699 1228 700 1229
256 576 257 575
999 1686 1000 1687
1186 14 1187 13
1446 1507 1447 1506
1501 275 1502 276
833 1669 834 1668
1174 1811 1175 1810
228 1345 229 1346
58 979 59 980
208 1835 209 1834
1722 882 1723 883
553 898 554 897
1961 962 1962 961
623 1898 624 1899
1000 101 1001 102
1754 1266 1755 1267
1920 1765 1921 1766
1934 200 1935 199
1037 1895 1038 1896
566 50 567 49
1626 505 1627 506
1071 1246 1072 1247
450 504 451 505
1694 83 1695 84
40 760 41 761
1877 1856 1878 1855
243 880 244 881
94 528 95 529
1928 1667 1929 1668
126 313 127 314
1813 71 1814 70
1021 1411 1022 1412
1997 1548 1998 1547
1172 1658 1173 1659
304 557 305 558
752 1861 753 1862
915 1365 916 1364
468 1872 469 1873
764 1801 765 1802
1442 446 1443 445
484 689 485 690
1861 51 1862 50
420 1854 421 1853
175 567 176 568
1143 1720 1144 1721
353 623 354 622
885 1242 886 1243
725 38 726 37
906 1597 907 1596
609 433 610 432
1557 1069 1558 1070
1000 662 1001 663
1198 1316 1199 1315
1144 465 1145 466
1746 389 1747 388
484 1256 485 1255
1940 1853 1941 1854
1847 1225 1848 1224
1010 1076 1011 1075
1958 663 1959 662
553 1449 554 1450
623 1387 624 1388
117 209 118 208
1215 1658 1216 1659
702 1660 703 1659
138 1881 139 1880
1314 1838 1315 1839
984 1859 985 1860
654 1528 655 1529
590 497 591 498
1437 1493 1438 1494
1764 173 1765 174
1477 463 1478 464
885 1529 886 1528
1038 745 1039 746
1711 1014 1712 1015
1997 319 1998 318
521 103 522 104
398 230 399 231
117 441 118 442
177 1754 178 1755
261 966 262 965
494 316 495 317
1714 497 1715 496
1920 1614 1921 1613
1433 1616 1434 1617
309 102 310 101
1705 925 1706 926
1369 770 1370 769
1673 1940 1674 1941
314 1467 315 1466
1437 84 1438 85
1097 1685 1098 1686
1848 1911 1849 1912
896 506 897 505
197 622 198 623
436 812 437 813
602 78 603 79
1965 1287 1966 1286
1660 328 1661 329
1528 1147 1529 1148
471 389 472 388
983 720 984 719
432 1634 433 1635
1469 1085 1470 1084
1917 1947 1918 1946
840 1101 841 1100
965 391 966 390
1369 31 1370 30
788 1596 789 1597
1043 673 1044 672
100 412 101 411
1723 380 1724 379
448 1189 449 1188
915 307 916 308
1916 18 1917 17
1606 381 1607 382
948 1389 949 1388
297 437 298 438
528 553 529 554
545 1571 546 1572
1129 722 1130 721
1519 1327 1520 1326
1113 12 1114 11
1873 1756 1874 1755
1512 821 1513 820
915 1636 916 1637
69 262 70 261
1339 371 1340 370
360 746 361 745
1401 1528 1402 1529
749 1532 750 1533
685 686 686 687
441 1249 442 1248
553 1757 554 1758
1318 262 1319 261
533 917 534 916
93 1551 94 1552
204 9 205 8
906 751 907 752
45 1539 46 1538
1474 582 1475 581
837 1938 838 1937
1858 1941 1859 1940
903 1298 904 1299
1686 388 1687 389
995 1699 996 1700
1858 529 1859 528
906 1085 907 1084
156 1768 157 1767
1618 352 1619 353
1665 153 1666 154
1093 259 1094 258
1722 1278 1723 1279
38 683 39 682
510 1620 511 1619
1448 517 1449 518
1877 588 1878 589
1557 1925 1558 1926
521 1040 522 1039
1977 497 1978 496
257 1781 258 1782
1369 1730 1370 1731
441 213 442 214
781 256 782 255
1850 767 1851 766
537 250 538 249
171 1384 172 1385
1075 433 1076 432
512 1380 513 1381
248 1101 249 1100
535 1872 536 1873
1110 729 1111 728
1119 516 1120 515
357 861 358 862
243 613 244 614
1038 1645 1039 1644
1672 467 1673 468
525 1219 526 1218
609 976 610 975
1129 524 1130 525
1219 1142 1220 1141
1847 1556 1848 1555
123 8 124 9
590 899 591 900
561 1644 562 1645
413 1014 414 1013
28 1897 29 1896
1110 467 1111 468
355 1085 356 1084
216 488 217 487
1725 728 1726 727
228 1202 229 1203
1443 357 1444 356
1948 98 1949 97
1478 892 1479 891
1144 262 1145 261
31 234 32 235
1697 244 1698 245
130 1306 131 1307
531 1503 532 1504
1205 23 1206 22
254 258 255 259
1175 185 1176 186
167 1550 168 1551
1847 1431 1848 1432
397 156 398 157
349 201 350 202
1508 1501 1509 1502
798 38 799 37
1705 1296 1706 1297
107 516 108 515
256 1684 257 1683
735 1571 736 1572
1093 1969 1094 1970
9 1159 10 1158
659 67 660 66
1996 1127 1997 1128
353 1342 354 1341
749 659 750 660
1453 620 1454 619
956 268 957 269
567 1039 568 1040
988 175 989 174
1060 1907 1061 1908
1917 85 1918 84
616 1004 617 1005
1075 685 1076 684
732 1749 733 1748
1105 1371 1106 1370
1109 1983 1110 1982
1159 1553 1160 1552
1163 1604 1164 1603
201 159 202 158
1650 1345 1651 1346
1349 177 1350 176
1119 1178 1120 1177
1339 443 1340 442
1175 1312 1176 1311
1652 1240 1653 1241
749 1946 750 1947
811 1779 812 1780
1124 685 1125 684
1817 463 1818 464
63 1037 64 1036
607 93 608 94
301 560 302 561
590 1502 591 1503
1462 1976 1463 1977
1961 1476 1962 1475
196 1164 197 1163
929 1987 930 1988
240 1991 241 1990
892 1862 893 1861
1401 1212 1402 1211
388 134 389 133
1314 1203 1315 1202
682 97 683 98
153 165 154 164
788 327 789 328
1082 72 1083 73
1332 1535 1333 1536
36 1659 37 1658
1981 482 1982 481
735 1860 736 1859
1199 1656 1200 1657
846 576 847 575
1229 712 1230 711
782 1069 783 1070
1238 1085 1239 1084
1264 787 1265 786
1425 525 1426 524
984 275 985 276
1817 1469 1818 1470
1434 1296 1435 1297
1580 1720 1581 1721
144 1082 145 1083
1564 623 1565 622
1684 1634 1685 1635
1319 979 1320 980
502 1525 503 1526
20 436 21 437
799 1865 800 1866
61 686 62 687
151 1217 152 1216
1044 411 1045 410
781 1781 782 1782
1352 138 1353 137
1207 412 1208 411
1172 1666 1173 1665
218 528 219 529
1085 1898 1086 1899
324 1760 325 1761
526 292 527 293
40 311 41 310
36 1857 37 1856
889 882 890 883
1229 1583 1230 1582
785 1619 786 1618
177 576 178 575
1722 1241 1723 1242
1560 1767 1561 1768
707 1721 708 1720
139 1332 140 1333
659 971 660 972
1582 1241 1583 1242
108 1055 109 1056
890 1994 891 1995
1371 621 1372 622
254 718 255 717
564 389 565 388
1172 277 1173 276
1045 1246 1046 1247
20 1310 21 1311
746 1043 747 1044
1217 439 1218 438
481 94 482 95
1343 1544 1344 1543
719 1942 720 1941
436 298 437 297
1446 1730 1447 1731
620 756 621 757
1252 895 1253 894
1568 424 1569 425
1551 1082 1552 1083
1973 1903 1974 1902
1231 622 1232 623
1890 1313 1891 1314
1649 1680 1650 1679
332 1856 333 1855
1889 276 1890 275
906 81 907 80
985 1424 986 1425
1560 687 1561 686
1401 987 1402 986
1105 1223 1106 1224
1446 1069 1447 1070
1006 732 1007 731
1129 1871 1130 1872
398 396 399 395
613 442 614 443
355 1632 356 1631
1268 1982 1269 1983
1649 15 1650 14
1692 1229 1693 1230
1722 251 1723 250
1706 1154 1707 1155
1551 1210 1552 1211
61 1773 62 1772
754 1953 755 1952
1890 1765 1891 1766
193 1129 194 1128
510 1287 511 1286
958 147 959 146
1714 329 1715 330
1977 388 1978 389
607 728 608 729
1722 133 1723 134
1124 1549 1125 1550
950 766 951 767
1082 1271 1083 1272
256 814 257 815
1478 1089 1479 1088
1314 432 1315 433
18 717 19 718
1293 94 1294 93
38 1416 39 1415
831 427 832 428
1502 1212 1503 1213
1952 979 1953 980
1861 1731 1862 1730
1094 568 1095 567
1641 752 1642 753
237 1910 238 1909
1238 899 1239 900
1319 291 1320 290
782 597 783 598
707 711 708 712
1465 1365 1466 1364
840 1947 841 1946
1215 1949 1216 1950
1049 1823 1050 1822
69 30 70 31
1609 494 1610 495
1452 370 1453 371
1802 234 1803 233
1625 925 1626 926
9 1903 10 1902
1264 1431 1265 1432
375 984 376 985
138 1264 139 1263
256 361 257 360
1645 922 1646 923
1238 1394 1239 1393
1568 1550 1569 1549
1205 1110 1206 1109
590 251 591 250
283 1597 284 1596
1907 562 1908 563
885 571 886 570
720 934 721 933
510 1313 511 1314
1318 686 1319 687
1706 1659 1707 1660
855 244 856 245
1934 388 1935 389
956 1585 957 1586
1764 691 1765 692
36 1468 37 1467
1650 554 1651 553
8 874 9 875
309 389 310 388
45 990 46 991
1169 1713 1170 1714
1756 134 1757 133
254 49 255 50
45 40 46 41
1011 547 1012 548
1318 441 1319 442
623 1310 624 1311
1150 1472 1151 1473
28 1342 29 1341
1270 1988 1271 1987
586 1882 587 1881
781 761 782 760
409 255 410 256
165 1714 166 1713
259 1384 260 1383
827 1369 828 1368
241 78 242 79
788 1703 789 1704
485 1525 486 1524
1093 1475 1094 1476
1144 1631 1145 1632
1727 1793 1728 1794
906 1345 907 1346
221 1121 222 1122
1685 97 1686 98
797 814 798 815
620 1129 621 1130
1301 1517 1302 1516
892 881 893 880
588 250 589 251
144 65 145 64
1168 1584 1169 1583
702 1861 703 1862
375 848 376 847
300 1015 301 1014
1154 1635 1155 1634
595 1315 596 1314
1048 1123 1049 1124
1706 1017 1707 1016
1169 464 1170 463
1861 249 1862 250
1662 1781 1663 1782
1159 72 1160 71
1341 955 1342 954
1854 1454 1855 1453
1549 1105 1550 1104
375 1122 376 1123
474 316 475 317
1680 1084 1681 1085
1231 888 1232 889
1452 394 1453 395
94 880 95 881
1764 173 1765 174
1270 61 1271 62
568 499 569 498
446 1789 447 1790
1259 1700 1260 1699
837 689 838 690
1108 7 1109 8
256 208 257 209
1227 14 1228 15
1469 1772 1470 1773
491 898 492 897
1537 55 1538 54
562 1254 563 1255
1889 441 1890 442
263 1866 264 1865
1092 319 1093 318
1215 1554 1216 1553
760 986 761 987
756 437 757 436
1564 1159 1565 1158
89 1228 90 1229
1446 1890 1447 1891
474 1009 475 1008
1303 1688 1304 1689
1284 1926 1285 1925
1746 1014 1747 1013
1786 722 1787 723
1874 1638 1875 1639
126 585 127 584
1827 89 1828 90
1014 453 1015 452
798 920 799 921
1247 760 1248 761
1477 568 1478 567
488 441 489 442
1425 1947 1426 1946
855 453 856 452
885 918 886 917
1858 1970 1859 1969
1662 436 1663 437
788 1051 789 1050
1349 60 1350 61
1075 229 1076 230
896 214 897 213
441 1740 442 1741
460 672 461 673
166 1291 167 1292
583 328 584 327
1594 1674 1595 1673
1339 687 1340 688
714 533 715 532
1119 314 1120 315
1750 1225 1751 1224
198 21 199 20
1362 753 1363 754
233 1242 234 1241
702 235 703 234
1242 1824 1243 1823
1472 690 1473 689
491 528 492 529
1649 1224 1650 1223
888 313 889 314
1890 1983 1891 1982
243 1603 244 1604
1688 1547 1689 1548
894 1314 895 1315
175 1845 176 1844
682 1657 683 1656
1817 1346 1818 1345
567 276 568 275
168 1693 169 1692
1347 1210 1348 1211
1802 1618 1803 1619
1652 49 1653 50
699 1689 700 1688
1341 1130 1342 1129
999 523 1000 524
862 109 863 110
885 152 886 153
823 879 824 878
1235 134 1236 133
1764 1896 1765 1897
450 1913 451 1914
1071 662 1072 663
903 1037 904 1036
1186 734 1187 733
957 881 958 880
177 1972 178 1971
1143 1597 1144 1596
295 1510 296 1511
1143 1597 1144 1596
454 722 455 721
1499 1053 1500 1054
1398 199 1399 200
989 1576 990 1577
1665 1576 1666 1577
243 1539 244 1538
9 1202 10 1203
1448 433 1449 434
948 1739 949 1740
1978 770 1979 769
18 394 19 395
1779 1897 1780 1896
1839 818 1840 819
1798 258 1799 259
661 465 662 466
468 494 469 495
603 1854 604 1853
1108 388 1109 389
885 1030 886 1029
620 1143 621 1144
1017 1968 1018 1967
779 293 780 292
1457 234 1458 233
1493 1942 1494 1943
164 193 165 194
539 1397 540 1396
1511 208 1512 209
1446 1597 1447 1596
1877 199 1878 198
1686 238 1687 239
957 200 958 199
1673 589 1674 588
1965 1618 1966 1617
248 1494 249 1493
1934 1892 1935 1893
526 659 527 660
488 1242 489 1243
1519 995 1520 996
590 1159 591 1158
1143 1693 1144 1692
381 341 382 342
1958 1242 1959 1241
814 876 815 877
788 1865 789 1864
1078 1064 1079 1065
296 364 297 365
1000 1219 1001 1218
840 1313 841 1314
1319 1828 1320 1829
1043 14 1044 15
1078 390 1079 391
1858 275 1859 276
454 202 455 201
488 1743 489 1742
842 892 843 891
855 1359 856 1358
799 411 800 410
1764 558 1765 559
1580 20 1581 21
1092 1663 1093 1662
398 20 399 21
979 1628 980 1627
1635 1342 1636 1343
256 1503 257 1504
613 1872 614 1871
157 461 158 462
177 1990 178 1991
965 556 966 557
1850 1507 1851 1506
1920 820 1921 821
153 753 154 752
1437 581 1438 582
1352 1250 1353 1249
476 525 477 524
1501 133 1502 134
420 1312 421 1311
1756 1553 1757 1554
567 1829 568 1828
1472 1376 1473 1375
1690 829 1691 830
1244 917 1245 916
488 1692 489 1691
909 1820 910 1821
1884 1361 1885 1362
257 26 258 25
1152 1119 1153 1120
228 1162 229 1161
1920 1659 1921 1658
20 298 21 297
1268 497 1269 498
521 505 522 506
330 277 331 276
1476 464 1477 463
1318 1825 1319 1824
474 158 475 159
1551 1614 1552 1613
243 1857 244 1856
814 249 815 250
256 84 257 83
1641 1509 1642 1508
654 1864 655 1865
846 1634 847 1635
953 293 954 294
1916 465 1917 466
1850 959 1851 960
1109 1714 1110 1715
283 165 284 164
89 827 90 826
1966 1232 1967 1233
1764 360 1765 361
93 1687 94 1686
266 1538 267 1539
1649 686 1650 687
1811 153 1812 152
137 603 138 602
166 1639 167 1638
1416 561 1417 560
1998 506 1999 505
1051 1059 1052 1058
702 878 703 879
1907 1739 1908 1740
36 965 37 966
1503 738 1504 737
1716 1553 1717 1554
1318 134 1319 133
1434 1555 1435 1554
564 1416 565 1417
1244 1553 1245 1552
47 1213 48 1212
1988 814 1989 815
1314 1951 1315 1952
510 589 511 588
1149 434 1150 433
1889 930 1890 931
1606 1480 1607 1479
1815 1881 1816 1880
682 1263 683 1264
1952 1871 1953 1872
1314 370 1315 371
1626 221 1627 222
835 685 836 684
94 1662 95 1663
1662 1862 1663 1861
481 1171 482 1170
1392 1613 1393 1614
1092 1001 1093 1000
1320 230 1321 231
699 144 700 143
633 1899 634 1898
31 126 32 127
283 1890 284 1891
467 1492 468 1493
749 251 750 250
813 1065 814 1064
381 83 382 84
719 1741 720 1740
476 1059 477 1058
1125 801 1126 800
18 1723 19 1724
1590 575 1591 576
720 1603 721 1604
453 1449 454 1450
717 133 718 134
1756 1902 1757 1903
590 317 591 318
220 553 221 552
28 158 29 159
1467 1666 1468 1665
1348 554 1349 553
1779 712 1780 711
571 72 572 73
376 533 377 532
1725 1658 1726 1659
1939 737 1940 738
450 1749 451 1750
1129 433 1130 434
1730 443 1731 442
1441 1658 1442 1659
1948 426 1949 427
1501 1029 1502 1030
220 338 221 337
232 1692 233 1691
1988 1087 1989 1086
1756 1731 1757 1730
1154 51 1155 50
388 1991 389 1990
788 177 789 178
907 395 908 394
1044 22 1045 23
1799 953 1800 952
150 1585 151 1586
1072 396 1073 395
521 1828 522 1829
659 1524 660 1525
432 356 433 357
138 1122 139 1123
1673 1408 1674 1409
1163 723 1164 722
422 462 423 461
1319 882 1320 883
1105 328 1106 329
1692 1765 1693 1766
31 250 32 249
1759 1680 1760 1679
1038 1341 1039 1342
1318 1211 1319 1212
147 1675 148 1676
702 214 703 213
1550 389 1551 388
288 257 289 256
1673 390 1674 389
94 815 95 814
581 1369 582 1368
1441 20 1442 21
150 575 151 576
1706 1552 1707 1551
1369 1767 1370 1768
1672 316 1673 317
846 62 847 61
1425 1596 1426 1597
254 545 255 546
1626 554 1627 553
1467 1064 1468 1065
382 1361 383 1362
1154 465 1155 466
1598 37 1599 36
1018 895 1019 894
1727 890 1728 889
1694 78 1695 77
919 1718 920 1717
885 1714 886 1715
98 602 99 603
533 575 534 576
365 1217 366 1218
22 1614 23 1615
360 1271 361 1272
9 1597 10 1596
1045 903 1046 904
948 1749 949 1750
1318 404 1319 403
775 1377 776 1378
929 230 930 231
714 686 715 687
259 250 260 249
1730 1556 1731 1555
1672 1314 1673 1313
324 134 325 133
590 916 591 917
1817 1063 1818 1064
1617 1912 1618 1911
146 752 147 751
1746 1070 1747 1069
1756 1659 1757 1658
93 1660 94 1659
609 17 610 18
20 1715 21 1714
422 518 423 517
1557 66 1558 65
1292 1169 1293 1170
228 1634 229 1635
353 1790 354 1791
1252 1855 1253 1854
1973 1050 1974 1051
1725 1941 1726 1940
875 910 876 909
566 1555 567 1556
823 718 824 717
1433 297 1434 298
814 1129 815 1130
20 1924 21 1923
1153 1579 1154 1578
1350 1052 1351 1051
324 1983 325 1982
56 236 57 235
1012 968 1013 969
1939 1215 1940 1216
1673 1249 1674 1250
1341 687 1342 686
706 1946 707 1947
45 560 46 561
480 209 481 208
277 749 278 748
1615 134 1616 133
28 361 29 360
300 1947 301 1948
1739 814 1740 815
1478 230 1479 229
1110 1215 1111 1216
1319 269 1320 268
218 278 219 279
397 1029 398 1030
1339 1502 1340 1503
243 41 244 42
388 892 389 891
1483 1673 1484 1674
649 975 650 976
233 1660 234 1659
801 1704 802 1703
450 524 451 523
1501 1463 1502 1464
1268 894 1269 895
1649 1937 1650 1938
1270 1101 1271 1100
1730 1750 1731 1749
1660 1750 1661 1749
885 1858 886 1859
1379 1127 1380 1126
1191 1970 1192 1969
94 1692 95 1693
797 143 798 144
1153 1883 1154 1884
1446 466 1447 465
589 1039 590 1040
498 1683 499 1684
1038 177 1039 178
1000 1169 1001 1170
491 621 492 622
1343 173 1344 174
623 728 624 727
1727 1342 1728 1341
1729 937 1730 938
254 388 255 389
1884 1971 1885 1972
363 1941 364 1942
971 981 972 982
1948 986 1949 985
488 1000 489 1001
1045 382 1046 381
69 598 70 597
1037 660 1038 659
1998 1994 1999 1995
885 1051 886 1050
735 94 736 95
1108 1387 1109 1388
330 1872 331 1873
797 23 798 22
1582 1362 1583 1361
1837 435 1838 436
907 41 908 40
560 956 561 955
1920 1138 1921 1139
1176 492 1177 493
846 466 847 465
1549 1314 1550 1315
1850 1859 1851 1858
355 1750 356 1749
1730 677 1731 678
1543 264 1544 265
779 575 780 574
855 578 856 579
454 516 455 517
1578 1385 1579 1386
276 465 277 464
461 843 462 842
1341 1415 1342 1416
814 683 815 682
210 327 211 328
1564 894 1565 895
54 1371 55 1370
1227 879 1228 878
1802 1346 1803 1345
1257 1015 1258 1014
1730 396 1731 395
370 99 371 100
413 1093 414 1094
1348 275 1349 276
1711 1408 1712 1409
846 1307 847 1306
1939 1663 1940 1662
441 216 442 217
1673 73 1674 72
1163 1754 1164 1755
263 1467 264 1466
1834 65 1835 66
838 244 839 245
858 468 859 467
1109 1855 1110 1856
1215 50 1216 51
494 1146 495 1147
134 1658 135 1659
445 1683 446 1684
1905 1926 1906 1925
1093 1748 1094 1749
1087 1033 1088 1032
139 342 140 341
525 1232 526 1233
1905 1944 1906 1945
471 127 472 126
613 943 614 944
1513 1768 1514 1769
296 1512 297 1511
1532 1554 1533 1553
603 1717 604 1718
1084 1308 1085 1309
1010 1223 1011 1224
1618 1087 1619 1086
1058 1545 1059 1546
218 453 219 454
779 442 780 443
1339 1604 1340 1603
1014 1449 1015 1450
126 165 127 164
1923 338 1924 337
436 1852 437 1853
296 1218 297 1219
526 1720 527 1721
842 1922 843 1921
1244 917 1245 916
1510 1109 1511 1108
102 330 103 329
1201 604 1202 605
413 1723 414 1724
522 1385 523 1386
1199 807 1200 808
872 441 873 442
413 1551 414 1552
1977 1312 1978 1311
102 1553 103 1552
413 690 414 689
1998 1998 2000
1133 1880 1134 1881
1203 786 1204 785
856 263 857 264
1175 616 1176 615
1610 681 1611 680
1226 439 1227 440
705 1252 706 1251
529 616 530 615
660 684 661 685
826 1351 827 1350
275 1242 276 1241
187 698 188 697
890 237 891 236
1657 584 1658 585
715 506 716 507
1500 685 1501 684
808 125 809 124
800 874 801 875
1990 1450 1991 1451
910 1017 911 1016
410 1759 411 1758
1339 1713 1340 1712
1599 968 1600 969
1693 619 1694 618
370 454 371 455
326 928 327 927
1755 1088 1756 1089
923 1671 924 1672
910 1794 911 1793
1432 691 1433 690
1726 96 1727 95
29 1803 30 1804
93 771 94 772
1682 1523 1683 1522
1990 590 1991 591
1739 1600 1740 1599
705 200 706 199
289 1659 290 1658
1932 1954 1933 1955
643 1715 644 1716
621 1222 622 1221
326 464 327 463
1571 450 1572 449
1349 1537 1350 1538
595 130 596 131
715 1594 716 1595
692 915 693 916
87 953 88 954
451 992 452 991
664 1360 665 1361
151 838 152 839
766 641 767 640
1728 1947 1729 1948
289 85 290 84
1051 921 1052 920
1382 1681 1383 1682
28 1129 29 1130
1255 1849 1256 1850
1709 1191 1710 1190
242 11 243 12
811 1103 812 1104
850 1945 851 1944
469 339 470 338
398 258 399 257
1340 1984 1341 1983
438 678 439 677
991 198 992 197
1236 571 1237 570
1427 1150 1428 1149
1571 1271 1572 1272
968 1600 969 1599
642 148 643 147
1810 285 1811 284
1048 778 1049 777
505 607 506 608
846 590 847 589
1422 514 1423 513
596 1522 597 1523
215 843 216 842
1025 743 1026 742
1574 1190 1575 1191
869 1865 870 1864
1771 462 1772 461
504 326 505 327
458 467 459 466
716 1405 717 1404
34 1076 35 1075
878 104 879 103
339 847 340 848
1944 1180 1945 1181
350 1111 351 1112
972 685 973 684
180 1237 181 1236
71 129 72 128
1947 776 1948 777
114 1322 115 1321
1483 1757 1484 1756
967 4 968 3
680 25 681 24
1126 1968 1127 1967
827 597 828 598
966 1838 967 1839
56 1678 57 1679
122 656 123 655
1726 879 1727 878
225 1414 226 1415
1739 1464 1740 1463
386 1572 387 1571
414 689 415 690
1932 921 1933 920
940 1257 941 1256
849 1865 850 1864
735 285 736 284
1774 254 1775 253
1800 649 1801 648
91 429 92 428
88 978 89 977
1205 747 1206 746
621 850 622 849
336 1092 337 1091
1021 1679 1022 1678
264 786 265 787
1220 1900 1221 1901
1143 1034 1144 1033
293 1406 294 1407
1620 1393 1621 1394
705 1860 706 1861
315 32 316 31
734 765 735 766
1452 1255 1453 1254
1445 513 1446 514
447 612 448 613
649 1734 650 1735
1068 375 1069 374
50 1119 51 1120
940 85 941 84
559 975 560 976
1483 1038 1484 1039
1349 284 1350 285
68 327 69 326
381 1322 382 1321
1844 597 1845 598
1863 1498 1864 1497
1038 1606 1039 1607
229 1133 230 1134
299 1760 300 1759
1534 554 1535 553
1022 1027 1023 1026
1407 479 1408 480
668 1958 669 1959
76 285 77 284
40 690 41 689
1754 928 1755 927
438 954 439 955
1915 1969 1916 1970
534 994 535 995
1869 180 1870 179
1554 816 1555 817
233 215 234 214
1741 1726 1742 1725
1759 464 1760 463
1754 268 1755 269
479 901 480 900
1118 1988 1119 1987
1721 948 1722 949
413 556 414 557
257 6 258 5
1130 1805 1131 1804
930 928 931 927
401 324 402 323
1443 500 1444 499
187 1397 188 1398
1023 1292 1024 1293
1131 71 1132 70
1754 848 1755 847
1614 922 1615 923
436 361 437 362
591 1586 592 1587
1382 1881 1383 1880
718 1371 719 1372
275 1958 276 1957
915 441 916 440
1427 162 1428 161
1064 966 1065 965
1220 1681 1221 1682
1903 138 1904 137
127 431 128 432
1088 1409 1089 1408
357 427 358 426
1388 942 1389 943
1242 1679 1243 1678
1908 874 1909 875
1445 174 1446 175
1825 1781 1826 1782
1614 130 1615 129
846 942 847 943
406 1453 407 1452
1762 480 1763 479
862 1729 863 1728
1833 963 1834 964
113 435 114 434
139 1267 140 1266
975 220 976 219
542 889 543 890
1031 223 1032 222
438 1679 439 1678
1840 1703 1841 1704
1938 1957 1939 1958
803 1754 804 1755
167 1694 168 1693
273 234 274 235
1452 1875 1453 1874
893 892 894 893
562 146 563 145
504 816 505 817
860 1658 861 1659
193 845 194 844
1658 682 1659 681
1961 402 1962 403
850 928 851 927
307 631 308 632
370 70 371 71
50 1657 51 1658
944 1307 945 1306
966 1937 967 1938
1775 1892 1776 1893
501 560 502 561
1826 1100 1827 1101
900 114 901 113
1762 1950 1763 1951
1490 1337 1491 1336
1373 1835 1374 1836
1724 984 1725 985
686 1312 687 1313
424 209 425 208
1776 1868 1777 1867
625 1219 626 1220
975 838 976 839
315 992 316 991
980 454 981 455
980 1771 981 1772
246 1123 247 1124
1500 1092 1501 1091
541 843 542 844
533 1765 534 1764
1059 996 1060 997
1232 763 1233 762
639 129 640 128
1976 665 1977 666
1548 1256 1549 1257
1938 1957 1939 1958
586 1678 587 1677
1857 1320 1858 1321
660 53 661 52
1175 1873 1176 1872
459 597 460 598
1521 30 1522 31
776 751 777 752
1818 251 1819 252
591 1142 592 1141
533 1327 534 1328
485 1703 486 1702
754 478 755 477
1311 1393 1312 1392
1031 843 1032 844
1135 454 1136 455
1274 1175 1275 1176
485 1677 486 1678
481 984 482 985
827 1892 828 1893
368 648 369 649
29 1803 30 1804
715 1848 716 1849
339 1220 340 1219
762 511 763 512
268 1190 269 1191
449 875 450 874
1506 1875 1507 1876
56 1967 57 1968
1568 846 1569 847
586 1343 587 1344
1422 799 1423 800
431 1128 432 1127
1244 199 1245 200
944 291 945 290
1137 920 1138 921
640 35 641 36
830 948 831 949
488 1328 489 1329
1370 1222 1371 1221
165 175 166 176
1593 1642 1594 1641
1439 307 1440 308
811 1970 812 1969
1224 429 1225 428
947 921 948 920
1831 1657 1832 1658
1800 1355 1801 1356
1054 591 1055 590
1135 1222 1136 1221
226 1926 227 1925
308 1198 309 1197
194 765 195 766
803 455 804 454
149 817 150 818
1935 155 1936 156
839 899 840 898
412 608 413 607
1755 976 1756 975
867 850 868 851
944 833 945 832
980 146 981 145
504 1498 505 1499
838 590 839 589
1587 114 1588 113
1234 104 1235 103
495 1631 496 1630
1450 817 1451 816
1134 1497 1135 1498
50 1558 51 1559
47 199 48 200
743 653 744 654
737 690 738 691
47 1512 48 1513
272 1760 273 1759
292 585 293 584
878 1472 879 1473
743 717 744 718
1990 1202 1991 1203
1031 912 1032 911
1902 1703 1903 1702
114 12 115 11
665 37 666 36
1690 1769 1691 1768
684 1607 685 1606
678 429 679 428
1427 1230 1428 1231
837 1948 838 1949
1432 1341 1433 1342
122 1029 123 1030
1759 540 1760 539
1568 1642 1569 1641
336 919 337 920
1041 1219 1042 1220
1861 1870 1862 1869
410 290 411 291
1352 448 1353 449
591 1472 592 1473
370 1024 371 1023
41 367 42 368
1450 386 1451 385
1500 1027 1501 1026
1915 1464 1916 1463
1990 901 1991 900
406 1519 407 1520
1460 1502 1461 1503
1739 1725 1740 1726
509 424 510 425
250 1724 251 1725
999 1128 1000 1129
1201 591 1202 590
1966 612 1967 613
1298 1754 1299 1755
1771 333 1772 332
1267 1023 1268 1024
1672 620 1673 619
166 963 167 964
811 613 812 612
1420 174 1421 175
860 50 861 49
808 1111 809 1110
40 1970 41 1969
1279 1148 1280 1147
1810 402 1811 403
8 357 9 358
1690 155 1691 156
1306 1111 1307 1110
1237 495 1238 496
1960 426 1961 427
1026 716 1027 717
1540 980 1541 981
87 1237 88 1236
1104 477 1105 478
1494 878 1495 879
1554 678 1555 677
220 130 221 129
397 1865 398 1866
1001 672 1002 671
661 195 662 196
640 854 641 853
807 1720 808 1719
428 6 429 5
56 39 57 38
50 365 51 364
930 302 931 301
228 522 229 521
1116 1241 1117 1242
370 1864 371 1865
616 1937 617 1938
864 849 865 850
128 37 129 36
489 348 490 347
1508 1754 1509 1755
1912 1679 1913 1678
1690 1200 1691 1199
194 251 195 252
826 1680 827 1681
616 1955 617 1954
1104 1568 1105 1569
586 550 587 549
1064 895 1065 896
1441 1303 1442 1304
1928 1033 1929 1032
87 1351 88 1350
1029 889 1030 888
933 538 934 539
1382 1724 1383 1725
654 407 655 408
1431 619 1432 618
800 1860 801 1861
1845 376 1846 377
471 377 472 376
1270 585 1271 584
687 1465 688 1464
1961 736 1962 735
692 1277 693 1278
966 1972 967 1973
395 1464 396 1465
412 608 413 607
910 1503 911 1504
1098 1734 1099 1735
350 1523 351 1522
68 1278 69 1277
1041 477 1042 478
531 1084 532 1085
1508 1231 1509 1230
1944 796 1945 795
495 1206 496 1205
1833 963 1834 964
1877 1070 1878 1069
1460 921 1461 920
1615 1115 1616 1114
1588 618 1589 617
924 1946 925 1947
1889 1004 1890 1005
1420 1569 1421 1568
113 630 114 631
505 1972 506 1973
1375 613 1376 612
1201 104 1202 103
1877 946 1878 947
1492 1273 1493 1272
1818 752 1819 751
163 1587 164 1586
123 1606 124 1607
1709 39 1710 40
1895 1203 1896 1202
289 1571 290 1572
370 146 371 145
489 52 490 53
1226 891 1227 890
1569 882 1570 883
351 1758 352 1759
713 997 714 998
1236 11 1237 12
106 994 107 993
1721 145 1722 144
959 1726 960 1725
1372 1761 1373 1762
596 1568 597 1569
56 1451 57 1450
123 1705 124 1706
612 34 613 35
1413 1708 1414 1707
711 1277 712 1278
292 1191 293 1190
1508 717 1509 718
1116 1222 1117 1223
1308 1703 1309 1704
726 1515 727 1516
1950 1494 1951 1493
398 1864 399 1865
688 1720 689 1719
1748 452 1749 451
272 1804 273 1803
431 1272 432 1273
975 854 976 853
940 1515 941 1514
534 959 535 960
378 1375 379 1376
378 592 379 593
232 1645 233 1646
1696 1102 1697 1103
1008 746 1009 747
1677 1139 1678 1138
910 1688 911 1689
726 496 727 495
418 348 419 347
1340 628 1341 627
1041 1678 1042 1679
1374 239 1375 240
1153 1029 1154 1030
113 844 114 843
621 1538 622 1537
113 128 114 127
1221 735 1222 736
1947 421 1948 422
1944 1957 1945 1958
630 1569 631 1568
1068 1958 1069 1959
639 511 640 512
242 1981 243 1980
489 1472 490 1473
1920 1971 1921 1972
1349 1604 1350 1603
272 1850 273 1849
737 694 738 695
1903 853 1904 854
1934 1667 1935 1666
1861 445 1862 446
1068 1206 1069 1205
1923 484 1924 483
1762 1769 1763 1768
1599 1138 1600 1139
856 1012 857 1011
735 144 736 145
1990 1948 1991 1947
8 339 9 338
1668 96 1669 95
1406 588 1407 587
62 717 63 716
1696 1860 1697 1861
1739 1686 1740 1685
740 948 741 949
1721 238 1722 239
1267 45 1268 46
1844 832 1845 833
766 1679 767 1678
1914 287 1915 288
412 1957 413 1958
1669 1257 1670 1256
178 1509 179 1508
933 893 934 892
1569 209 1570 208
846 181 847 180
1099 464 1100 463
1225 133 1226 134
1677 238 1678 237
836 214 837 215
479 1836 480 1835
70 513 71 514
1826 304 1827 303
913 103 914 104
723 1016 724 1017
56 1178 57 1177
209 584 210 585
1126 41 1127 42
1143 1951 1144 1950
1390 1657 1391 1658
1043 1293 1044 1294
1144 1576 1145 1577
723 854 724 853
346 1143 347 1142
264 827 265 826
1800 1460 1801 1459
1160 1809 1161 1808
1876 532 1877 533
441 1110 442 1111
273 348 274 349
758 324 759 323
268 1000 269 999
1845 446 1846 445
21 213 22 214
940 1987 941 1988
311 1222 312 1221
975 680 976 681
1747 326 1748 327
1415 1135 1416 1136
1175 511 1176 512
1914 392 1915 391
418 1615 419 1616
1863 990 1864 989
1166 35 1167 36
1754 685 1755 686
1153 175 1154 176
1457 1573 1458 1572
1089 1212 1090 1213
1106 1080 1107 1079
473 1313 474 1312
1571 630 1572 631
809 1885 810 1884
509 112 510 113
830 999 831 998
1569 435 1570 434
371 1635 372 1634
1583 332 1584 333
406 922 407 921
73 513 74 514
1125 1267 1126 1266
1485 1030 1486 1029
1934 31 1935 30
1054 236 1055 235
1390 90 1391 89
1437 1759 1438 1758
1535 181 1536 182
1492 358 1493 357
369 1513 370 1512
367 1771 368 1772
744 13 745 14
1046 1503 1047 1502
1534 1763 1535 1764
1771 791 1772 792
1928 542 1929 543
691 966 692 967
1929 1681 1930 1680
299 1472 300 1473
1912 1494 1913 1493
959 114 960 113
1125 1763 1126 1764
438 1252 439 1251
76 524 77 525
107 968 108 969
128 1304 129 1303
1928 1634 1929 1635
123 1718 124 1719
1116 1129 1117 1128
1090 1299 1091 1298
481 1206 482 1207
1137 1870 1138 1869
194 251 195 252
737 1708 738 1707
1327 586 1328 585
944 1081 945 1082
1547 875 1548 874
1297 593 1298 592
1647 1504 1648 1503
893 966 894 967
800 612 801 613
1201 1983 1202 1984
1840 921 1841 920
125 1523 126 1522
1059 550 1060 549
1724 1951 1725 1950
1097 476 1098 475
246 186 247 185
233 509 234 510
1144 1764 1145 1763
1895 1967 1896 1966
975 500 976 499
1264 109 1265 108
1696 965 1697 966
4 510 5 509
1923 1375 1924 1376
533 1190 534 1191
1064 433 1065 434
826 195 827 196
1528 1142 1529 1143
886 1915 887 1916
1771 1861 1772 1862
384 618 385 617
510 317 511 316
476 332 477 333
1742 224 1743 223
1693 323 1694 324
947 1958 948 1959
1412 433 1413 434
765 1398 766 1397
1135 46 1136 45
737 800 738 799
975 552 976 553
204 1503 205 1504
1647 1947 1648 1946
289 1739 290 1738
1297 1980 1298 1981
544 508 545 507
1422 1522 1423 1523
1554 1803 1555 1804
1618 1511 1619 1512
329 1397 330 1398
47 1300 48 1299
838 1666 839 1667
1209 17 1210 18
740 475 741 476
370 139 371 138
1661 1358 1662 1357
177 641 178 640
1638 511 1639 512
1290 787 1291 786
1771 1277 1772 1276
431 524 432 525
469 1515 470 1516
562 113 563 112
1151 1703 1152 1704
1130 1118 1131 1119
1990 539 1991 540
93 303 94 302
1974 460 1975 461
263 339 264 338
688 468 689 469
732 499 733 500
931 1143 932 1142
1943 1299 1944 1300
1529 238 1530 237
73 612 74 613
74 168 75 169
1809 776 1810 777
1614 138 1615 137
558 1060 559 1061
1865 590 1866 591
229 1178 230 1177
699 1200 700 1199
1851 138 1852 139
1601 552 1602 551
1420 1993 1421 1994
339 976 340 975
336 653 337 654
122 1513 123 1514
1419 577 1420 576
681 1148 682 1147
504 960 505 959
122 1122 123 1123
1574 364 1575 365
1711 445 1712 446
107 285 108 284
1796 1453 1797 1452
1526 1723 1527 1722
777 1134 778 1133
1529 1861 1530 1862
278 575 279 574
827 676 828 675
28 1101 29 1100
1554 1759 1555 1760
634 521 635 522
518 465 519 466
4 1322 5 1321
1944 1758 1945 1759
621 214 622 213
559 518 560 519
313 732 314 731
590 921 591 922
900 236 901 235
1835 1672 1836 1673
529 514 530 513
1435 189 1436 188
1568 1129 1569 1130
1747 1359 1748 1358
1059 1944 1060 1945
1801 296 1802 295
1078 950 1079 951
47 1527 48 1526
130 1840 131 1841
73 1946 74 1945
1833 52 1834 53
616 542 617 543
723 521 724 522
668 1206 669 1207
497 1139 498 1138
642 667 643 668
1845 1129 1846 1128
715 476 716 475
940 619 941 618
534 1350 535 1351
1564 1970 1565 1969
758 1033 759 1034
666 1805 667 1806
1554 445 1555 444
1297 510 1298 509
163 950 164 951
1470 1303 1471 1304
1373 951 1374 950
190 65 191 64
640 1689 641 1688
1572 653 1573 654
1844 290 1845 291
722 30 723 31
921 898 922 897
165 980 166 981
683 1633 684 1634
1141 1102 1142 1103
489 1804 490 1803
1113 541 1114 540
637 1839 638 1838
1308 1862 1309 1863
1682 891 1683 890
1281 15 1282 14
1682 1154 1683 1155
1766 492 1767 493
1861 1426 1862 1427
8 1815 9 1814
263 144 264 145
1990 847 1991 848
1240 973 1241 972
1297 525 1298 526
1300 1511 1301 1512
1412 577 1413 576
1828 1388 1829 1387
1950 1128 1951 1129
1113 168 1114 169
711 1719 712 1718
29 655 30 654
343 347 344 346
367 237 368 238
1506 313 1507 314
187 1092 188 1091
1537 747 1538 748
869 238 870 237
1484 175 1485 174
7 1008 8 1009
296 49 297 50
1693 771 1694 770
1914 1497 1915 1496
293 1672 294 1673
1525 800 1526 799
125 1154 126 1155
918 484 919 483
1500 104 1501 103
1112 1981 1113 1980
227 1173 228 1172
1709 1815 1710 1814
1540 439 1541 440
726 1782 727 1781
933 752 934 751
561 161 562 162
29 1710 30 1709
1825 1814 1826 1815
1267 1092 1268 1091
1250 1588 1251 1589
1613 1496 1614 1497
21 455 22 454
1116 264 1117 263
74 1464 75 1465
1407 449 1408 450
590 1958 591 1957
562 339 563 338
1040 64 1041 65
1441 1678 1442 1679
716 109 717 108
634 272 635 273
187 835 188 834
1505 554 1506 553
1571 973 1572 972
370 1328 371 1327
370 826 371 827
1276 1206 1277 1207
17 922 18 923
1201 1678 1202 1679
127 1513 128 1514
1240 699 1241 698
1533 1075 1534 1076
1485 1126 1486 1127
1370 560 1371 561
1564 971 1565 972
684 1901 685 1900
1038 1148 1039 1147
1242 1789 1243 1788
1613 1459 1614 1460
1994 1312 1995 1313
509 364 510 365
1726 1571 1727 1572
961 1414 962 1415
678 1983 679 1984
1762 273 1763 272
1445 844 1446 843
1457 973 1458 972
1779 1724 1780 1725
1932 1703 1933 1702
505 1135 506 1134
1562 155 1563 156
1046 1569 1047 1568
76 11 77 12
340 911 341 912
1935 1128 1936 1129
93 1861 94 1862
1285 820 1286 821
860 686 861 685
1731 1382 1732 1383
1642 711 1643 710
1031 1009 1032 1008
1441 879 1442 878
506 1685 507 1686
1242 50 1243 49
552 1259 553 1260
1459 553 1460 554
1144 747 1145 746
1572 967 1573 966
688 106 689 107
1950 976 1951 975
765 1630 766 1631
926 1789 927 1788
190 477 191 478
1187 971 1188 972
586 1 587 2
1981 920 1982 921
1008 943 1009 942
1071 849 1072 850
1559 168 1560 169
1610 553 1611 552
1124 183 1125 184
1122 848 1123 847
1257 1870 1258 1869
73 513 74 514
1985 1498 1986 1499
1598 1166 1599 1167
90 524 91 525
1568 1422 1569 1421
734 998 735 997
1914 302 1915 303
1088 1054 1089 1055
1256 1582 1257 1581
1051 156 1052 155
1580 1948 1581 1947
604 1316 605 1315
395 1604 396 1603
367 777 368 776
385 1576 386 1577
1926 348 1927 349
1388 1839 1389 1838
1724 690 1725 689
1420 1876 1421 1875
128 628 129 627
1685 1995 1686 1996
88 1428 89 1427
329 936 330 935
735 1771 736 1772
1759 677 1760 678
71 220 72 219
836 1327 837 1328
449 167 450 168
1547 462 1548 461
1201 104 1202 103
495 1466 496 1465
1427 1150 1428 1149
722 181 723 180
777 1902 778 1903
449 796 450 795
1533 1102 1534 1103
76 1503 77 1502
174 386 175 385
1614 1255 1615 1254
1022 1054 1023 1055
609 1135 610 1134
665 1351 666 1350
90 1764 91 1765
1742 1503 1743 1504
1236 224 1237 223
1721 1874 1722 1875
37 1265 38 1264
1151 1031 1152 1032
401 935 402 936
1324 299 1325 300
1427 1351 1428 1350
87 1735 88 1734
1375 838 1376 839
765 501 766 502
285 1499 286 1498
56 1571 57 1572
968 166 969 167
688 169 689 168
50 550 51 551
1002 108 1003 109
1568 748 1569 747
1039 893 1040 892
1721 1754 1722 1755
350 1346 351 1347
1099 1209 1100 1208
723 1613 724 1614
1902 608 1903 607
441 175 442 176
1527 1871 1528 1872
28 1350 29 1351
1511 912 1512 911
1574 1719 1575 1720
765 1408 766 1409
1352 348 1353 349
691 506 692 507
469 425 470 424
561 31 562 32
1447 1187 1448 1186
190 942 191 943
21 1772 22 1771
913 1509 914 1508
329 2 330 1
1750 205 1751 204
1525 128 1526 127
1422 946 1423 947
864 338 865 339
1220 1034 1221 1033
732 348 733 349
637 1222 638 1223
340 954 341 955
518 616 519 615
930 1136 931 1135
1591 603 1592 602
713 954 714 955
228 239 229 238
689 1881 690 1880
1562 35 1563 34
1739 1738 1740 1739
1152 424 1153 425
1926 853 1927 854
180 1913 181 1912
481 1103 482 1104
1528 1567 1529 1568
732 1513 733 1512
1388 156 1389 155
1974 982 1975 983
218 1134 219 1133
1742 792 1743 791
1080 355 1081 354
452 1126 453 1127
1494 93 1495 92
447 450 448 449
1236 1124 1237 1123
178 1727 179 1726
1118 966 1119 967
4 1170 5 1169
992 1886 993 1887
1054 1606 1055 1607
1857 1150 1858 1149
689 1576 690 1577
1226 1755 1227 1754
385 1685 386 1686
999 998 1000 999
500 1559 501 1558
1401 1960 1402 1961
1696 694 1697 695
1144 1760 1145 1759
1669 104 1670 103
959 1031 960 1032
1234 1850 1235 1849
1929 309 1930 308
734 848 735 847
261 181 262 180
40 1092 41 1091
1193 1921 1194 1920
1696 1505 1697 1504
152 445 153 444
687 144 688 145
1459 1606 1460 1607
900 1788 901 1789
856 644 857 645
1521 1278 1522 1277
1088 1900 1089 1901
296 446 297 445
428 1842 429 1841
231 1703 232 1704
1432 1414 1433 1415
1934 1966 1935 1967
1504 1253 1505 1254
272 1251 273 1252
418 527 419 528
1547 1681 1548 1680
856 440 857 441
1255 1984 1256 1983
1710 1876 1711 1875
172 796 173 795
296 1146 297 1145
1021 816 1022 817
1118 1836 1119 1835
766 130 767 129
162 167 163 168
1191 620 1192 621
1388 1016 1389 1017
1308 1958 1309 1959
1278 957 1279 956
174 1973 175 1972
1477 1956 1478 1955
71 129 72 128
172 1123 173 1124
869 969 870 968
218 1988 219 1987
204 195 205 196
1422 475 1423 476
877 49 878 50
1040 816 1041 817
354 478 355 477
228 612 229 613
209 1665 210 1664
329 553 330 554
321 694 322 695
592 1231 593 1230
1660 206 1661 205
1934 1688 1935 1689
776 816 777 817
367 285 368 284
724 629 725 630
976 491 977 490
890 252 891 251
1022 1272 1023 1271
966 746 967 747
504 392 505 391
1143 42 1144 41
910 589 911 590
4 570 5 571
178 997 179 998
878 323 879 324
913 816 914 817
734 900 735 901
1574 308 1575 307
780 1981 781 1982
1180 969 1181 968
1437 290 1438 291
1097 943 1098 944
678 955 679 954
1796 65 1797 64
1306 1787 1307 1786
91 913 92 912
1968 245 1969 244
835 1103 836 1104
1237 168 1238 169
1033 116 1034 117
634 1277 635 1276
489 1788 490 1789
591 1709 592 1710
1298 776 1299 777
1452 1771 1453 1772
930 1178 931 1179
21 776 22 777
944 854 945 853
109 137 110 138
1789 86 1790 85
1388 1666 1389 1667
229 49 230 50
464 422 465 421
612 415 613 416
469 968 470 969
1129 567 1130 566
1614 106 1615 107
408 1885 409 1886
1710 1128 1711 1129
426 64 427 63
62 1046 63 1047
1865 103 1866 104
1441 52 1442 53
31 1230 32 1229
449 1512 450 1513
944 552 945 553
1786 1505 1787 1504
1601 15 1602 14
1692 980 1693 979
162 1266 163 1267
113 768 114 769
1141 1848 1142 1849
1412 1754 1413 1755
1494 618 1495 619
370 1682 371 1681
1726 1251 1727 1252
562 656 563 655
139 1862 140 1861
114 1190 115 1191
869 284 870 285
74 1221 75 1222
1895 96 1896 95
1270 1573 1271 1572
1638 220 1639 219
1447 1702 1448 1703
1308 1278 1309 1277
1373 1567 1374 1568
1640 1480 1641 1481
1747 1520 1748 1519
424 1306 425 1307
1809 875 1810 874
1135 571 1136 570
1937 696 1938 697
1775 847 1776 846
152 1134 153 1133
193 1120 194 1119
414 1573 415 1572
438 157 439 158
162 1385 163 1386
1983 551 1984 550
178 219 179 220
1657 1631 1658 1630
74 358 75 357
1851 176 1852 175
900 268 901 269
734 951 735 950
1040 454 1041 455
1071 441 1072 440
544 1764 545 1763
1838 122 1839 123
326 323 327 324
370 1981 371 1980
139 340 140 339
1559 645 1560 644
68 1869 69 1870
1071 1170 1072 1169
1666 890 1667 889
634 1832 635 1833
275 155 276 156
56 1615 57 1616
17 366 18 367
489 540 490 539
263 1267 264 1266
526 746 527 747
800 522 801 521
1928 1494 1929 1493
1078 1984 1079 1983
1187 1606 1188 1607
1445 1833 1446 1832
424 792 425 791
1340 84 1341 85
1415 999 1416 1000
1125 1255 1126 1254
678 464 679 463
128 36 129 35
1838 1567 1839 1568
34 1765 35 1764
850 1206 851 1205
368 432 369 431
8 1191 9 1190
1724 1945 1725 1944
1137 960 1138 959
1021 992 1022 991
1985 1759 1986 1760
128 44 129 45
401 324 402 323
1439 878 1440 879
1432 948 1433 949
470 1663 471 1662
19 90 20 89
533 238 534 237
1739 985 1740 984
58 1638 59 1639
1799 265 1800 264
878 1567 879 1568
683 1147 684 1148
1151 42 1152 41
209 197 210 198
1459 1027 1460 1026
1176 964 1177 963
1512 1100 1513 1101
1878 1778 1879 1777
1193 1705 1194 1706
196 1971 197 1972
1690 139 1691 138
1071 455 1072 454
1413 1267 1414 1266
811 1092 812 1091
681 1463 682 1464
1909 805 1910 806
1709 169 1710 168
1739 628 1740 627
1121 1227 1122 1226
737 1862 738 1861
1532 208 1533 209
1575 1452 1576 1453
711 1589 712 1588
165 716 166 717
1257 326 1258 327
1532 1307 1533 1306
821 1041 822 1042
1487 258 1488 257
70 1727 71 1726
1751 1971 1752 1972
1961 1981 1962 1980
1484 403 1485 402
847 1862 848 1861
62 1139 63 1138
1401 1172 1402 1171
358 1848 359 1849
1258 955 1259 954
1831 1088 1832 1089
395 441 396 440
1562 1306 1563 1307
1775 461 1776 462
406 156 407 155
90 357 91 358
716 6 717 5
1844 1130 1845 1129
1845 1707 1846 1708
215 1576 216 1575
660 847 661 848
1931 200 1932 199
29 1252 30 1251
473 976 474 975
128 1870 129 1869
1571 263 1572 264
1031 1527 1032 1526
705 1145 706 1146
719 956 720 955
893 686 894 685
1143 138 1144 139
592 981 593 980
385 954 386 953
369 1276 370 1277
1166 36 1167 37
435 468 436 469
1709 113 1710 112
1349 431 1350 430
1431 1615 1432 1616
637 1060 638 1059
1691 1308 1692 1309
1451 620 1452 621
1989 1186 1990 1187
1634 429 1635 428
1408 332 1409 333
1790 1193 1791 1192
410 1181 411 1180
1693 1146 1694 1145
596 895 597 896
682 1295 683 1294
406 959 407 960
1134 1011 1135 1012
1506 1155 1507 1154
371 1427 372 1426
668 690 669 689
847 641 848 640
1492 551 1493 550
293 166 294 167
910 874 911 875
1915 1959 1916 1958
1914 1505 1915 1504
1963 536 1964 537
640 1839 641 1838
1457 1719 1458 1718
431 1075 432 1076
339 694 340 695
1810 496 1811 495
977 1652 978 1651
326 96 327 95
1420 263 1421 264
264 525 265 526
1575 1059 1576 1060
1140 1741 1141 1740
533 1865 534 1864
1908 1082 1909 1081
726 787 727 786
1341 1352 1342 1353
1505 1207 1506 1206
1443 654 1444 655
1287 1591 1288 1590
1693 1967 1694 1966
1361 1129 1362 1130
1144 543 1145 542
1564 1726 1565 1725
350 1313 351 1312
740 695 741 694
395 1814 396 1815
1809 1721 1810 1720
849 1665 850 1666
1995 1730 1996 1729
778 1077 779 1078
1988 928 1989 927
974 1692 975 1693
1041 35 1042 36
71 449 72 448
688 1267 689 1266
665 920 666 921
275 454 276 455
723 303 724 304
846 1635 847 1634
1682 281 1683 280
495 1726 496 1725
1431 627 1432 628
113 499 114 500
473 1122 474 1123
1985 1128 1986 1129
250 508 251 507
1378 1494 1379 1495
1148 178 1149 177
1270 269 1271 268
1459 479 1460 480
634 1683 635 1682
451 542 452 543
272 268 273 269
506 264 507 263
584 1317 585 1316
1166 985 1167 986
1221 728 1222 729
1614 307 1615 308
350 1523 351 1522
471 920 472 919
1865 590 1866 591
410 839 411 838
1290 571 1291 570
476 743 477 744
838 1760 839 1759
1373 1209 1374 1208
1427 743 1428 744
1521 1635 1522 1634
526 589 527 590
1264 972 1265 973
1500 348 1501 347
180 1771 181 1772
1270 847 1271 848
968 996 969 997
258 1014 259 1013
1818 1788 1819 1789
1525 522 1526 521
686 1266 687 1267
1485 1947 1486 1946
151 1842 152 1841
1508 577 1509 576
1750 921 1751 922
395 1376 396 1375
544 1588 545 1589
741 1421 742 1420
365 1526 366 1527
191 402 192 403
34 1869 35 1870
1059 1191 1060 1190
449 127 450 128
810 984 811 983
1413 726 1414 727
1114 720 1115 721
449 1321 450 1320
299 879 300 878
1944 1490 1945 1491
1104 1493 1105 1494
1236 1191 1237 1190
982 1480 983 1481
7 499 8 500
50 1821 51 1822
1500 817 1501 816
290 361 291 362
215 1277 216 1278
1298 1254 1299 1255
732 1299 733 1300
1562 234 1563 235
56 685 57 686
1134 972 1135 973
228 5 229 6
1040 416 1041 415
1562 1667 1563 1666
910 1569 911 1568
290 947 291 946
1983 685 1984 686
44 1168 45 1169
190 34 191 35
1568 1683 1569 1682
368 1945 369 1946
1840 921 1841 920
1553 974 1554 975
418 1209 419 1208
1944 1293 1945 1292
1786 718 1787 717
692 1968 693 1967
275 853 276 854
544 698 545 699
501 402 502 403
1220 541 1221 540
1298 296 1299 297
1250 1011 1251 1012
190 455 191 454
1349 605 1350 606
1796 1575 1797 1576
1983 45 1984 46
1448 1553 1449 1552
1796 921 1797 920
1098 65 1099 64
489 1967 490 1966
843 1239 844 1238
1825 1980 1826 1981
1001 1257 1002 1256
1583 1614 1584 1613
1062 888 1063 887
1127 616 1128 615
1810 1782 1811 1781
1198 164 1199 163
1574 257 1575 258
1947 735 1948 736
1500 543 1501 542
119 374 120 375
1116 403 1117 402
1560 991 1561 992
1473 352 1474 353
1031 1146 1032 1145
1668 92 1669 93
488 1968 489 1967
320 39 321 38
1234 92 1235 93
447 1763 448 1764
50 239 51 238
74 1502 75 1503
272 1009 273 1008
1390 1088 1391 1089
353 1341 354 1342
452 349 453 348
1741 176 1742 175
209 1954 210 1955
947 1409 948 1408
1459 543 1460 542
166 1303 167 1304
1352 617 1353 618
1786 992 1787 991
1793 999 1794 998
1051 994 1052 995
550 406 551 407
358 1505 359 1504
299 1174 300 1173
660 494 661 495
1443 1835 1444 1836
676 821 677 822
1071 827 1072 826
630 1135 631 1134
387 1785 388 1784
21 1907 22 1908
1726 619 1727 618
1242 123 1243 122
1236 1075 1237 1076
625 391 626 392
194 495 195 494
1166 942 1167 943
1 695 2 694
1537 847 1538 846
1358 445 1359 446
1994 776 1995 777
680 1971 681 1970
836 1234 837 1233
87 1688 88 1689
263 968 264 969
50 1771 51 1772
869 1254 870 1255
596 1843 597 1844
180 1966 181 1967
1908 200 1909 199
699 731 700 732
1696 1569 1697 1568
1002 1920 1003 1921
1242 912 1243 913
1152 969 1153 968
625 1134 626 1135
980 307 981 308
1244 1721 1245 1720
586 996 587 997
931 1738 932 1739
406 1912 407 1913
1071 685 1072 686
1236 448 1237 449
247 1483 248 1482
353 141 354 140
1754 348 1755 347
1827 1200 1828 1199
1116 1678 1117 1679
219 1202 220 1203
449 303 450 304
464 422 465 421
1926 1299 1927 1300
1944 1060 1945 1059
1224 348 1225 347
68 1689 69 1688
1663 1273 1664 1272
1988 2 1989 1
401 468 402 469
890 770 891 771
1525 1119 1526 1120
1521 1219 1522 1220
559 895 560 896
193 1341 194 1342
1533 718 1534 717
1144 1726 1145 1725
1113 167 1114 166
1671 1459 1672 1460
275 542 276 543
1728 900 1729 901
1810 1720 1811 1719
1990 1304 1991 1303
1166 1358 1167 1359
370 1465 371 1464
497 176 498 175
830 1101 831 1102
630 953 631 954
518 223 519 222
1046 1017 1047 1016
649 386 650 385
350 168 351 167
869 1814 870 1815
74 593 75 592
273 553 274 552
878 955 879 954
358 844 359 845
518 796 519 795
1286 1973 1287 1972
290 694 291 695
229 928 230 927
991 1277 992 1278
90 1782 91 1781
1863 1664 1864 1665
485 470 486 471
900 495 901 494
1286 985 1287 986
1290 237 1291 238
500 1764 501 1763
1638 618 1639 617
1761 991 1762 992
339 1088 340 1089
1443 1178 1444 1177
1143 264 1144 263
480 322 481 321
321 1872 322 1873
1564 469 1565 468
1912 385 1913 386
406 30 407 31
17 524 18 525
755 494 756 493
1603 1714 1604 1713
1040 995 1041 994
1614 526 1615 525
1669 928 1670 927
1031 1723 1032 1724
1961 402 1962 403
93 1092 94 1091
1008 542 1009 543
124 1090 125 1089
376 1523 377 1524
384 1678 385 1679
209 1199 210 1200
1742 1727 1743 1726
1812 380 1813 381
274 1768 275 1769
1500 502 1501 501
1 695 2 694
1521 747 1522 746
1926 1513 1927 1512
1137 1491 1138 1490
34 1127 35 1128
1508 845 1509 844
1283 1531 1284 1532
1599 39 1600 40
561 1341 562 1342
209 1054 210 1055
1026 439 1027 440
1258 677 1259 678
107 425 108 424
1741 1881 1742 1880
1912 37 1913 36
1831 1342 1832 1341
980 550 981 551
1063 416 1064 415
62 376 63 377
869 1559 870 1558
285 1392 286 1393
665 1351 666 1350
716 1599 717 1600
419 646 420 645
1030 1724 1031 1723
8 11 9 12
1560 1912 1561 1913
1759 817 1760 816
174 1427 175 1426
803 1781 804 1782
564 896 565 895
1244 1076 1245 1075
1560 954 1561 953
56 1709 57 1710
1779 1206 1780 1205
1270 990 1271 989
687 850 688 849
991 1136 992 1135
125 690 126 691
191 430 192 431
412 1241 413 1242
962 13 963 12
1799 1788 1800 1787
1647 349 1648 348
1505 935 1506 936
732 435 733 434
218 50 219 49
476 615 477 616
1450 994 1451 995
21 1519 22 1520
534 1129 535 1128
397 1408 398 1409
1810 1267 1811 1266
1076 1710 1077 1709
107 297 108 296
1142 1448 1143 1449
1869 1237 1870 1236
952 125 953 124
114 338 115 339
436 390 437 389
756 169 757 170
1221 1127 1222 1128
1865 1836 1866 1835
114 1559 115 1558
1286 1839 1287 1838
807 850 808 849
1187 168 1188 169
1869 180 1870 181
398 430 399 431
808 944 809 943
713 1948 714 1947
468 543 469 544
574 157 575 158
339 168 340 167
526 1794 527 1793
1540 726 1541 727
1267 799 1268 800
257 1665 258 1664
991 1404 992 1405
1739 44 1740 45
1044 843 1045 842
1190 576 1191 577
1571 519 1572 518
405 1790 406 1791
123 1665 124 1664
734 1251 735 1252
1234 998 1235 997
1151 732 1152 731
846 1490 847 1491
1133 938 1134 937
1935 847 1936 848
1264 1576 1265 1577
900 1988 901 1987
195 852 196 853
616 1498 617 1497
1302 1554 1303 1553
847 1299 848 1300
34 685 35 686
123 1606 124 1607
1780 121 1781 120
396 1789 397 1788
1610 641 1611 640
1954 327 1955 328
1250 543 1251 542
264 45 265 44
1587 1272 1588 1271
506 1862 507 1863
160 1441 161 1440
1373 1515 1374 1514
1432 1739 1433 1738
220 1082 221 1081
762 1030 763 1029
93 999 94 998
1144 288 1145 287
722 994 723 995
187 1272 188 1271
340 1679 341 1678
1361 1683 1362 1682
715 920 716 919
1460 1996 1461 1997
541 1293 542 1292
1452 422 1453 421
485 936 486 935
1663 145 1664 146
1931 1958 1932 1957
162 433 163 434
713 93 714 92
1382 525 1383 526
1151 1572 1152 1573
1985 1679 1986 1678
509 1765 510 1764
378 1515 379 1516
1658 1963 1659 1962
272 114 273 113
1492 1139 1493 1138
479 1902 480 1903
1508 1426 1509 1425
190 922 191 921
1153 1672 1154 1671
926 1710 927 1709
1818 500 1819 499
246 196 247 195
1668 998 1669 997
1908 814 1909 815
1255 1509 1256 1508
1068 502 1069 501
1711 1386 1712 1385
1076 11 1077 12
1658 1873 1659 1872
384 1758 385 1759
1863 1725 1864 1726
1923 106 1924 107
803 441 804 440
961 1240 962 1241
518 1030 519 1029
1447 1901 1448 1900
1242 655 1243 654
93 1707 94 1708
272 96 273 95
1966 550 1967 549
370 1147 371 1148
1521 1222 1522 1223
683 1725 684 1724
1569 1181 1570 1180
395 923 396 922
1915 699 1916 698
776 1616 777 1615
910 844 911 843
665 1232 666 1233
257 1034 258 1033
274 1148 275 1147
91 913 92 912
1311 1966 1312 1967
1938 313 1939 314
1045 466 1046 465
228 1313 229 1312
1613 161 1614 162
933 1571 934 1572
293 1719 294 1718
1427 522 1428 521
661 1276 662 1277
713 44 714 45
151 1634 152 1633
435 1024 436 1023
87 976 88 975
835 1329 836 1328
285 1060 286 1059
261 1358 262 1359
1989 1945 1990 1944
264 437 265 436
353 1407 354 1408
1046 1494 1047 1493
21 296 22 297
856 215 857 214
1938 1945 1939 1946
1739 1498 1740 1497
136 454 137 455
1144 1839 1145 1838
1435 359 1436 360
687 215 688 214
1926 1892 1927 1893
19 1741 20 1742
1580 997 1581 998
1078 113 1079 114
1967 1819 1968 1818
1143 176 1144 175
1572 919 1573 920
1097 1241 1098 1240
1258 444 1259 445
726 729 727 728
1236 339 1237 338
1754 1709 1755 1710
1076 1272 1077 1273
1450 942 1451 943
630 36 631 35
683 1959 684 1958
1431 1967 1432 1966
1441 236 1442 235
1375 1407 1376 1406
1825 923 1826 922
189 282 190 283
1575 1997 1576 1996
1457 1725 1458 1724
191 44 192 45
1152 257 1153 258
1439 1864 1440 1865
371 1957 372 1958
1793 717 1794 718
1932 553 1933 554
1638 1123 1639 1124
1152 1559 1153 1558
593 943 594 942
743 1385 744 1386
1983 1170 1984 1169
21 879 22 878
1001 158 1002 157
1845 1957 1846 1958
261 1258 262 1259
317 122 318 123
765 540 766 541
630 180 631 179
1647 680 1648 681
735 44 736 45
686 1671 687 1672
860 1759 861 1760
959 1190 960 1191
777 53 778 52
1104 1760 1105 1759
1221 421 1222 422
1511 238 1512 237
1422 648 1423 649
1739 1633 1740 1634
1264 541 1265 540
506 1504 507 1505
87 1223 88 1222
1071 776 1072 777
128 892 129 893
1554 1572 1555 1571
1255 1450 1256 1451
1851 1199 1852 1200
469 1051 470 1052
1657 1970 1658 1969
640 1490 641 1491
506 272 507 273
766 308 767 309
1754 1178 1755 1177
1006 1800 1007 1799
1983 1139 1984 1138
250 1148 251 1147
321 128 322 129
830 280 831 281
548 31 549 32
677 1603 678 1604
1934 976 1935 975
849 238 850 237
1485 235 1486 234
1126 155 1127 156
1429 884 1430 883
449 175 450 174
1340 84 1341 85
1236 200 1237 199
1761 1194 1762 1193
1349 1874 1350 1875
414 839 415 838
1044 1688 1045 1689
500 728 501 729
1529 1081 1530 1082
894 1162 895 1161
705 239 706 238
1234 1142 1235 1143
677 366 678 367
275 155 276 156
947 549 948 550
204 185 205 186
607 1504 608 1505
1677 1537 1678 1538
209 167 210 166
1250 176 1251 175
1961 1503 1962 1502
1562 1017 1563 1016
190 1241 191 1242
689 1768 690 1769
209 1900 210 1901
113 1181 114 1180
590 1503 591 1502
436 124 437 125
1134 1011 1135 1012
1838 685 1839 684
1419 875 1420 874
178 617 179 618
904 1017 905 1018
122 1899 123 1898
1407 613 1408 612
1494 655 1495 654
1190 1741 1191 1742
1739 1984 1740 1983
570 1203 571 1204
856 526 857 525
1358 1232 1359 1233
506 1504 507 1505
1779 525 1780 526
807 1710 808 1709
1234 654 1235 655
1068 1673 1069 1672
1928 607 1929 608
1306 944 1307 943
1559 835 1560 834
1352 209 1353 208
714 1091 715 1090
246 1300 247 1299
178 269 179 268
1711 1844 1712 1843
1 552 2 553
1690 263 1691 264
152 445 153 446
326 236 327 235
315 1505 316 1504
487 335 488 334
1361 1726 1362 1727
1044 853 1045 854
931 911 932 912
681 566 682 565
1298 879 1299 878
1607 1110 1608 1111
174 1689 175 1688
313 1900 314 1901
564 1720 565 1721
233 1328 234 1327
960 238 961 237
562 1538 563 1537
466 551 467 550
74 1781 75 1782
564 576 565 577
1682 200 1683 199
1532 186 1533 185
1980 294 1981 295
1983 1322 1984 1321
1143 928 1144 927
438 494 439 495
668 1148 669 1147
299 967 300 966
1657 1103 1658 1104
762 598 763 597
846 975 847 976
776 1572 777 1571
264 296 265 297
1699 1551 1700 1552
426 763 427 762
300 881 301 880
1304 456 1305 457
762 1832 763 1833
1547 912 1548 911
1155 361 1156 362
551 696 552 697
464 297 465 296
913 954 914 955
1614 1720 1615 1719
242 850 243 849
1097 1122 1098 1123
218 1304 219 1303
649 1134 650 1135
1112 44 1113 45
999 654 1000 653
274 71 275 70
1242 912 1243 913
1349 45 1350 46
1741 843 1742 844
1967 284 1968 285
1997 1997 2000
1510 1788 1511 1787
1863 814 1864 815
1505 1863 1506 1864
1147 228 1148 227
1072 466 1073 465
1850 904 1851 905
1113 1175 1114 1174
1752 1758 1753 1759
311 1522 312 1523
1494 1604 1495 1603
305 1332 306 1331
1355 409 1356 408
1494 1508 1495 1507
11 1934 12 1935
40 1718 41 1719
337 366 338 365
352 1948 353 1949
996 1944 997 1945
696 1680 697 1681
856 39 857 38
1559 947 1560 946
1983 1202 1984 1203
231 1051 232 1052
1592 1319 1593 1318
111 1052 112 1053
1594 978 1595 979
900 896 901 895
1252 481 1253 480
570 1869 571 1868
269 1026 270 1027
137 837 138 836
483 936 484 937
1702 1971 1703 1972
1450 471 1451 472
125 331 126 330
1464 100 1465 99
776 1059 777 1058
1355 1604 1356 1605
1785 757 1786 758
45 1384 46 1385
1847 1976 1848 1975
920 1943 921 1944
502 939 503 938
1010 1827 1011 1826
1054 540 1055 541
170 1917 171 1916
502 1644 503 1645
1252 993 1253 994
1801 1671 1802 1672
1933 26 1934 25
963 965 964 966
952 1252 953 1251
1298 1333 1299 1334
603 1441 604 1442
782 1892 783 1891
1966 1719 1967 1718
900 1412 901 1411
70 955 71 956
1921 680 1922 681
541 848 542 847
1098 7 1099 8
1667 500 1668 501
720 1917 721 1916
1018 1333 1019 1334
346 804 347 805
1209 860 1210 861
871 1492 872 1491
559 614 560 613
1089 1571 1090 1570
720 1652 721 1653
186 727 187 726
1573 199 1574 198
1366 1323 1367 1322
92 1825 93 1824
335 940 336 941
269 1300 270 1301
1222 1310 1223 1311
524 1055 525 1054
447 1358 448 1357
1216 9 1217 10
1771 1362 1772 1363
907 544 908 543
1388 300 1389 299
740 738 741 737
1334 368 1335 369
1813 1201 1814 1200
570 1518 571 1517
1578 481 1579 480
553 907 554 906
1746 102 1747 101
1332 1326 1333 1327
1143 1468 1144 1469
1112 1816 1113 1817
1199 1484 1200 1483
554 876 555 875
931 994 932 993
371 1307 372 1308
1933 1824 1934 1825
219 701 220 702
502 87 503 88
1815 1868 1816 1867
1559 384 1560 385
1677 279 1678 280
1304 1029 1305 1028
191 1457 192 1456
263 65 264 66
264 1672 265 1671
127 258 128 257
601 1777 602 1776
110 266 111 265
1320 1652 1321 1651
737 232 738 231
1338 1046 1339 1047
851 1357 852 1358
111 260 112 261
1663 1454 1664 1453
1401 167 1402 166
213 256 214 255
1652 303 1653 304
1376 1247 1377 1246
1785 1897 1786 1898
818 1070 819 1071
1347 826 1348 827
1590 609 1591 608
368 1109 369 1110
814 1054 815 1055
601 525 602 524
393 1390 394 1389
1423 1864 1424 1863
491 1250 492 1249
1542 1778 1543 1777
1707 565 1708 564
424 1412 425 1411
1202 769 1203 770
947 1150 948 1149
447 1015 448 1014
706 1718 707 1719
877 1611 878 1610
895 921 896 922
1258 642 1259 643
696 125 697 124
125 621 126 620
120 1986 121 1987
1252 546 1253 545
1457 436 1458 435
1628 107 1629 108
417 725 418 724
638 1742 639 1741
1717 920 1718 919
1409 754 1410 753
706 232 707 233
670 632 671 631
1702 1892 1703 1891
502 422 503 421
1541 429 1542 430
1333 974 1334 975
1129 1045 1130 1046
718 1541 719 1542
536 1806 537 1807
244 1580 245 1581
1532 1122 1533 1123
1333 1735 1334 1734
1158 35 1159 36
1366 1819 1367 1818
963 1987 964 1986
893 10 894 9
1097 1913 1098 1912
197 304 198 305
1439 1842 1440 1843
302 861 303 860
907 432 908 431
456 1897 457 1898
1114 425 1115 426
371 708 372 707
330 129 331 130
1290 283 1291 282
761 869 762 868
1050 1797 1051 1798
1054 1042 1055 1043
465 1047 466 1046
1061 280 1062 279
1051 1603 1052 1604
1143 73 1144 72
1194 1798 1195 1799
185 564 186 565
424 438 425 437
1668 479 1669 478
129 1503 130 1504
430 848 431 849
816 467 817 466
781 406 782 407
1162 1807 1163 1806
1948 966 1949 965
1397 1496 1398 1495
688 614 689 613
1944 1896 1945 1895
1325 1402 1326 1403
1819 352 1820 351
120 110 121 109
659 525 660 524
1828 138 1829 139
965 765 966 764
576 561 577 560
456 1307 457 1308
1529 403 1530 404
706 876 707 875
334 1558 335 1557
1018 1688 1019 1687
856 1053 857 1054
1634 1417 1635 1418
1590 1096 1591 1097
851 415 852 416
761 1491 762 1490
483 1887 484 1888
476 939 477 940
476 1349 477 1350
625 1743 626 1744
1727 1390 1728 1389
1803 1941 1804 1942
513 1264 514 1263
1746 1552 1747 1551
1578 312 1579 311
1050 25 1051 26
1791 202 1792 203
137 1173 138 1172
1737 656 1738 655
1180 521 1181 520
1819 1573 1820 1574
246 1676 247 1677
52 994 53 993
310 132 311 131
1664 561 1665 560
1123 907 1124 906
1449 93 1450 94
230 1781 231 1782
77 1966 78 1965
420 1245 421 1246
163 109 164 110
1336 1028 1337 1029
1941 904 1942 905
1519 1650 1520 1649
334 1144 335 1145
485 1460 486 1459
417 1598 418 1599
1692 1990 1693 1989
1297 1418 1298 1417
1966 771 1967 772
1460 451 1461 450
1642 776 1643 775
349 1958 350 1959
393 1523 394 1522
1271 590 1272 589
873 1462 874 1461
1780 898 1781 897
1607 701 1608 702
1051 1403 1052 1402
1482 1332 1483 1331
1202 732 1203 731
168 101 169 102
476 513 477 514
718 1417 719 1418
856 1842 857 1841
1343 1749 1344 1750
1369 256 1370 255
163 1542 164 1541
428 1867 429 1866
1194 883 1195 882
11 1642 12 1641
1816 324 1817 323
622 1468 623 1469
108 326 109 325
601 62 602 63
821 400 822 401
1409 345 1410 346
1216 1109 1217 1110
1032 469 1033 470
1798 2 1799 3
368 1422 369 1423
1113 135 1114 134
1046 1794 1047 1795
650 593 651 594
1765 200 1766 201
558 749 559 748
1051 393 1052 394
1707 294 1708 293
776 815 777 814
1774 1721 1775 1722
1714 386 1715 387
110 313 111 312
420 1785 421 1784
1736 714 1737 715
939 588 940 587
1714 950 1715 949
1180 454 1181 455
1659 26 1660 25
1815 1671 1816 1672
1050 1232 1051 1231
456 1653 457 1652
1097 435 1098 436
143 362 144 363
1070 554 1071 553
302 1206 303 1205
1304 1029 1305 1028
1172 1973 1173 1972
368 1540 369 1539
996 1446 997 1447
1873 84 1874 83
1014 1972 1015 1971
638 1027 639 1026
659 1429 660 1430
996 334 997 333
1042 1021 1043 1022
1245 108 1246 107
1369 480 1370 481
758 1809 759 1808
188 1326 189 1327
1604 1459 1605 1460
170 620 171 621
1161 1557 1162 1556
976 872 977 871
408 451 409 450
595 1454 596 1453
5 1714 6 1715
485 1252 486 1251
570 603 571 602
1336 1028 1337 1029
1014 1659 1015 1658
1700 1070 1701 1071
553 143 554 144
1336 160 1337 159
437 1264 438 1263
1508 1837 1509 1836
1165 1983 1166 1982
1423 1943 1424 1944
315 1247 316 1248
1280 1987 1281 1988
1014 830 1015 831
559 409 560 408
264 1254 265 1253
1372 521 1373 520
906 1363 907 1362
1916 657 1917 658
1948 198 1949 199
1109 437 1110 436
1672 1765 1673 1766
125 46 126 47
838 602 839 603
608 107 609 108
170 1868 171 1867
1385 7 1386 8
1941 235 1942 234
284 1370 285 1369
302 63 303 62
1050 415 1051 416
305 1446 306 1447
1798 1236 1799 1235
983 1923 984 1922
315 1734 316 1735
704 1295 705 1296
311 1827 312 1826
506 772 507 771
502 645 503 646
474 281 475 282
915 607 916 608
112 1206 113 1205
501 1505 502 1504
709 1661 710 1662
1294 1731 1295 1732
1616 192 1617 193
776 990 777 989
1755 1120 1756 1121
1304 199 1305 198
939 774 940 773
1325 1317 1326 1316
659 334 660 335
767 940 768 941
1948 1028 1949 1029
1400 1411 1401 1412
275 1076 276 1077
593 275 594 274
789 206 790 205
688 144 689 145
1297 1843 1298 1842
253 357 254 356
839 543 840 544
505 909 506 908
963 559 964 560
477 386 478 385
1917 253 1918 252
1142 345 1143 346
1131 498 1132 499
340 1435 341 1436
1011 937 1012 938
801 1569 802 1570
1489 727 1490 726
1072 478 1073 479
853 1121 854 1120
1210 1484 1211 1483
1752 322 1753 321
1180 395 1181 396
1460 1486 1461 1487
1643 469 1644 470
310 1316 311 1317
812 1071 813 1070
393 1507 394 1508
1771 919 1772 920
1502 1128 1503 1127
1498 998 1499 997
1576 829 1577 828
269 1735 270 1734
1553 754 1554 753
1553 643 1554 644
1072 1145 1073 1144
1763 110 1764 109
718 1867 719 1866
835 939 836 938
324 1678 325 1677
1294 451 1295 450
524 908 525 909
265 1662 266 1661
1165 487 1166 488
622 321 623 322
740 1935 741 1934
1266 7 1267 6
1553 273 1554 274
268 450 269 451
1590 1540 1591 1539
444 1694 445 1695
1405 727 1406 726
1344 774 1345 773
118 1049 119 1050
1266 1916 1267 1917
1459 335 1460 334
1372 896 1373 895
1423 1221 1424 1222
231 1680 232 1681
1746 1112 1747 1113
818 700 819 701
1165 1896 1166 1897
1543 338 1544 339
1592 643 1593 644
1743 1540 1744 1539
1716 356 1717 355
290 829 291 828
865 152 866 153
1209 1741 1210 1742
963 1363 964 1362
1553 144 1554 145
1570 1480 1571 1479
1129 1888 1130 1887
1009 990 1010 989
1078 1823 1079 1824
1574 122 1575 123
601 1074 602 1075
1313 1373 1314 1372
1542 1741 1543 1742
437 256 438 255
330 1112 331 1111
263 181 264 180
1494 255 1495 256
852 1225 853 1224
856 186 857 185
67 1684 68 1683
952 1112 953 1113
518 167 519 166
1663 1824 1664 1825
782 831 783 830
1771 1520 1772 1521
1819 333 1820 334
934 559 935 558
1311 531 1312 530
1215 334 1216 335
491 508 492 507
1733 1937 1734 1938
257 1890 258 1891
1129 836 1130 837
1427 1326 1428 1327
153 1641 154 1642
817 1917 818 1918
1626 1859 1627 1860
1050 608 1051 609
1819 1327 1820 1326
1332 39 1333 38
111 1816 112 1815
1361 912 1362 911
1221 481 1222 480
1541 1194 1542 1193
129 255 130 256
1051 749 1052 748
300 1279 301 1278
257 1347 258 1348
186 1757 187 1756
305 357 306 356
797 802 798 803
1647 833 1648 834
265 1944 266 1943
1863 1676 1864 1675
680 1036 681 1037
305 35 306 36
688 908 689 909
1614 782 1615 783
1012 1149 1013 1150
833 1436 834 1435
1199 458 1200 457
570 1441 571 1442
1024 393 1025 394
1508 1249 1509 1250
595 1561 596 1560
852 1587 853 1588
1733 160 1734 159
789 363 790 362
334 868 335 869
92 607 93 606
73 1944 74 1945
1748 1777 1749 1778
110 1453 111 1454
1628 1971 1629 1970
524 1794 525 1795
569 1759 570 1758
1250 1826 1251 1827
1672 429 1673 430
1460 1626 1461 1625
578 1145 579 1144
726 1928 727 1927
1113 1323 1114 1322
324 843 325 844
1333 1735 1334 1734
286 132 287 133
1614 38 1615 39
1340 520 1341 521
1791 994 1792 993
1391 1890 1392 1891
1941 514 1942 513
1604 703 1605 702
1590 1349 1591 1350
1505 125 1506 126
1089 989 1090 990
1944 77 1945 78
1542 1249 1543 1248
665 363 666 364
1494 1626 1495 1625
1389 438 1390 437
1921 1643 1922 1642
1392 1422 1393 1423
1815 1800 1816 1799
448 1220 449 1221
1626 1799 1627 1798
447 1891 448 1892
466 646 467 645
253 1271 254 1270
1681 1476 1682 1475
1043 1647 1044 1648
1353 1334 1354 1333
1518 1823 1519 1822
95 1076 96 1075
1446 1891 1447 1890
1494 1785 1495 1784
459 1788 460 1787
656 1614 657 1613
101 480 102 481
1409 1769 1410 1768
1964 862 1965 861
540 38 541 39
329 106 330 105
315 85 316 86
1561 90 1562 89
129 1938 130 1937
480 351 481 350
775 185 776 186
1388 598 1389 599
156 791 157 790
1540 1386 1541 1387
1933 1815 1934 1816
493 984 494 985
1594 355 1595 356
963 1289 964 1290
1320 1320 1321 1319
213 130 214 129
1863 1247 1864 1246
1816 1581 1817 1580
1277 1105 1278 1106
269 62 270 63
584 1731 585 1732
1763 1541 1764 1542
1648 1929 1649 1928
1659 407 1660 408
788 1893 789 1894
1098 1772 1099 1771
1347 861 1348 860
1662 95 1663 94
1479 1247 1480 1248
1929 1560 1930 1561
1662 466 1663 465
1012 975 1013 974
1385 1462 1386 1461
1234 160 1235 159
471 1578 472 1579
196 814 197 815
1763 1945 1764 1944
1545 940 1546 941
315 280 316 279
1389 613 1390 614
1284 1194 1285 1193
931 716 932 715
73 1710 74 1711
1457 2 1458 3
931 842 932 843
189 816 190 817
895 363 896 364
1746 1252 1747 1251
1409 345 1410 344
1762 126 1763 125
1222 1777 1223 1778
1097 1865 1098 1866
1062 1003 1063 1002
821 1232 822 1231
1300 1466 1301 1467
1216 386 1217 387
1340 1853 1341 1854
1572 1713 1573 1714
1290 906 1291 905
385 1247 386 1246
524 1823 525 1824
1680 1839 1681 1840
835 1888 836 1887
550 943 551 942
188 681 189 680
1627 147 1628 146
1369 1672 1370 1671
648 1021 649 1022
181 363 182 362
297 734 298 733
1481 425 1482 426
256 621 257 620
330 1392 331 1391
1610 1270 1611 1269
344 832 345 831
722 1119 723 1120
1921 1842 1922 1843
1457 166 1458 167
1702 632 1703 631
1010 1342 1011 1343
1392 925 1393 924
1746 1438 1747 1439
1571 38 1572 39
1446 771 1447 772
1072 1807 1073 1808
1457 925 1458 924
1819 1331 1820 1332
85 702 86 703
1727 1334 1728 1335
1700 1105 1701 1106
1814 765 1815 766
1072 1642 1073 1641
1408 1557 1409 1558
1290 1642 1291 1643
1798 38 1799 39
1664 160 1665 159
1578 1642 1579 1643
1511 1780 1512 1779
1868 275 1869 274
297 1556 298 1557
1989 1866 1990 1865
1528 883 1529 882
1548 559 1549 560
893 670 894 669
1065 1251 1066 1252
1271 1976 1272 1975
34 1769 35 1768
268 915 269 914
554 1252 555 1251
595 966 596 965
1353 488 1354 487
189 1260 190 1261
1496 1251 1497 1252
213 1352 214 1353
1762 1912 1763 1913
595 1278 596 1279
1873 910 1874 909
1920 87 1921 88
781 1145 782 1144
349 1469 350 1468
1528 783 1529 782
1542 451 1543 450
1347 425 1348 426
1677 1676 1678 1675
1571 655 1572 656
722 1300 723 1301
755 564 756 563
814 1327 815 1328
1336 132 1337 131
1103 1110 1104 1109
1481 615 1482 616
1626 1988 1627 1987
264 1859 265 1860
1946 1263 1947 1262
433 1121 434 1120
127 1597 128 1598
129 290 130 291
1505 1054 1506 1055
784 315 785 314
244 1278 245 1279
670 123 671 122
1502 642 1503 643
774 1578 775 1579
1737 217 1738 216
1542 1987 1543 1986
283 107 284 108
284 581 285 580
1290 123 1291 122
1051 325 1052 326
368 99 369 98
1128 1261 1129 1260
417 1676 418 1677
1280 1908 1281 1907
625 1491 626 1490
1686 1174 1687 1175
1568 1540 1569 1539
1643 70 1644 69
576 714 577 715
4 1429 5 1430
1815 848 1816 847
85 1094 86 1095
143 1218 144 1217
1294 109 1295 110
532 1977 533 1976
573 1106 574 1105
1389 844 1390 843
257 1604 258 1605
200 356 201 357
542 1819 543 1818
1388 920 1389 921
573 39 574 38
62 1292 63 1293
1565 1319 1566 1320
213 273 214 274
263 906 264 905
291 27 292 28
1906 1823 1907 1822
281 1666 282 1667
418 432 419 431
1868 1941 1869 1942
871 1451 872 1450
1294 1518 1295 1517
349 502 350 503
166 409 167 408
50 407 51 408
349 1653 350 1652
1739 1859 1740 1860
1746 861 1747 862
795 1494 796 1493
916 47 917 46
1578 1271 1579 1270
963 1363 964 1362
474 1818 475 1819
1647 1942 1648 1941
1374 1794 1375 1793
612 241 613 242
1405 28 1406 27
414 43 415 44
1188 561 1189 560
564 27 565 28
1319 7 1320 8
1194 1598 1195 1599
1659 1818 1660 1819
1376 1759 1377 1758
778 1120 779 1119
1216 1236 1217 1235
931 501 932 500
789 1490 790 1491
1664 1206 1665 1205
1466 787 1467 786
385 603 386 602
1803 287 1804 288
1217 834 1218 833
340 961 341 962
1576 644 1577 643
1386 1301 1387 1300
261 702 262 701
1791 1163 1792 1164
778 1507 779 1508
771 1360 772 1359
73 1578 74 1579
916 47 917 46
615 563 616 564
417 552 418 553
1604 334 1605 335
1298 479 1299 478
40 765 41 766
1010 1741 1011 1742
710 837 711 836
1613 1508 1614 1507
1389 1490 1390 1491
465 1446 466 1447
431 768 432 769
1089 422 1090 423
318 1944 319 1943
1746 390 1747 391
1385 939 1386 940
1523 1423 1524 1422
952 614 953 613
733 1337 734 1338
284 203 285 202
674 275 675 274
124 585 125 586
393 1307 394 1308
430 1300 431 1301
1113 111 1114 110
358 261 359 260
842 1163 843 1162
112 1837 113 1836
1673 1867 1674 1868
1334 1120 1335 1119
286 561 287 560
256 1896 257 1895
1702 1578 1703 1579
456 981 457 980
1878 1243 1879 1242
129 255 130 256
818 947 819 946
1592 36 1593 35
1080 115 1081 116
213 1517 214 1518
1199 883 1200 882
1746 1462 1747 1461
1155 1842 1156 1841
1355 144 1356 145
576 1051 577 1052
688 602 689 603
1494 252 1495 251
1548 159 1549 160
92 909 93 910
726 1913 727 1912
1085 1488 1086 1489
1791 615 1792 616
612 326 613 325
1626 1334 1627 1335
269 487 270 488
1289 758 1290 757
1161 646 1162 645
1142 1683 1143 1684
1266 85 1267 86
265 1423 266 1422
505 701 506 700
540 110 541 109
638 1618 639 1617
1700 1243 1701 1242
290 479 291 478
1496 1605 1497 1604
732 814 733 815
1338 1643 1339 1642
1878 26 1879 25
1814 1776 1815 1777
1250 355 1251 356
501 1819 502 1818
812 1164 813 1163
781 1896 782 1895
1967 450 1968 451
670 1642 671 1643
952 1705 953 1706
1816 1501 1817 1500
272 1715 273 1714
1188 69 1189 70
540 258 541 257
433 171 434 172
895 1844 896 1845
1673 130 1674 129
528 1970 529 1971
573 1928 574 1927
1774 1348 1775 1347
1108 165 1109 164
1342 723 1343 722
318 786 319 787
691 1855 692 1854
1606 595 1607 594
1051 772 1052 771
1372 1052 1373 1053
786 265 787 266
1911 1038 1912 1037
992 1677 993 1678
1865 559 1866 560
1280 1512 1281 1513
854 98 855 99
1625 620 1626 619
1489 727 1490 726
1513 1558 1514 1557
196 872 197 871
497 46 498 47
46 1651 47 1652
1664 1642 1665 1641
1014 1534 1015 1535
1166 50 1167 51
622 758 623 759
916 1410 917 1409
265 1869 266 1868
456 1907 457 1908
491 1205 492 1206
1574 1659 1575 1658
733 1390 734 1389
1355 205 1356 206
920 700 921 701
422 1438 423 1439
932 1892 933 1893
1944 694 1945 695
1559 1422 1560 1423
418 1895 419 1896
1245 1402 1246 1403
1627 637 1628 636
1250 897 1251 896
1785 978 1786 979
851 454 852 455
1673 1281 1674 1280
474 422 475 421
1607 1867 1608 1866
330 616 331 615
1686 1352 1687 1353
96 312 97 311
570 958 571 957
1375 124 1376 125
189 1642 190 1641
1332 357 1333 356
418 786 419 787
1574 107 1575 108
1164 311 1165 312
1385 815 1386 814
1592 1293 1593 1292
1607 1358 1608 1357
734 987 735 988
1194 1075 1195 1076
1723 1751 1724 1752
1406 1844 1407 1845
501 1797 502 1798
5 1955 6 1956
506 125 507 124
612 920 613 919
1580 1644 1581 1645
1297 914 1298 915
1979 10 1980 9
318 407 319 406
1021 1137 1022 1138
310 560 311 559
1763 352 1764 351
1133 917 1134 916
1032 1658 1033 1659
1847 602 1848 603
1933 560 1934 559
1816 581 1817 580
1290 321 1291 322
1814 849 1815 848
497 1347 498 1348
1541 1070 1542 1071
494 992 495 991
1297 1110 1298 1111
323 1034 324 1033
931 1310 932 1311
1758 1308 1759 1309
215 363 216 364
494 1347 495 1348
1439 1711 1440 1710
1010 435 1011 436
40 1890 41 1891
570 786 571 787
688 232 689 233
1874 1822 1875 1823
1290 217 1291 216
609 1394 610 1393
256 345 257 346
976 974 977 975
1700 1927 1701 1928
272 1490 273 1491
1089 1777 1090 1776
559 553 560 552
1347 1799 1348 1800
1199 1944 1200 1943
1129 234 1130 235
108 1306 109 1307
601 1721 602 1722
1164 234 1165 235
629 1745 630 1744
1774 979 1775 978
1929 1273 1930 1274
11 1563 12 1564
1164 1853 1165 1854
1113 1741 1114 1742
1371 839 1372 840
1142 85 1143 86
1873 26 1874 25
99 564 100 565
559 1003 560 1002
893 701 894 700
505 148 506 149
1259 939 1260 940
120 1841 121 1842
1502 275 1503 274
1387 1735 1388 1734
726 10 727 9
647 1963 648 1964
305 312 306 311
1553 202 1554 203
310 1454 311 1453
1158 79 1159 78
570 560 571 561
528 1363 529 1362
1755 313 1756 312
290 133 291 132
1210 385 1211 384
1710 1652 1711 1653
1878 986 1879 987
1180 395 1181 396
1294 451 1295 450
1255 479 1256 478
251 1247 252 1248
564 587 565 588
129 872 130 871
1544 1144 1545 1145
186 289 187 288
1283 655 1284 654
1155 1451 1156 1450
839 8 840 9
1446 363 1447 362
1010 1611 1011 1610
423 1007 424 1008
1948 270 1949 269
576 1807 577 1808
1966 1372 1967 1373
1541 9 1542 10
513 1603 514 1604
1161 1300 1162 1301
1332 70 1333 69
1578 1326 1579 1327
1355 1599 1356 1598
1577 1243 1578 1242
1304 1273 1305 1274
831 1386 832 1385
1319 943 1320 942
181 1681 182 1680
900 479 901 478
1663 407 1664 408
1062 1563 1063 1564
368 939 369 940
1161 1074 1162 1075
1637 1742 1638 1741
1112 905 1113 906
1763 911 1764 912
720 1245 721 1246
776 1483 777 1484
522 85 523 86
1964 715 1965 714
1494 1119 1495 1120
983 773 984 772
1785 950 1786 949
1042 707 1043 708
1112 1307 1113 1308
976 1681 977 1682
501 83 502 84
1946 1045 1947 1046
1313 1497 1314 1498
1590 1798 1591 1797
873 85 874 86
877 636 878 635
1577 1661 1578 1662
1392 700 1393 701
812 85 813 84
607 1672 608 1671
11 1218 12 1217
501 1277 502 1278
1873 501 1874 500
904 1744 905 1743
962 1771 963 1770
873 99 874 98
1050 257 1051 258
284 279 285 280
471 35 472 36
622 1551 623 1552
1460 688 1461 689
1910 1684 1911 1683
1700 7 1701 8
1294 1014 1295 1015
1542 748 1543 749
1803 1816 1804 1817
992 1956 993 1955
1614 1483 1615 1484
608 107 609 108
95 1430 96 1429
1736 1319 1737 1318
1304 451 1305 450
1513 1971 1514 1972
1008 431 1009 432
1607 895 1608 896
569 962 570 961
1400 1507 1401 1508
786 1520 787 1521
342 17 343 16
873 320 874 321
430 766 431 765
996 1574 997 1573
80 1917 81 1916
497 1145 498 1144
720 546 721 545
1510 1253 1511 1254
961 884 962 883
647 1439 648 1438
1778 1730 1779 1729
34 85 35 86
1933 642 1934 643
926 1503 927 1504
1103 1195 1104 1194
111 481 112 480
393 1396 394 1397
1169 1185 1170 1184
518 1766 519 1765
189 1789 190 1788
1319 1267 1320 1266
352 1604 353 1603
767 585 768 584
674 1246 675 1247
1752 1254 1753 1253
1751 1421 1752 1422
1512 324 1513 323
246 599 247 598
814 1539 815 1540
1992 1739 1993 1738
168 924 169 925
1647 430 1648 429
92 159 93 160
570 400 571 401
540 258 541 257
696 776 697 777
52 393 53 394
1294 1778 1295 1777
962 1975 963 1974
1868 861 1869 860
897 48 898 47
394 167 395 166
1771 1362 1772 1363
1340 470 1341 469
1123 833 1124 834
1627 1429 1628 1430
612 1043 613 1042
1944 1937 1945 1938
1989 431 1990 432
812 1963 813 1964
1874 1770 1875 1769
1209 1860 1210 1859
1774 206 1775 205
1092 1521 1093 1520
1689 322 1690 321
593 1658 594 1657
1325 1521 1326 1520
1114 480 1115 481
1391 1599 1392 1598
1216 1159 1217 1160
101 1270 102 1271
1707 90 1708 89
1746 1460 1747 1459
92 1245 93 1246
1574 110 1575 109
302 1976 303 1975
474 1028 475 1029
1284 986 1285 987
300 451 301 450
1933 422 1934 421
1755 1819 1756 1818
1982 1693 1983 1692
778 1651 779 1652
1001 1076 1002 1075
812 1266 813 1267
479 409 480 410
185 1524 186 1525
1773 563 1774 564
506 1507 507 1508
1659 242 1660 241
490 1099 491 1100
1716 632 1717 631
264 1653 265 1652
732 938 733 939
1929 1970 1930 1971
286 232 287 233
1544 644 1545 643
776 1442 777 1441
166 139 167 138
541 956 542 955
992 644 993 643
1202 1439 1203 1438
1290 274 1291 275
349 554 350 553
1565 1509 1566 1508
1369 1246 1370 1245
140 1073 141 1072
1686 422 1687 421
371 1206 372 1205
1291 135 1292 136
1634 911 1635 912
110 451 111 450
471 656 472 655
755 1338 756 1337
1868 1776 1869 1777
1391 1739 1392 1738
1625 922 1626 921
1579 1794 1580 1793
526 1530 527 1529
720 1114 721 1113
1989 1864 1990 1863
1325 584 1326 585
1070 335 1071 334
1010 290 1011 291
841 413 842 412
1814 869 1815 868
554 1934 555 1935
1466 1718 1467 1719
371 1794 372 1793
1637 592 1638 591
1400 125 1401 124
879 1016 880 1015
871 896 872 895
339 1397 340 1396
584 1944 585 1945
96 1535 97 1534
46 1027 47 1026
767 954 768 953
1374 1977 1375 1976
786 1168 787 1167
849 1659 850 1660
1072 1743 1073 1744
305 260 306 261
1374 1301 1375 1300
1046 669 1047 670
702 1968 703 1969
99 1605 100 1604
1911 1317 1912 1316
572 837 573 836
744 527 745 528
437 1113 438 1114
1203 689 1204 688
1643 1658 1644 1659
1751 1342 1752 1343
1714 1626 1715 1627
1727 563 1728 564
291 1598 292 1599
706 929 707 928
490 1815 491 1816
781 232 782 233
659 1308 660 1307
1162 159 1163 160
1989 436 1990 435
494 1604 495 1605
1216 320 1217 321
264 345 265 344
256 1517 257 1518
1766 324 1767 325
414 922 415 921
412 955 413 956
281 148 282 149
40 205 41 206
722 591 723 592
1345 690 1346 691
732 1777 733 1776
1259 662 1260 661
1457 1236 1458 1235
657 147 658 148
812 25 813 26
688 1823 689 1824
1325 607 1326 606
854 912 855 911
1129 592 1130 591
335 560 336 559
553 32 554 33
170 1164 171 1163
1966 991 1967 992
279 90 280 89
1755 408 1756 407
143 761 144 760
1128 962 1129 961
431 1798 432 1797
1989 2 1990 3
1194 814 1195 815
786 540 787 541
394 603 395 602
1147 289 1148 288
1579 146 1580 147
1051 84 1052 83
1347 1800 1348 1799
1455 900 1456 901
1568 754 1569 753
994 1882 995 1881
697 1184 698 1183
99 408 100 409
591 1809 592 1810
1865 83 1866 84
900 1095 901 1094
1409 1045 1410 1046
1847 368 1848 369
931 84 932 85
1210 1350 1211 1349
1405 1513 1406 1512
1542 172 1543 171
247 1865 248 1866
1693 1013 1694 1014
40 1714 41 1715
611 1797 612 1798
80 78 81 77
1464 754 1465 753
507 451 508 452
108 1505 109 1504
358 911 359 912
1668 109 1669 110
1863 1247 1864 1246
73 1047 74 1046
904 613 905 614
1783 41 1784 42
1014 478 1015 479
871 454 872 455
1001 1859 1002 1860
1801 1370 1802 1369
330 303 331 302
1216 1264 1217 1263
1129 1769 1130 1768
1544 1564 1545 1563
1481 1248 1482 1249
1647 814 1648 815
437 84 438 85
1353 1509 1354 1508
1650 1160 1651 1159
1209 1279 1210 1278
665 1508 666 1507
1457 947 1458 946
1672 384 1673 385
447 791 448 792
1774 1806 1775 1807
1340 1358 1341 1357
185 792 186 791
839 1799 840 1800
99 233 100 232
1717 1741 1718 1742
1222 130 1223 129
513 1113 514 1114
1061 1247 1062 1248
1043 408 1044 407
431 132 432 131
167 1343 168 1342
1828 862 1829 861
1833 997 1834 996
1528 1913 1529 1912
1089 98 1090 99
532 1090 533 1091
96 70 97 69
1455 1358 1456 1357
895 1759 896 1758
394 98 395 99
1112 1076 1113 1075
466 369 467 368
1194 906 1195 905
422 1568 423 1567
1482 1944 1483 1945
257 561 258 560
611 3 612 2
1219 425 1220 426
495 773 496 774
106 1942 107 1941
1580 1613 1581 1614
833 1827 834 1826
1613 1205 1614 1206
1592 1319 1593 1318
1710 848 1711 847
610 1289 611 1290
1147 289 1148 288
1984 634 1985 635
106 1963 107 1964
369 1951 370 1952
1194 1662 1195 1661
680 422 681 423
771 461 772 460
1078 1739 1079 1738
1014 322 1015 321
857 1933 858 1932
1234 919 1235 920
907 1280 908 1281
529 302 530 301
1634 356 1635 357
1209 769 1210 770
1156 870 1157 869
1002 1116 1003 1115
315 1246 316 1245
339 624 340 625
96 1242 97 1243
1266 41 1267 42
476 1328 477 1327
1759 239 1760 238
253 1047 254 1046
1647 1162 1648 1163
1400 1934 1401 1935
1401 148 1402 149
181 1824 182 1823
490 882 491 883
907 753 908 754
335 1403 336 1402
1733 540 1734 541
1245 541 1246 540
1265 452 1266 451
153 1113 154 1112
163 762 164 761
745 1063 746 1064
476 669 477 670
385 1326 386 1327
371 590 372 589
757 188 758 187
1010 1848 1011 1847
1097 1160 1098 1159
120 1111 121 1110
586 1764 587 1765
279 669 280 670
1501 276 1502 275
645 437 646 436
910 181 911 180
1060 1189 1061 1188
1123 962 1124 961
674 1513 675 1512
213 994 214 993
70 1246 71 1247
247 1026 248 1025
1814 553 1815 552
188 334 189 333
293 430 294 429
286 761 287 760
904 133 905 132
294 1064 295 1063
1929 1827 1930 1826
1502 588 1503 587
1663 1028 1664 1029
1762 1815 1763 1816
1164 1891 1165 1892
706 1112 707 1113
351 1411 352 1412
1593 276 1594 277
1865 1016 1866 1017
1319 1847 1320 1848
85 1460 86 1459
718 396 719 395
358 1331 359 1332
1663 450 1664 451
1255 560 1256 561
1103 1865 1104 1866
699 1283 700 1282
251 1625 252 1626
1634 1534 1635 1535
264 180 265 181
632 354 633 353
1601 48 1602 49
1259 1099 1260 1100
1627 1666 1628 1667
430 1119 431 1120
1313 897 1314 896
490 1442 491 1441
1334 1540 1335 1539
1050 1097 1051 1096
73 70 74 69
459 726 460 727
1008 642 1009 643
1614 1540 1615 1539
49 932 50 933
1298 369 1299 368
590 1083 591 1084
1427 1503 1428 1504
50 198 51 199
129 6 130 7
670 1535 671 1534
1553 1112 1554 1113
1798 1328 1799 1327
1702 1987 1703 1986
1713 547 1714 546
1816 616 1817 615
294 546 295 547
1400 1823 1401 1824
601 1721 602 1722
524 331 525 330
623 816 624 817
1743 1346 1744 1347
52 716 53 715
1785 727 1786 726
80 753 81 754
302 280 303 279
1762 9 1763 10
573 783 574 782
573 1928 574 1927
46 87 47 88
1762 1099 1763 1100
1929 1175 1930 1174
1336 1454 1337 1453
106 1839 107 1840
1643 1578 1644 1579
738 624 739 625
905 932 906 933
904 703 905 702
1604 1806 1605 1807
1466 1642 1467 1641
1364 1671 1365 1672
992 1719 993 1718
283 560 284 559
1739 1507 1740 1508
494 737 495 738
247 1232 248 1231
340 759 341 758
1457 1864 1458 1863
857 501 858 500
854 514 855 513
1513 1110 1514 1111
181 644 182 643
1746 1025 1747 1026
573 483 574 484
1496 408 1497 409
264 345 265 344
1304 73 1305 72
1282 1088 1283 1087
569 1558 570 1557
459 624 460 625
265 432 266 431
1188 322 1189 321
1733 561 1734 560
506 843 507 844
1155 1892 1156 1891
527 408 528 407
4 1860 5 1859
1505 1232 1506 1231
1613 19 1614 20
568 830 569 829
52 1916 53 1917
950 352 951 351
720 688 721 689
674 524 675 525
1579 501 1580 500
1625 1799 1626 1798
1344 770 1345 769
1582 1673 1583 1674
259 759 260 758
1290 1759 1291 1758
1605 721 1606 722
740 560 741 561
532 1307 533 1308
1100 1266 1101 1265
1046 1349 1047 1350
1406 321 1407 322
811 690 812 689
273 130 274 129
219 185 220 186
108 148 109 149
786 1409 787 1410
726 701 727 700
526 134 527 133
1689 1591 1690 1590
1105 551 1106 550
1164 480 1165 481
1147 717 1148 716
1338 1853 1339 1854
1408 43 1409 44
137 1247 138 1246
625 714 626 715
821 1539 822 1540
638 422 639 421
818 1099 819 1100
1043 1306 1044 1307
319 702 320 701
167 431 168 432
1105 1281 1106 1280
1733 1278 1734 1277
854 1542 855 1541
34 1769 35 1768
418 753 419 754
706 20 707 19
1210 1106 1211 1105
1686 749 1687 748
1604 1251 1605 1252
910 1372 911 1373
1050 987 1051 986
1421 83 1422 84
1647 288 1648 289
1332 283 1333 282
1364 1778 1365 1777
1590 1868 1591 1869
570 1461 571 1462
459 1468 460 1469
1874 502 1875 503
291 1261 292 1260
1607 895 1608 896
1578 1535 1579 1534
1963 545 1964 546
1604 777 1605 776
310 749 311 748
1863 936 1864 937
62 505 63 504
763 1754 764 1755
1221 312 1222 311
821 989 822 990
1001 1396 1002 1397
931 1937 932 1938
795 1016 796 1017
656 827 657 826
1933 1017 1934 1016
281 1512 282 1513
781 300 782 299
1667 1026 1668 1027
812 1522 813 1523
572 1932 573 1933
127 1687 128 1686
1762 700 1763 701
1216 1103 1217 1102
1366 1277 1367 1278
1408 423 1409 422
524 943 525 942
52 957 53 958
920 401 921 400
871 79 872 78
1129 100 1130 99
1577 1159 1578 1160
349 96 350 97
1739 955 1740 956
1578 1052 1579 1053
1597 52 1598 51
1774 1987 1775 1988
835 1120 836 1119
1680 288 1681 287
733 320 734 321
1385 1847 1386 1848
334 991 335 992
763 97 764 96
491 508 492 507
1221 415 1222 416
954 1096 955 1095
1340 69 1341 70
1528 901 1529 900
231 816 232 817
1357 1962 1358 1961
819 1281 820 1280
1390 813 1391 812
1910 1112 1911 1111
417 39 418 38
528 769 529 768
894 1461 895 1460
786 1003 787 1002
430 235 431 234
852 324 853 323
1344 1513 1345 1512
1673 847 1674 848
1010 44 1011 43
437 716 438 715
720 363 721 364
1570 580 1571 581
1464 721 1465 720
1432 454 1433 453
732 814 733 815
812 1551 813 1552
513 7 514 6
572 1676 573 1675
1577 513 1578 514
900 330 901 331
540 1054 541 1053
1489 717 1490 716
559 1460 560 1459
1459 300 1460 299
96 469 97 470
1439 1015 1440 1014
1668 1842 1669 1841
648 1205 649 1206
1209 1306 1210 1307
926 1676 927 1675
1553 1743 1554 1744
1553 543 1554 544
1707 714 1708 715
1714 1949 1715 1948
1576 1738 1577 1739
459 906 460 905
733 524 734 525
1062 1705 1063 1706
284 1263 285 1264
518 1863 519 1864
1577 1483 1578 1484
335 134 336 135
1010 946 1011 947
1004 581 1005 580
870 1605 871 1606
1816 1038 1817 1037
1418 1020 1419 1021
877 1823 878 1822
1446 766 1447 765
1992 1557 1993 1558
167 1483 168 1484
950 1054 951 1053
1662 1789 1663 1788
1513 255 1514 256
1353 1507 1354 1508
623 1168 624 1167
1789 813 1790 812
877 643 878 642
73 1494 74 1493
1574 312 1575 313
550 166 551 167
422 1163 423 1162
269 1771 270 1770
1374 63 1375 62
1105 41 1106 42
1539 1735 1540 1734
610 1175 611 1174
1364 451 1365 450
781 457 782 458
1194 989 1195 990
1816 9 1817 8
53 1777 54 1776
1389 620 1390 621
1344 774 1345 773
1628 84 1629 83
1518 979 1519 978
947 1975 948 1976
1496 862 1497 861
1266 754 1267 753
284 1895 285 1896
1707 621 1708 620
281 1797 282 1798
1503 1036 1504 1035
1271 849 1272 848
576 362 577 363
1536 1053 1537 1054
318 1571 319 1570
205 902 206 901
582 966 583 965
1423 1462 1424 1461
3 597 4 596
1181 1013 1182 1012
1376 619 1377 620
1873 1362 1874 1363
1576 1564 1577 1563
718 1541 719 1542
283 1017 284 1016
1542 394 1543 393
1577 1661 1578 1662
62 451 63 450
50 1504 51 1505
1203 1734 1204 1735
253 79 254 78
1707 1790 1708 1789
1553 1045 1554 1046
424 159 425 160
1910 616 1911 615
1716 1731 1717 1732
219 322 220 321
1992 38 1993 39
625 38 626 39
408 199 409 198
1982 390 1983 389
430 252 431 251
181 1706 182 1705
1114 1734 1115 1735
603 1662 604 1661
656 48 657 47
311 1788 312 1787
957 1916 958 1915
1012 1172 1013 1173
1294 901 1295 900
11 1094 12 1095
1662 1599 1663 1598
1050 39 1051 38
1924 259 1925 258
111 1052 112 1053
1523 8 1524 7
1199 167 1200 166
471 395 472 396
1294 1535 1295 1534
255 1741 256 1742
680 1261 681 1260
1906 334 1907 335
926 62 927 63
522 38 523 39
778 388 779 389
448 1523 449 1524
1574 919 1575 920
279 384 280 385
465 217 466 216
153 599 154 598
1334 1500 1335 1501
1592 216 1593 217
838 1912 839 1913
1376 1860 1377 1859
1043 159 1044 160
231 1563 232 1564
185 715 186 714
283 422 284 421
1584 1567 1585 1568
264 615 265 616
70 275 71 274
497 1599 498 1598
281 1036 282 1037
873 669 874 670
789 94 790 95
1123 1756 1124 1757
433 540 434 541
550 1194 551 1195
506 46 507 47
1664 1823 1665 1824
1334 1644 1335 1645
1479 273 1480 274
893 1058 894 1059
408 541 409 540
1146 590 1147 589
1070 1722 1071 1721
244 606 245 607
1489 1770 1490 1769
167 1194 168 1195
414 228 415 227
776 1096 777 1097
1009 1868 1010 1869
1129 130 1130 129
255 1976 256 1977
738 1522 739 1523
1717 771 1718 772
1089 1461 1090 1462
1946 1352 1947 1353
1409 1734 1410 1735
1165 421 1166 422
1164 1853 1165 1854
1012 1346 1013 1347
1391 1807 1392 1806
753 667 754 668
1541 1765 1542 1766
1364 620 1365 621
608 1504 609 1505
1101 1968 1102 1969
1387 235 1388 234
776 1540 777 1539
1340 333 1341 334
1050 1102 1051 1103
1732 993 1733 994
494 20 495 19
284 387 285 386
891 1258 892 1257
302 1976 303 1975
582 1986 583 1987
1459 1373 1460 1372
219 1270 220 1271
1165 980 1166 981
189 667 190 666
249 740 250 739
1001 1757 1002 1756
1234 132 1235 131
1754 1230 1755 1229
931 787 932 786
786 1274 787 1273
1964 1002 1965 1003
269 421 270 422
166 765 167 766
1162 1218 1163 1217
1161 1250 1162 1249
1979 1862 1980 1863
1280 1627 1281 1626
1439 900 1440 901
522 1159 523 1160
1188 78 1189 79
1948 407 1949 408
1539 1604 1540 1603
67 1778 68 1777
1979 608 1980 609
1389 1744 1390 1743
1401 432 1402 431
393 96 394 97
1142 345 1143 344
1569 1239 1570 1240
674 727 675 726
513 1937 514 1938
315 41 316 42
1783 994 1784 993
1427 487 1428 488
1065 792 1066 791
842 1941 843 1942
1594 731 1595 732
740 817 741 816
1199 1928 1200 1927
1304 637 1305 636
273 8 274 9
4 227 5 228
1659 265 1660 266
1686 480 1687 481
251 580 252 581
1446 1806 1447 1807
506 1409 507 1410
318 1100 319 1099
1920 734 1921 733
1650 1421 1651 1422
65 217 66 218
1103 1863 1104 1864
962 1326 963 1327
1150 769 1151 770
46 507 47 508
255 479 256 478
1579 592 1580 591
300 1797 301 1798
910 44 911 43
1010 1235 1011 1236
268 915 269 914
1392 1863 1393 1862
1865 607 1866 606
256 1734 257 1735
1203 41 1204 42
1548 25 1549 26
1216 1570 1217 1571
774 1332 775 1331
40 737 41 738
420 550 421 551
1482 257 1483 258
711 1206 712 1207
506 1319 507 1318
1374 1509 1375 1508
474 1017 475 1016
1667 753 1668 754
950 1978 951 1977
1131 1848 1132 1849
1203 1487 1204 1486
1194 1928 1195 1927
1114 561 1115 560
680 1590 681 1591
1948 772 1949 771
1369 1310 1370 1311
349 1076 350 1075
1929 503 1930 502
1736 1739 1737 1738
1219 1430 1220 1429
1752 1667 1753 1666
200 1111 201 1110
269 252 270 251
1816 199 1817 198
1408 300 1409 299
96 1102 97 1103
650 1754 651 1755
821 10 822 9
1746 1789 1747 1788
1466 331 1467 330
540 216 541 217
775 256 776 255
1944 450 1945 451
564 1335 565 1334
424 299 425 300
163 702 164 701
228 4 229 5
733 1927 734 1928
253 1843 254 1844
763 288 764 289
1016 1568 1017 1567
761 466 762 465
781 642 782 643
506 869 507 868
408 500 409 501
1032 702 1033 701
1612 4 1613 3
590 1319 591 1318
1245 584 1246 585
1774 1605 1775 1604
774 186 775 185
916 829 917 828
408 111 409 110
542 1647 543 1648
1421 500 1422 501
659 1942 660 1941
1544 1706 1545 1705
1294 688 1295 689
1748 273 1749 274
1194 1075 1195 1076
106 619 107 620
1584 391 1585 390
1427 1173 1428 1172
710 1347 711 1346
1545 26 1546 25
1746 85 1747 86
1375 330 1376 331
4 32 5 33
576 232 577 233
1933 1070 1934 1071
818 609 819 608
352 1392 353 1391
385 1652 386 1651
638 1588 639 1587
854 681 855 680
1146 1770 1147 1771
720 1908 721 1907
94 862 95 863
1513 1036 1514 1037
789 1459 790 1460
812 1898 813 1897
1388 1319 1389 1318
820 1130 821 1131
1375 738 1376 737
1814 836 1815 837
554 702 555 703
1992 90 1993 89
1874 1610 1875 1611
1733 110 1734 111
466 1539 467 1540
688 1103 689 1102
1717 421 1718 422
502 1327 503 1326
767 749 768 748
1737 283 1738 282
814 89 815 90
1466 90 1467 89
1992 869 1993 868
