20
32 318378162
0 25014066 16006122 25014066 30346000 18739189 14523901 0 11137452 19085910 25014066 19085910 14523901 17838851 16006122 18739189 21233813 25014066 24247341 19085910 25014066 21233813 30346000 16006122 24247341 14523901 19085910 14523901 30346000 17838851 17838851 11137452
25014066 0 12746625 0 27917191 23083278 12095092 25014066 15481541 5928156 0 5928156 12095092 22182940 12746625 23083278 13937036 0 16950564 5928156 0 13937036 27917191 12746625 16950564 12095092 5928156 12095092 27917191 22182940 22182940 15481541
16006122 12746625 0 12746625 24077218 12470407 8255119 16006122 4868670 6818469 12746625 6818469 8255119 11570069 0 12470407 26683661 12746625 29697189 6818469 12746625 26683661 24077218 0 29697189 8255119 6818469 8255119 24077218 11570069 11570069 4868670
25014066 0 12746625 0 27917191 23083278 12095092 25014066 15481541 5928156 0 5928156 12095092 22182940 12746625 23083278 13937036 0 16950564 5928156 0 13937036 27917191 12746625 16950564 12095092 5928156 12095092 27917191 22182940 22182940 15481541
30346000 27917191 24077218 27917191 0 26810285 15822099 30346000 19208548 21989035 27917191 21989035 15822099 25909947 24077218 26810285 16925576 27917191 13912048 21989035 27917191 16925576 0 24077218 13912048 15822099 21989035 15822099 0 25909947 25909947 19208548
18739189 23083278 12470407 23083278 26810285 0 10988186 18739189 7601737 17155122 23083278 17155122 10988186 900338 12470407 0 22187121 23083278 25200649 17155122 23083278 22187121 26810285 12470407 25200649 10988186 17155122 10988186 26810285 900338 900338 7601737
14523901 12095092 8255119 12095092 15822099 10988186 0 14523901 3386449 6166936 12095092 6166936 0 10087848 8255119 10988186 26032128 12095092 29045656 6166936 12095092 26032128 15822099 8255119 29045656 0 6166936 0 15822099 10087848 10087848 3386449
0 25014066 16006122 25014066 30346000 18739189 14523901 0 11137452 19085910 25014066 19085910 14523901 17838851 16006122 18739189 21233813 25014066 24247341 19085910 25014066 21233813 30346000 16006122 24247341 14523901 19085910 14523901 30346000 17838851 17838851 11137452
11137452 15481541 4868670 15481541 19208548 7601737 3386449 11137452 0 9553385 15481541 9553385 3386449 6701399 4868670 7601737 29244047 15481541 26230519 9553385 15481541 29244047 19208548 4868670 26230519 3386449 9553385 3386449 19208548 6701399 6701399 0
19085910 5928156 6818469 5928156 21989035 17155122 6166936 19085910 9553385 0 5928156 0 6166936 16254784 6818469 17155122 19865192 5928156 22878720 0 5928156 19865192 21989035 6818469 22878720 6166936 0 6166936 21989035 16254784 16254784 9553385
25014066 0 12746625 0 27917191 23083278 12095092 25014066 15481541 5928156 0 5928156 12095092 22182940 12746625 23083278 13937036 0 16950564 5928156 0 13937036 27917191 12746625 16950564 12095092 5928156 12095092 27917191 22182940 22182940 15481541
19085910 5928156 6818469 5928156 21989035 17155122 6166936 19085910 9553385 0 5928156 0 6166936 16254784 6818469 17155122 19865192 5928156 22878720 0 5928156 19865192 21989035 6818469 22878720 6166936 0 6166936 21989035 16254784 16254784 9553385
14523901 12095092 8255119 12095092 15822099 10988186 0 14523901 3386449 6166936 12095092 6166936 0 10087848 8255119 10988186 26032128 12095092 29045656 6166936 12095092 26032128 15822099 8255119 29045656 0 6166936 0 15822099 10087848 10087848 3386449
17838851 22182940 11570069 22182940 25909947 900338 10087848 17838851 6701399 16254784 22182940 16254784 10087848 0 11570069 900338 23087459 22182940 26100987 16254784 22182940 23087459 25909947 11570069 26100987 10087848 16254784 10087848 25909947 0 0 6701399
16006122 12746625 0 12746625 24077218 12470407 8255119 16006122 4868670 6818469 12746625 6818469 8255119 11570069 0 12470407 26683661 12746625 29697189 6818469 12746625 26683661 24077218 0 29697189 8255119 6818469 8255119 24077218 11570069 11570069 4868670
18739189 23083278 12470407 23083278 26810285 0 10988186 18739189 7601737 17155122 23083278 17155122 10988186 900338 12470407 0 22187121 23083278 25200649 17155122 23083278 22187121 26810285 12470407 25200649 10988186 17155122 10988186 26810285 900338 900338 7601737
21233813 13937036 26683661 13937036 16925576 22187121 26032128 21233813 29244047 19865192 13937036 19865192 26032128 23087459 26683661 22187121 0 13937036 3013528 19865192 13937036 0 16925576 26683661 3013528 26032128 19865192 26032128 16925576 23087459 23087459 29244047
25014066 0 12746625 0 27917191 23083278 12095092 25014066 15481541 5928156 0 5928156 12095092 22182940 12746625 23083278 13937036 0 16950564 5928156 0 13937036 27917191 12746625 16950564 12095092 5928156 12095092 27917191 22182940 22182940 15481541
24247341 16950564 29697189 16950564 13912048 25200649 29045656 24247341 26230519 22878720 16950564 22878720 29045656 26100987 29697189 25200649 3013528 16950564 0 22878720 16950564 3013528 13912048 29697189 0 29045656 22878720 29045656 13912048 26100987 26100987 26230519
19085910 5928156 6818469 5928156 21989035 17155122 6166936 19085910 9553385 0 5928156 0 6166936 16254784 6818469 17155122 19865192 5928156 22878720 0 5928156 19865192 21989035 6818469 22878720 6166936 0 6166936 21989035 16254784 16254784 9553385
25014066 0 12746625 0 27917191 23083278 12095092 25014066 15481541 5928156 0 5928156 12095092 22182940 12746625 23083278 13937036 0 16950564 5928156 0 13937036 27917191 12746625 16950564 12095092 5928156 12095092 27917191 22182940 22182940 15481541
21233813 13937036 26683661 13937036 16925576 22187121 26032128 21233813 29244047 19865192 13937036 19865192 26032128 23087459 26683661 22187121 0 13937036 3013528 19865192 13937036 0 16925576 26683661 3013528 26032128 19865192 26032128 16925576 23087459 23087459 29244047
30346000 27917191 24077218 27917191 0 26810285 15822099 30346000 19208548 21989035 27917191 21989035 15822099 25909947 24077218 26810285 16925576 27917191 13912048 21989035 27917191 16925576 0 24077218 13912048 15822099 21989035 15822099 0 25909947 25909947 19208548
16006122 12746625 0 12746625 24077218 12470407 8255119 16006122 4868670 6818469 12746625 6818469 8255119 11570069 0 12470407 26683661 12746625 29697189 6818469 12746625 26683661 24077218 0 29697189 8255119 6818469 8255119 24077218 11570069 11570069 4868670
24247341 16950564 29697189 16950564 13912048 25200649 29045656 24247341 26230519 22878720 16950564 22878720 29045656 26100987 29697189 25200649 3013528 16950564 0 22878720 16950564 3013528 13912048 29697189 0 29045656 22878720 29045656 13912048 26100987 26100987 26230519
14523901 12095092 8255119 12095092 15822099 10988186 0 14523901 3386449 6166936 12095092 6166936 0 10087848 8255119 10988186 26032128 12095092 29045656 6166936 12095092 26032128 15822099 8255119 29045656 0 6166936 0 15822099 10087848 10087848 3386449
19085910 5928156 6818469 5928156 21989035 17155122 6166936 19085910 9553385 0 5928156 0 6166936 16254784 6818469 17155122 19865192 5928156 22878720 0 5928156 19865192 21989035 6818469 22878720 6166936 0 6166936 21989035 16254784 16254784 9553385
14523901 12095092 8255119 12095092 15822099 10988186 0 14523901 3386449 6166936 12095092 6166936 0 10087848 8255119 10988186 26032128 12095092 29045656 6166936 12095092 26032128 15822099 8255119 29045656 0 6166936 0 15822099 10087848 10087848 3386449
30346000 27917191 24077218 27917191 0 26810285 15822099 30346000 19208548 21989035 27917191 21989035 15822099 25909947 24077218 26810285 16925576 27917191 13912048 21989035 27917191 16925576 0 24077218 13912048 15822099 21989035 15822099 0 25909947 25909947 19208548
17838851 22182940 11570069 22182940 25909947 900338 10087848 17838851 6701399 16254784 22182940 16254784 10087848 0 11570069 900338 23087459 22182940 26100987 16254784 22182940 23087459 25909947 11570069 26100987 10087848 16254784 10087848 25909947 0 0 6701399
17838851 22182940 11570069 22182940 25909947 900338 10087848 17838851 6701399 16254784 22182940 16254784 10087848 0 11570069 900338 23087459 22182940 26100987 16254784 22182940 23087459 25909947 11570069 26100987 10087848 16254784 10087848 25909947 0 0 6701399
11137452 15481541 4868670 15481541 19208548 7601737 3386449 11137452 0 9553385 15481541 9553385 3386449 6701399 4868670 7601737 29244047 15481541 26230519 9553385 15481541 29244047 19208548 4868670 26230519 3386449 9553385 3386449 19208548 6701399 6701399 0
35 583611609
0 30497775 31818447 30497775 12349499 31422835 18817745 31675142 31675142 21225528 29599038 31422835 30497775 39485149 39485149 39485149 18817745 31422835 39485149 18817745 39485149 22130652 30497775 12349499 31818447 31675142 31675142 31422835 18817745 18817745 31675142 30497775 39485149 18817745 12349499
30497775 0 29629132 0 26539221 24334508 32515868 29485827 29485827 9272247 27409723 24334508 0 39389052 39389052 39389052 32515868 24334508 39389052 32515868 39389052 41243028 0 26539221 29629132 29485827 29485827 24334508 32515868 32515868 29485827 0 39389052 32515868 26539221
31818447 29629132 0 29629132 19468948 31855207 14953261 4295513 4295513 20356885 2219409 31855207 29629132 35620665 35620665 35620665 14953261 31855207 35620665 14953261 35620665 16052714 29629132 19468948 0 4295513 4295513 31855207 14953261 14953261 4295513 29629132 35620665 14953261 19468948
30497775 0 29629132 0 26539221 24334508 32515868 29485827 29485827 9272247 27409723 24334508 0 39389052 39389052 39389052 32515868 24334508 39389052 32515868 39389052 41243028 0 26539221 29629132 29485827 29485827 24334508 32515868 32515868 29485827 0 39389052 32515868 26539221
12349499 26539221 19468948 26539221 0 19073336 6468246 19325643 19325643 33575027 17249539 19073336 26539221 27135650 27135650 27135650 6468246 19073336 27135650 6468246 27135650 31082844 26539221 0 19468948 19325643 19325643 19073336 6468246 6468246 19325643 26539221 27135650 6468246 0
31422835 24334508 31855207 24334508 19073336 0 25541582 31711902 31711902 15062261 29635798 0 24334508 45179066 45179066 45179066 25541582 0 45179066 25541582 45179066 37788259 24334508 19073336 31855207 31711902 31711902 0 25541582 25541582 31711902 24334508 45179066 25541582 19073336
18817745 32515868 14953261 32515868 6468246 25541582 0 19248774 19248774 35310146 17172670 25541582 32515868 20667404 20667404 20667404 0 25541582 20667404 0 20667404 31005975 32515868 6468246 14953261 19248774 19248774 25541582 0 0 19248774 32515868 20667404 0 6468246
31675142 29485827 4295513 29485827 19325643 31711902 19248774 0 0 20213580 2076104 31711902 29485827 37553017 37553017 37553017 19248774 31711902 37553017 19248774 37553017 15909409 29485827 19325643 4295513 0 0 31711902 19248774 19248774 0 29485827 37553017 19248774 19325643
31675142 29485827 4295513 29485827 19325643 31711902 19248774 0 0 20213580 2076104 31711902 29485827 37553017 37553017 37553017 19248774 31711902 37553017 19248774 37553017 15909409 29485827 19325643 4295513 0 0 31711902 19248774 19248774 0 29485827 37553017 19248774 19325643
21225528 9272247 20356885 9272247 33575027 15062261 35310146 20213580 20213580 0 18137476 15062261 9272247 30116805 30116805 30116805 35310146 15062261 30116805 35310146 30116805 31970781 9272247 33575027 20356885 20213580 20213580 15062261 35310146 35310146 20213580 9272247 30116805 35310146 33575027
29599038 27409723 2219409 27409723 17249539 29635798 17172670 2076104 2076104 18137476 0 29635798 27409723 37840074 37840074 37840074 17172670 29635798 37840074 17172670 37840074 13833305 27409723 17249539 2219409 2076104 2076104 29635798 17172670 17172670 2076104 27409723 37840074 17172670 17249539
31422835 24334508 31855207 24334508 19073336 0 25541582 31711902 31711902 15062261 29635798 0 24334508 45179066 45179066 45179066 25541582 0 45179066 25541582 45179066 37788259 24334508 19073336 31855207 31711902 31711902 0 25541582 25541582 31711902 24334508 45179066 25541582 19073336
30497775 0 29629132 0 26539221 24334508 32515868 29485827 29485827 9272247 27409723 24334508 0 39389052 39389052 39389052 32515868 24334508 39389052 32515868 39389052 41243028 0 26539221 29629132 29485827 29485827 24334508 32515868 32515868 29485827 0 39389052 32515868 26539221
39485149 39389052 35620665 39389052 27135650 45179066 20667404 37553017 37553017 30116805 37840074 45179066 39389052 0 0 0 20667404 45179066 0 20667404 0 39373067 39389052 27135650 35620665 37553017 37553017 45179066 20667404 20667404 37553017 39389052 0 20667404 27135650
39485149 39389052 35620665 39389052 27135650 45179066 20667404 37553017 37553017 30116805 37840074 45179066 39389052 0 0 0 20667404 45179066 0 20667404 0 39373067 39389052 27135650 35620665 37553017 37553017 45179066 20667404 20667404 37553017 39389052 0 20667404 27135650
39485149 39389052 35620665 39389052 27135650 45179066 20667404 37553017 37553017 30116805 37840074 45179066 39389052 0 0 0 20667404 45179066 0 20667404 0 39373067 39389052 27135650 35620665 37553017 37553017 45179066 20667404 20667404 37553017 39389052 0 20667404 27135650
18817745 32515868 14953261 32515868 6468246 25541582 0 19248774 19248774 35310146 17172670 25541582 32515868 20667404 20667404 20667404 0 25541582 20667404 0 20667404 31005975 32515868 6468246 14953261 19248774 19248774 25541582 0 0 19248774 32515868 20667404 0 6468246
31422835 24334508 31855207 24334508 19073336 0 25541582 31711902 31711902 15062261 29635798 0 24334508 45179066 45179066 45179066 25541582 0 45179066 25541582 45179066 37788259 24334508 19073336 31855207 31711902 31711902 0 25541582 25541582 31711902 24334508 45179066 25541582 19073336
39485149 39389052 35620665 39389052 27135650 45179066 20667404 37553017 37553017 30116805 37840074 45179066 39389052 0 0 0 20667404 45179066 0 20667404 0 39373067 39389052 27135650 35620665 37553017 37553017 45179066 20667404 20667404 37553017 39389052 0 20667404 27135650
18817745 32515868 14953261 32515868 6468246 25541582 0 19248774 19248774 35310146 17172670 25541582 32515868 20667404 20667404 20667404 0 25541582 20667404 0 20667404 31005975 32515868 6468246 14953261 19248774 19248774 25541582 0 0 19248774 32515868 20667404 0 6468246
39485149 39389052 35620665 39389052 27135650 45179066 20667404 37553017 37553017 30116805 37840074 45179066 39389052 0 0 0 20667404 45179066 0 20667404 0 39373067 39389052 27135650 35620665 37553017 37553017 45179066 20667404 20667404 37553017 39389052 0 20667404 27135650
22130652 41243028 16052714 41243028 31082844 37788259 31005975 15909409 15909409 31970781 13833305 37788259 41243028 39373067 39373067 39373067 31005975 37788259 39373067 31005975 39373067 0 41243028 31082844 16052714 15909409 15909409 37788259 31005975 31005975 15909409 41243028 39373067 31005975 31082844
30497775 0 29629132 0 26539221 24334508 32515868 29485827 29485827 9272247 27409723 24334508 0 39389052 39389052 39389052 32515868 24334508 39389052 32515868 39389052 41243028 0 26539221 29629132 29485827 29485827 24334508 32515868 32515868 29485827 0 39389052 32515868 26539221
12349499 26539221 19468948 26539221 0 19073336 6468246 19325643 19325643 33575027 17249539 19073336 26539221 27135650 27135650 27135650 6468246 19073336 27135650 6468246 27135650 31082844 26539221 0 19468948 19325643 19325643 19073336 6468246 6468246 19325643 26539221 27135650 6468246 0
31818447 29629132 0 29629132 19468948 31855207 14953261 4295513 4295513 20356885 2219409 31855207 29629132 35620665 35620665 35620665 14953261 31855207 35620665 14953261 35620665 16052714 29629132 19468948 0 4295513 4295513 31855207 14953261 14953261 4295513 29629132 35620665 14953261 19468948
31675142 29485827 4295513 29485827 19325643 31711902 19248774 0 0 20213580 2076104 31711902 29485827 37553017 37553017 37553017 19248774 31711902 37553017 19248774 37553017 15909409 29485827 19325643 4295513 0 0 31711902 19248774 19248774 0 29485827 37553017 19248774 19325643
31675142 29485827 4295513 29485827 19325643 31711902 19248774 0 0 20213580 2076104 31711902 29485827 37553017 37553017 37553017 19248774 31711902 37553017 19248774 37553017 15909409 29485827 19325643 4295513 0 0 31711902 19248774 19248774 0 29485827 37553017 19248774 19325643
31422835 24334508 31855207 24334508 19073336 0 25541582 31711902 31711902 15062261 29635798 0 24334508 45179066 45179066 45179066 25541582 0 45179066 25541582 45179066 37788259 24334508 19073336 31855207 31711902 31711902 0 25541582 25541582 31711902 24334508 45179066 25541582 19073336
18817745 32515868 14953261 32515868 6468246 25541582 0 19248774 19248774 35310146 17172670 25541582 32515868 20667404 20667404 20667404 0 25541582 20667404 0 20667404 31005975 32515868 6468246 14953261 19248774 19248774 25541582 0 0 19248774 32515868 20667404 0 6468246
18817745 32515868 14953261 32515868 6468246 25541582 0 19248774 19248774 35310146 17172670 25541582 32515868 20667404 20667404 20667404 0 25541582 20667404 0 20667404 31005975 32515868 6468246 14953261 19248774 19248774 25541582 0 0 19248774 32515868 20667404 0 6468246
31675142 29485827 4295513 29485827 19325643 31711902 19248774 0 0 20213580 2076104 31711902 29485827 37553017 37553017 37553017 19248774 31711902 37553017 19248774 37553017 15909409 29485827 19325643 4295513 0 0 31711902 19248774 19248774 0 29485827 37553017 19248774 19325643
30497775 0 29629132 0 26539221 24334508 32515868 29485827 29485827 9272247 27409723 24334508 0 39389052 39389052 39389052 32515868 24334508 39389052 32515868 39389052 41243028 0 26539221 29629132 29485827 29485827 24334508 32515868 32515868 29485827 0 39389052 32515868 26539221
39485149 39389052 35620665 39389052 27135650 45179066 20667404 37553017 37553017 30116805 37840074 45179066 39389052 0 0 0 20667404 45179066 0 20667404 0 39373067 39389052 27135650 35620665 37553017 37553017 45179066 20667404 20667404 37553017 39389052 0 20667404 27135650
18817745 32515868 14953261 32515868 6468246 25541582 0 19248774 19248774 35310146 17172670 25541582 32515868 20667404 20667404 20667404 0 25541582 20667404 0 20667404 31005975 32515868 6468246 14953261 19248774 19248774 25541582 0 0 19248774 32515868 20667404 0 6468246
12349499 26539221 19468948 26539221 0 19073336 6468246 19325643 19325643 33575027 17249539 19073336 26539221 27135650 27135650 27135650 6468246 19073336 27135650 6468246 27135650 31082844 26539221 0 19468948 19325643 19325643 19073336 6468246 6468246 19325643 26539221 27135650 6468246 0
32 999916680
0 377714943 377714943 0 377714943 0 0 0 0 971248613 971248613 971248613 377714943 377714943 0 0 971248613 377714943 971248613 377714943 971248613 971248613 971248613 971248613 377714943 971248613 971248613 377714943 971248613 971248613 377714943 377714943
377714943 0 0 377714943 0 377714943 377714943 377714943 377714943 701444926 701444926 701444926 0 0 377714943 377714943 701444926 0 701444926 0 701444926 701444926 701444926 701444926 0 701444926 701444926 0 701444926 701444926 0 0
377714943 0 0 377714943 0 377714943 377714943 377714943 377714943 701444926 701444926 701444926 0 0 377714943 377714943 701444926 0 701444926 0 701444926 701444926 701444926 701444926 0 701444926 701444926 0 701444926 701444926 0 0
0 377714943 377714943 0 377714943 0 0 0 0 971248613 971248613 971248613 377714943 377714943 0 0 971248613 377714943 971248613 377714943 971248613 971248613 971248613 971248613 377714943 971248613 971248613 377714943 971248613 971248613 377714943 377714943
377714943 0 0 377714943 0 377714943 377714943 377714943 377714943 701444926 701444926 701444926 0 0 377714943 377714943 701444926 0 701444926 0 701444926 701444926 701444926 701444926 0 701444926 701444926 0 701444926 701444926 0 0
0 377714943 377714943 0 377714943 0 0 0 0 971248613 971248613 971248613 377714943 377714943 0 0 971248613 377714943 971248613 377714943 971248613 971248613 971248613 971248613 377714943 971248613 971248613 377714943 971248613 971248613 377714943 377714943
0 377714943 377714943 0 377714943 0 0 0 0 971248613 971248613 971248613 377714943 377714943 0 0 971248613 377714943 971248613 377714943 971248613 971248613 971248613 971248613 377714943 971248613 971248613 377714943 971248613 971248613 377714943 377714943
0 377714943 377714943 0 377714943 0 0 0 0 971248613 971248613 971248613 377714943 377714943 0 0 971248613 377714943 971248613 377714943 971248613 971248613 971248613 971248613 377714943 971248613 971248613 377714943 971248613 971248613 377714943 377714943
0 377714943 377714943 0 377714943 0 0 0 0 971248613 971248613 971248613 377714943 377714943 0 0 971248613 377714943 971248613 377714943 971248613 971248613 971248613 971248613 377714943 971248613 971248613 377714943 971248613 971248613 377714943 377714943
971248613 701444926 701444926 971248613 701444926 971248613 971248613 971248613 971248613 0 0 0 701444926 701444926 971248613 971248613 0 701444926 0 701444926 0 0 0 0 701444926 0 0 701444926 0 0 701444926 701444926
971248613 701444926 701444926 971248613 701444926 971248613 971248613 971248613 971248613 0 0 0 701444926 701444926 971248613 971248613 0 701444926 0 701444926 0 0 0 0 701444926 0 0 701444926 0 0 701444926 701444926
971248613 701444926 701444926 971248613 701444926 971248613 971248613 971248613 971248613 0 0 0 701444926 701444926 971248613 971248613 0 701444926 0 701444926 0 0 0 0 701444926 0 0 701444926 0 0 701444926 701444926
377714943 0 0 377714943 0 377714943 377714943 377714943 377714943 701444926 701444926 701444926 0 0 377714943 377714943 701444926 0 701444926 0 701444926 701444926 701444926 701444926 0 701444926 701444926 0 701444926 701444926 0 0
377714943 0 0 377714943 0 377714943 377714943 377714943 377714943 701444926 701444926 701444926 0 0 377714943 377714943 701444926 0 701444926 0 701444926 701444926 701444926 701444926 0 701444926 701444926 0 701444926 701444926 0 0
0 377714943 377714943 0 377714943 0 0 0 0 971248613 971248613 971248613 377714943 377714943 0 0 971248613 377714943 971248613 377714943 971248613 971248613 971248613 971248613 377714943 971248613 971248613 377714943 971248613 971248613 377714943 377714943
0 377714943 377714943 0 377714943 0 0 0 0 971248613 971248613 971248613 377714943 377714943 0 0 971248613 377714943 971248613 377714943 971248613 971248613 971248613 971248613 377714943 971248613 971248613 377714943 971248613 971248613 377714943 377714943
971248613 701444926 701444926 971248613 701444926 971248613 971248613 971248613 971248613 0 0 0 701444926 701444926 971248613 971248613 0 701444926 0 701444926 0 0 0 0 701444926 0 0 701444926 0 0 701444926 701444926
377714943 0 0 377714943 0 377714943 377714943 377714943 377714943 701444926 701444926 701444926 0 0 377714943 377714943 701444926 0 701444926 0 701444926 701444926 701444926 701444926 0 701444926 701444926 0 701444926 701444926 0 0
971248613 701444926 701444926 971248613 701444926 971248613 971248613 971248613 971248613 0 0 0 701444926 701444926 971248613 971248613 0 701444926 0 701444926 0 0 0 0 701444926 0 0 701444926 0 0 701444926 701444926
377714943 0 0 377714943 0 377714943 377714943 377714943 377714943 701444926 701444926 701444926 0 0 377714943 377714943 701444926 0 701444926 0 701444926 701444926 701444926 701444926 0 701444926 701444926 0 701444926 701444926 0 0
971248613 701444926 701444926 971248613 701444926 971248613 971248613 971248613 971248613 0 0 0 701444926 701444926 971248613 971248613 0 701444926 0 701444926 0 0 0 0 701444926 0 0 701444926 0 0 701444926 701444926
971248613 701444926 701444926 971248613 701444926 971248613 971248613 971248613 971248613 0 0 0 701444926 701444926 971248613 971248613 0 701444926 0 701444926 0 0 0 0 701444926 0 0 701444926 0 0 701444926 701444926
971248613 701444926 701444926 971248613 701444926 971248613 971248613 971248613 971248613 0 0 0 701444926 701444926 971248613 971248613 0 701444926 0 701444926 0 0 0 0 701444926 0 0 701444926 0 0 701444926 701444926
971248613 701444926 701444926 971248613 701444926 971248613 971248613 971248613 971248613 0 0 0 701444926 701444926 971248613 971248613 0 701444926 0 701444926 0 0 0 0 701444926 0 0 701444926 0 0 701444926 701444926
377714943 0 0 377714943 0 377714943 377714943 377714943 377714943 701444926 701444926 701444926 0 0 377714943 377714943 701444926 0 701444926 0 701444926 701444926 701444926 701444926 0 701444926 701444926 0 701444926 701444926 0 0
971248613 701444926 701444926 971248613 701444926 971248613 971248613 971248613 971248613 0 0 0 701444926 701444926 971248613 971248613 0 701444926 0 701444926 0 0 0 0 701444926 0 0 701444926 0 0 701444926 701444926
971248613 701444926 701444926 971248613 701444926 971248613 971248613 971248613 971248613 0 0 0 701444926 701444926 971248613 971248613 0 701444926 0 701444926 0 0 0 0 701444926 0 0 701444926 0 0 701444926 701444926
377714943 0 0 377714943 0 377714943 377714943 377714943 377714943 701444926 701444926 701444926 0 0 377714943 377714943 701444926 0 701444926 0 701444926 701444926 701444926 701444926 0 701444926 701444926 0 701444926 701444926 0 0
971248613 701444926 701444926 971248613 701444926 971248613 971248613 971248613 971248613 0 0 0 701444926 701444926 971248613 971248613 0 701444926 0 701444926 0 0 0 0 701444926 0 0 701444926 0 0 701444926 701444926
971248613 701444926 701444926 971248613 701444926 971248613 971248613 971248613 971248613 0 0 0 701444926 701444926 971248613 971248613 0 701444926 0 701444926 0 0 0 0 701444926 0 0 701444926 0 0 701444926 701444926
377714943 0 0 377714943 0 377714943 377714943 377714943 377714943 701444926 701444926 701444926 0 0 377714943 377714943 701444926 0 701444926 0 701444926 701444926 701444926 701444926 0 701444926 701444926 0 701444926 701444926 0 0
377714943 0 0 377714943 0 377714943 377714943 377714943 377714943 701444926 701444926 701444926 0 0 377714943 377714943 701444926 0 701444926 0 701444926 701444926 701444926 701444926 0 701444926 701444926 0 701444926 701444926 0 0
40 243601694
0 22929704 6573343 12102728 7635420 5981334 3105464 0 22929704 12102728 6573343 22929704 3105464 7001247 12102728 5981334 98391 5981334 4835058 22929704 7001247 0 7635420 7001247 22929704 11929795 22929704 4619539 22929704 7635420 11929795 4835058 22929704 4619539 22929704 6573343 5981334 5981334 4619539 5981334
22929704 0 16356361 19662749 15294284 22700110 19824240 22929704 0 19662749 16356361 0 19824240 16784265 19662749 22700110 22831313 22700110 21553834 0 16784265 22929704 15294284 16784265 0 18739923 0 20921628 0 15294284 18739923 21553834 0 20921628 0 16356361 22700110 22700110 20921628 22700110
6573343 16356361 0 5529385 1062077 6343749 3467879 6573343 16356361 5529385 0 16356361 3467879 427904 5529385 6343749 6474952 6343749 5197473 16356361 427904 6573343 1062077 427904 16356361 7099315 16356361 11192882 16356361 1062077 7099315 5197473 16356361 11192882 16356361 0 6343749 6343749 11192882 6343749
12102728 19662749 5529385 0 6591462 11873134 8997264 12102728 19662749 0 5529385 19662749 8997264 5101481 0 11873134 12004337 11873134 10726858 19662749 5101481 12102728 6591462 5101481 19662749 1569930 19662749 8880186 19662749 6591462 1569930 10726858 19662749 8880186 19662749 5529385 11873134 11873134 8880186 11873134
7635420 15294284 1062077 6591462 0 7405826 4529956 7635420 15294284 6591462 1062077 15294284 4529956 1489981 6591462 7405826 7537029 7405826 6259550 15294284 1489981 7635420 0 1489981 15294284 8161392 15294284 11269290 15294284 0 8161392 6259550 15294284 11269290 15294284 1062077 7405826 7405826 11269290 7405826
5981334 22700110 6343749 11873134 7405826 0 2875870 5981334 22700110 11873134 6343749 22700110 2875870 6771653 11873134 0 5882943 0 4605464 22700110 6771653 5981334 7405826 6771653 22700110 11849379 22700110 10600873 22700110 7405826 11849379 4605464 22700110 10600873 22700110 6343749 0 0 10600873 0
3105464 19824240 3467879 8997264 4529956 2875870 0 3105464 19824240 8997264 3467879 19824240 0 3895783 8997264 2875870 3007073 2875870 1729594 19824240 3895783 3105464 4529956 3895783 19824240 10567194 19824240 7725003 19824240 4529956 10567194 1729594 19824240 7725003 19824240 3467879 2875870 2875870 7725003 2875870
0 22929704 6573343 12102728 7635420 5981334 3105464 0 22929704 12102728 6573343 22929704 3105464 7001247 12102728 5981334 98391 5981334 4835058 22929704 7001247 0 7635420 7001247 22929704 11929795 22929704 4619539 22929704 7635420 11929795 4835058 22929704 4619539 22929704 6573343 5981334 5981334 4619539 5981334
22929704 0 16356361 19662749 15294284 22700110 19824240 22929704 0 19662749 16356361 0 19824240 16784265 19662749 22700110 22831313 22700110 21553834 0 16784265 22929704 15294284 16784265 0 18739923 0 20921628 0 15294284 18739923 21553834 0 20921628 0 16356361 22700110 22700110 20921628 22700110
12102728 19662749 5529385 0 6591462 11873134 8997264 12102728 19662749 0 5529385 19662749 8997264 5101481 0 11873134 12004337 11873134 10726858 19662749 5101481 12102728 6591462 5101481 19662749 1569930 19662749 8880186 19662749 6591462 1569930 10726858 19662749 8880186 19662749 5529385 11873134 11873134 8880186 11873134
6573343 16356361 0 5529385 1062077 6343749 3467879 6573343 16356361 5529385 0 16356361 3467879 427904 5529385 6343749 6474952 6343749 5197473 16356361 427904 6573343 1062077 427904 16356361 7099315 16356361 11192882 16356361 1062077 7099315 5197473 16356361 11192882 16356361 0 6343749 6343749 11192882 6343749
22929704 0 16356361 19662749 15294284 22700110 19824240 22929704 0 19662749 16356361 0 19824240 16784265 19662749 22700110 22831313 22700110 21553834 0 16784265 22929704 15294284 16784265 0 18739923 0 20921628 0 15294284 18739923 21553834 0 20921628 0 16356361 22700110 22700110 20921628 22700110
3105464 19824240 3467879 8997264 4529956 2875870 0 3105464 19824240 8997264 3467879 19824240 0 3895783 8997264 2875870 3007073 2875870 1729594 19824240 3895783 3105464 4529956 3895783 19824240 10567194 19824240 7725003 19824240 4529956 10567194 1729594 19824240 7725003 19824240 3467879 2875870 2875870 7725003 2875870
7001247 16784265 427904 5101481 1489981 6771653 3895783 7001247 16784265 5101481 427904 16784265 3895783 0 5101481 6771653 6902856 6771653 5625377 16784265 0 7001247 1489981 0 16784265 6671411 16784265 11620786 16784265 1489981 6671411 5625377 16784265 11620786 16784265 427904 6771653 6771653 11620786 6771653
12102728 19662749 5529385 0 6591462 11873134 8997264 12102728 19662749 0 5529385 19662749 8997264 5101481 0 11873134 12004337 11873134 10726858 19662749 5101481 12102728 6591462 5101481 19662749 1569930 19662749 8880186 19662749 6591462 1569930 10726858 19662749 8880186 19662749 5529385 11873134 11873134 8880186 11873134
5981334 22700110 6343749 11873134 7405826 0 2875870 5981334 22700110 11873134 6343749 22700110 2875870 6771653 11873134 0 5882943 0 4605464 22700110 6771653 5981334 7405826 6771653 22700110 11849379 22700110 10600873 22700110 7405826 11849379 4605464 22700110 10600873 22700110 6343749 0 0 10600873 0
98391 22831313 6474952 12004337 7537029 5882943 3007073 98391 22831313 12004337 6474952 22831313 3007073 6902856 12004337 5882943 0 5882943 4736667 22831313 6902856 98391 7537029 6902856 22831313 12028186 22831313 4717930 22831313 7537029 12028186 4736667 22831313 4717930 22831313 6474952 5882943 5882943 4717930 5882943
5981334 22700110 6343749 11873134 7405826 0 2875870 5981334 22700110 11873134 6343749 22700110 2875870 6771653 11873134 0 5882943 0 4605464 22700110 6771653 5981334 7405826 6771653 22700110 11849379 22700110 10600873 22700110 7405826 11849379 4605464 22700110 10600873 22700110 6343749 0 0 10600873 0
4835058 21553834 5197473 10726858 6259550 4605464 1729594 4835058 21553834 10726858 5197473 21553834 1729594 5625377 10726858 4605464 4736667 4605464 0 21553834 5625377 4835058 6259550 5625377 21553834 11907185 21553834 9454597 21553834 6259550 11907185 0 21553834 9454597 21553834 5197473 4605464 4605464 9454597 4605464
22929704 0 16356361 19662749 15294284 22700110 19824240 22929704 0 19662749 16356361 0 19824240 16784265 19662749 22700110 22831313 22700110 21553834 0 16784265 22929704 15294284 16784265 0 18739923 0 20921628 0 15294284 18739923 21553834 0 20921628 0 16356361 22700110 22700110 20921628 22700110
7001247 16784265 427904 5101481 1489981 6771653 3895783 7001247 16784265 5101481 427904 16784265 3895783 0 5101481 6771653 6902856 6771653 5625377 16784265 0 7001247 1489981 0 16784265 6671411 16784265 11620786 16784265 1489981 6671411 5625377 16784265 11620786 16784265 427904 6771653 6771653 11620786 6771653
0 22929704 6573343 12102728 7635420 5981334 3105464 0 22929704 12102728 6573343 22929704 3105464 7001247 12102728 5981334 98391 5981334 4835058 22929704 7001247 0 7635420 7001247 22929704 11929795 22929704 4619539 22929704 7635420 11929795 4835058 22929704 4619539 22929704 6573343 5981334 5981334 4619539 5981334
7635420 15294284 1062077 6591462 0 7405826 4529956 7635420 15294284 6591462 1062077 15294284 4529956 1489981 6591462 7405826 7537029 7405826 6259550 15294284 1489981 7635420 0 1489981 15294284 8161392 15294284 11269290 15294284 0 8161392 6259550 15294284 11269290 15294284 1062077 7405826 7405826 11269290 7405826
7001247 16784265 427904 5101481 1489981 6771653 3895783 7001247 16784265 5101481 427904 16784265 3895783 0 5101481 6771653 6902856 6771653 5625377 16784265 0 7001247 1489981 0 16784265 6671411 16784265 11620786 16784265 1489981 6671411 5625377 16784265 11620786 16784265 427904 6771653 6771653 11620786 6771653
22929704 0 16356361 19662749 15294284 22700110 19824240 22929704 0 19662749 16356361 0 19824240 16784265 19662749 22700110 22831313 22700110 21553834 0 16784265 22929704 15294284 16784265 0 18739923 0 20921628 0 15294284 18739923 21553834 0 20921628 0 16356361 22700110 22700110 20921628 22700110
11929795 18739923 7099315 1569930 8161392 11849379 10567194 11929795 18739923 1569930 7099315 18739923 10567194 6671411 1569930 11849379 12028186 11849379 11907185 18739923 6671411 11929795 8161392 6671411 18739923 0 18739923 7310256 18739923 8161392 0 11907185 18739923 7310256 18739923 7099315 11849379 11849379 7310256 11849379
22929704 0 16356361 19662749 15294284 22700110 19824240 22929704 0 19662749 16356361 0 19824240 16784265 19662749 22700110 22831313 22700110 21553834 0 16784265 22929704 15294284 16784265 0 18739923 0 20921628 0 15294284 18739923 21553834 0 20921628 0 16356361 22700110 22700110 20921628 22700110
4619539 20921628 11192882 8880186 11269290 10600873 7725003 4619539 20921628 8880186 11192882 20921628 7725003 11620786 8880186 10600873 4717930 10600873 9454597 20921628 11620786 4619539 11269290 11620786 20921628 7310256 20921628 0 20921628 11269290 7310256 9454597 20921628 0 20921628 11192882 10600873 10600873 0 10600873
22929704 0 16356361 19662749 15294284 22700110 19824240 22929704 0 19662749 16356361 0 19824240 16784265 19662749 22700110 22831313 22700110 21553834 0 16784265 22929704 15294284 16784265 0 18739923 0 20921628 0 15294284 18739923 21553834 0 20921628 0 16356361 22700110 22700110 20921628 22700110
7635420 15294284 1062077 6591462 0 7405826 4529956 7635420 15294284 6591462 1062077 15294284 4529956 1489981 6591462 7405826 7537029 7405826 6259550 15294284 1489981 7635420 0 1489981 15294284 8161392 15294284 11269290 15294284 0 8161392 6259550 15294284 11269290 15294284 1062077 7405826 7405826 11269290 7405826
11929795 18739923 7099315 1569930 8161392 11849379 10567194 11929795 18739923 1569930 7099315 18739923 10567194 6671411 1569930 11849379 12028186 11849379 11907185 18739923 6671411 11929795 8161392 6671411 18739923 0 18739923 7310256 18739923 8161392 0 11907185 18739923 7310256 18739923 7099315 11849379 11849379 7310256 11849379
4835058 21553834 5197473 10726858 6259550 4605464 1729594 4835058 21553834 10726858 5197473 21553834 1729594 5625377 10726858 4605464 4736667 4605464 0 21553834 5625377 4835058 6259550 5625377 21553834 11907185 21553834 9454597 21553834 6259550 11907185 0 21553834 9454597 21553834 5197473 4605464 4605464 9454597 4605464
22929704 0 16356361 19662749 15294284 22700110 19824240 22929704 0 19662749 16356361 0 19824240 16784265 19662749 22700110 22831313 22700110 21553834 0 16784265 22929704 15294284 16784265 0 18739923 0 20921628 0 15294284 18739923 21553834 0 20921628 0 16356361 22700110 22700110 20921628 22700110
4619539 20921628 11192882 8880186 11269290 10600873 7725003 4619539 20921628 8880186 11192882 20921628 7725003 11620786 8880186 10600873 4717930 10600873 9454597 20921628 11620786 4619539 11269290 11620786 20921628 7310256 20921628 0 20921628 11269290 7310256 9454597 20921628 0 20921628 11192882 10600873 10600873 0 10600873
22929704 0 16356361 19662749 15294284 22700110 19824240 22929704 0 19662749 16356361 0 19824240 16784265 19662749 22700110 22831313 22700110 21553834 0 16784265 22929704 15294284 16784265 0 18739923 0 20921628 0 15294284 18739923 21553834 0 20921628 0 16356361 22700110 22700110 20921628 22700110
6573343 16356361 0 5529385 1062077 6343749 3467879 6573343 16356361 5529385 0 16356361 3467879 427904 5529385 6343749 6474952 6343749 5197473 16356361 427904 6573343 1062077 427904 16356361 7099315 16356361 11192882 16356361 1062077 7099315 5197473 16356361 11192882 16356361 0 6343749 6343749 11192882 6343749
5981334 22700110 6343749 11873134 7405826 0 2875870 5981334 22700110 11873134 6343749 22700110 2875870 6771653 11873134 0 5882943 0 4605464 22700110 6771653 5981334 7405826 6771653 22700110 11849379 22700110 10600873 22700110 7405826 11849379 4605464 22700110 10600873 22700110 6343749 0 0 10600873 0
5981334 22700110 6343749 11873134 7405826 0 2875870 5981334 22700110 11873134 6343749 22700110 2875870 6771653 11873134 0 5882943 0 4605464 22700110 6771653 5981334 7405826 6771653 22700110 11849379 22700110 10600873 22700110 7405826 11849379 4605464 22700110 10600873 22700110 6343749 0 0 10600873 0
4619539 20921628 11192882 8880186 11269290 10600873 7725003 4619539 20921628 8880186 11192882 20921628 7725003 11620786 8880186 10600873 4717930 10600873 9454597 20921628 11620786 4619539 11269290 11620786 20921628 7310256 20921628 0 20921628 11269290 7310256 9454597 20921628 0 20921628 11192882 10600873 10600873 0 10600873
5981334 22700110 6343749 11873134 7405826 0 2875870 5981334 22700110 11873134 6343749 22700110 2875870 6771653 11873134 0 5882943 0 4605464 22700110 6771653 5981334 7405826 6771653 22700110 11849379 22700110 10600873 22700110 7405826 11849379 4605464 22700110 10600873 22700110 6343749 0 0 10600873 0
31 377041024
0 0 33425891 23811577 0 22202930 22202930 22202930 29198828 22202930 29452862 33425891 28360790 24823569 33180404 23811577 33425891 33425891 0 33424696 34846312 33424696 24823569 30450692 33752901 22202930 28360790 38183305 22202930 29452862 0
0 0 33425891 23811577 0 22202930 22202930 22202930 29198828 22202930 29452862 33425891 28360790 24823569 33180404 23811577 33425891 33425891 0 33424696 34846312 33424696 24823569 30450692 33752901 22202930 28360790 38183305 22202930 29452862 0
33425891 33425891 0 9614314 33425891 11222961 11222961 11222961 4227063 11222961 5664578 0 13899809 10411821 12964994 9614314 0 0 33425891 1195 1422811 1195 10411821 14550943 11483991 11222961 13899809 21389420 11222961 5664578 33425891
23811577 23811577 9614314 0 23811577 1608647 1608647 1608647 5387251 1608647 5759235 9614314 7143203 1011992 9368827 0 9614314 9614314 23811577 9613119 11034735 9613119 1011992 6639115 9941324 1608647 7143203 14371728 1608647 5759235 23811577
0 0 33425891 23811577 0 22202930 22202930 22202930 29198828 22202930 29452862 33425891 28360790 24823569 33180404 23811577 33425891 33425891 0 33424696 34846312 33424696 24823569 30450692 33752901 22202930 28360790 38183305 22202930 29452862 0
22202930 22202930 11222961 1608647 22202930 0 0 0 6995898 0 7367882 11222961 6157860 2620639 10977474 1608647 11222961 11222961 22202930 11221766 12643382 11221766 2620639 8247762 11549971 0 6157860 15980375 0 7367882 22202930
22202930 22202930 11222961 1608647 22202930 0 0 0 6995898 0 7367882 11222961 6157860 2620639 10977474 1608647 11222961 11222961 22202930 11221766 12643382 11221766 2620639 8247762 11549971 0 6157860 15980375 0 7367882 22202930
22202930 22202930 11222961 1608647 22202930 0 0 0 6995898 0 7367882 11222961 6157860 2620639 10977474 1608647 11222961 11222961 22202930 11221766 12643382 11221766 2620639 8247762 11549971 0 6157860 15980375 0 7367882 22202930
29198828 29198828 4227063 5387251 29198828 6995898 6995898 6995898 0 6995898 9891641 4227063 9672746 6399243 10435743 5387251 4227063 4227063 29198828 4225868 5647484 4225868 6399243 10323880 13626089 6995898 9672746 19758979 6995898 9891641 29198828
22202930 22202930 11222961 1608647 22202930 0 0 0 6995898 0 7367882 11222961 6157860 2620639 10977474 1608647 11222961 11222961 22202930 11221766 12643382 11221766 2620639 8247762 11549971 0 6157860 15980375 0 7367882 22202930
29452862 29452862 5664578 5759235 29452862 7367882 7367882 7367882 9891641 7367882 0 5664578 12902438 4747243 11851334 5759235 5664578 5664578 29452862 5665773 7087389 5665773 4747243 9121622 5819413 7367882 12902438 16391121 7367882 0 29452862
33425891 33425891 0 9614314 33425891 11222961 11222961 11222961 4227063 11222961 5664578 0 13899809 10411821 12964994 9614314 0 0 33425891 1195 1422811 1195 10411821 14550943 11483991 11222961 13899809 21389420 11222961 5664578 33425891
28360790 28360790 13899809 7143203 28360790 6157860 6157860 6157860 9672746 6157860 12902438 13899809 0 8155195 16512030 7143203 13899809 13899809 28360790 13898614 15320230 13898614 8155195 13782318 17084527 6157860 0 21514931 6157860 12902438 28360790
24823569 24823569 10411821 1011992 24823569 2620639 2620639 2620639 6399243 2620639 4747243 10411821 8155195 0 8356835 1011992 10411821 10411821 24823569 10413016 11834632 10413016 0 5627123 8929332 2620639 8155195 15383720 2620639 4747243 24823569
33180404 33180404 12964994 9368827 33180404 10977474 10977474 10977474 10435743 10977474 11851334 12964994 16512030 8356835 0 9368827 12964994 12964994 33180404 12963799 14385415 12963799 8356835 2729712 6031921 10977474 16512030 23740555 10977474 11851334 33180404
23811577 23811577 9614314 0 23811577 1608647 1608647 1608647 5387251 1608647 5759235 9614314 7143203 1011992 9368827 0 9614314 9614314 23811577 9613119 11034735 9613119 1011992 6639115 9941324 1608647 7143203 14371728 1608647 5759235 23811577
33425891 33425891 0 9614314 33425891 11222961 11222961 11222961 4227063 11222961 5664578 0 13899809 10411821 12964994 9614314 0 0 33425891 1195 1422811 1195 10411821 14550943 11483991 11222961 13899809 21389420 11222961 5664578 33425891
33425891 33425891 0 9614314 33425891 11222961 11222961 11222961 4227063 11222961 5664578 0 13899809 10411821 12964994 9614314 0 0 33425891 1195 1422811 1195 10411821 14550943 11483991 11222961 13899809 21389420 11222961 5664578 33425891
0 0 33425891 23811577 0 22202930 22202930 22202930 29198828 22202930 29452862 33425891 28360790 24823569 33180404 23811577 33425891 33425891 0 33424696 34846312 33424696 24823569 30450692 33752901 22202930 28360790 38183305 22202930 29452862 0
33424696 33424696 1195 9613119 33424696 11221766 11221766 11221766 4225868 11221766 5665773 1195 13898614 10413016 12963799 9613119 1195 1195 33424696 0 1421616 0 10413016 14549748 11485186 11221766 13898614 21390615 11221766 5665773 33424696
34846312 34846312 1422811 11034735 34846312 12643382 12643382 12643382 5647484 12643382 7087389 1422811 15320230 11834632 14385415 11034735 1422811 1422811 34846312 1421616 0 1421616 11834632 15971364 12906802 12643382 15320230 22812231 12643382 7087389 34846312
33424696 33424696 1195 9613119 33424696 11221766 11221766 11221766 4225868 11221766 5665773 1195 13898614 10413016 12963799 9613119 1195 1195 33424696 0 1421616 0 10413016 14549748 11485186 11221766 13898614 21390615 11221766 5665773 33424696
24823569 24823569 10411821 1011992 24823569 2620639 2620639 2620639 6399243 2620639 4747243 10411821 8155195 0 8356835 1011992 10411821 10411821 24823569 10413016 11834632 10413016 0 5627123 8929332 2620639 8155195 15383720 2620639 4747243 24823569
30450692 30450692 14550943 6639115 30450692 8247762 8247762 8247762 10323880 8247762 9121622 14550943 13782318 5627123 2729712 6639115 14550943 14550943 30450692 14549748 15971364 14549748 5627123 0 3302209 8247762 13782318 21010843 8247762 9121622 30450692
33752901 33752901 11483991 9941324 33752901 11549971 11549971 11549971 13626089 11549971 5819413 11483991 17084527 8929332 6031921 9941324 11483991 11483991 33752901 11485186 12906802 11485186 8929332 3302209 0 11549971 17084527 22210534 11549971 5819413 33752901
22202930 22202930 11222961 1608647 22202930 0 0 0 6995898 0 7367882 11222961 6157860 2620639 10977474 1608647 11222961 11222961 22202930 11221766 12643382 11221766 2620639 8247762 11549971 0 6157860 15980375 0 7367882 22202930
28360790 28360790 13899809 7143203 28360790 6157860 6157860 6157860 9672746 6157860 12902438 13899809 0 8155195 16512030 7143203 13899809 13899809 28360790 13898614 15320230 13898614 8155195 13782318 17084527 6157860 0 21514931 6157860 12902438 28360790
38183305 38183305 21389420 14371728 38183305 15980375 15980375 15980375 19758979 15980375 16391121 21389420 21514931 15383720 23740555 14371728 21389420 21389420 38183305 21390615 22812231 21390615 15383720 21010843 22210534 15980375 21514931 0 15980375 16391121 38183305
22202930 22202930 11222961 1608647 22202930 0 0 0 6995898 0 7367882 11222961 6157860 2620639 10977474 1608647 11222961 11222961 22202930 11221766 12643382 11221766 2620639 8247762 11549971 0 6157860 15980375 0 7367882 22202930
29452862 29452862 5664578 5759235 29452862 7367882 7367882 7367882 9891641 7367882 0 5664578 12902438 4747243 11851334 5759235 5664578 5664578 29452862 5665773 7087389 5665773 4747243 9121622 5819413 7367882 12902438 16391121 7367882 0 29452862
0 0 33425891 23811577 0 22202930 22202930 22202930 29198828 22202930 29452862 33425891 28360790 24823569 33180404 23811577 33425891 33425891 0 33424696 34846312 33424696 24823569 30450692 33752901 22202930 28360790 38183305 22202930 29452862 0
33 871973602
0 29333783 19355347 50606768 32421236 19406298 40846129 65725973 19337545 51842596 49589106 51842596 0 4867665 39311356 32421236 24202711 19337545 40010153 50606768 28972303 28972303 29333783 31797825 40846129 24202711 29333783 40010153 40010153 19337545 51842596 35795647 40846129
29333783 0 14922446 49407415 23985646 9927485 11512346 60009488 14904644 41755880 36456228 41755880 29333783 25918647 9977573 23985646 21695760 14904644 30531340 49407415 26465352 26465352 0 41328576 11512346 21695760 0 30531340 30531340 14904644 41755880 31362746 11512346
19355347 14922446 0 43547478 16074730 13040613 26434792 46406230 17802 35496090 33242600 35496090 19355347 24223012 22983794 16074730 7856205 17802 25926718 43547478 12625797 12625797 14922446 51153172 26434792 7856205 14922446 25926718 25926718 17802 35496090 16440300 26434792
50606768 49407415 43547478 0 51773573 47525582 60919761 53367820 43565280 23468305 18168653 23468305 50606768 55474433 59384988 51773573 43555048 43565280 40411433 0 38785456 38785456 49407415 18808943 60919761 43555048 49407415 40411433 40411433 43565280 23468305 49897851 60919761
32421236 23985646 16074730 51773573 0 22103813 35497992 44116224 16056928 35858410 33604920 35858410 32421236 27553571 27246194 0 8218525 16056928 32694823 51773573 12988117 12988117 23985646 60684614 35497992 8218525 23985646 32694823 32694823 16056928 35858410 32515030 35497992
19406298 9927485 13040613 47525582 22103813 0 21439831 59411239 13022811 45808594 42846635 45808594 19406298 24036814 19905058 22103813 19813927 13022811 20603855 47525582 24583519 24583519 9927485 51204123 21439831 19813927 9927485 20603855 20603855 13022811 45808594 29480913 21439831
40846129 11512346 26434792 60919761 35497992 21439831 0 71521834 26416990 53268226 47968574 53268226 40846129 37430993 21489919 35497992 27389590 26416990 42043686 60919761 29011971 29011971 11512346 46757182 0 27389590 11512346 42043686 42043686 26416990 53268226 42875092 0
65725973 60009488 46406230 53367820 44116224 59411239 71521834 0 46388428 40498819 35199167 40498819 65725973 70593638 69390024 44116224 52334749 46388428 47833122 53367820 55815970 55815970 60009488 65325023 71521834 52334749 60009488 47833122 47833122 46388428 40498819 38346704 71521834
19337545 14904644 17802 43565280 16056928 13022811 26416990 46388428 0 35478288 33224798 35478288 19337545 24205210 23001596 16056928 7838403 0 25944520 43565280 12607995 12607995 14904644 51135370 26416990 7838403 14904644 25944520 25944520 0 35478288 16458102 26416990
51842596 41755880 35496090 23468305 35858410 45808594 53268226 40498819 35478288 0 5299652 0 51842596 46974931 46667554 35858410 27639885 35478288 27542432 23468305 25916455 25916455 41755880 24826204 53268226 27639885 41755880 27542432 27542432 35478288 0 37028850 53268226
49589106 36456228 33242600 18168653 33604920 42846635 47968574 35199167 33224798 5299652 0 5299652 49589106 44721441 44414064 33604920 25386395 33224798 22242780 18168653 20616803 20616803 36456228 30125856 47968574 25386395 36456228 22242780 22242780 33224798 5299652 31729198 47968574
51842596 41755880 35496090 23468305 35858410 45808594 53268226 40498819 35478288 0 5299652 0 51842596 46974931 46667554 35858410 27639885 35478288 27542432 23468305 25916455 25916455 41755880 24826204 53268226 27639885 41755880 27542432 27542432 35478288 0 37028850 53268226
0 29333783 19355347 50606768 32421236 19406298 40846129 65725973 19337545 51842596 49589106 51842596 0 4867665 39311356 32421236 24202711 19337545 40010153 50606768 28972303 28972303 29333783 31797825 40846129 24202711 29333783 40010153 40010153 19337545 51842596 35795647 40846129
4867665 25918647 24223012 55474433 27553571 24036814 37430993 70593638 24205210 46974931 44721441 46974931 4867665 0 35896220 27553571 19335046 24205210 43811344 55474433 24104638 24104638 25918647 36665490 37430993 19335046 25918647 43811344 43811344 24205210 46974931 40663312 37430993
39311356 9977573 22983794 59384988 27246194 19905058 21489919 69390024 23001596 46667554 44414064 46667554 39311356 35896220 0 27246194 19027669 23001596 40508913 59384988 23797261 23797261 9977573 51306149 21489919 19027669 9977573 40508913 40508913 23001596 46667554 39424094 21489919
32421236 23985646 16074730 51773573 0 22103813 35497992 44116224 16056928 35858410 33604920 35858410 32421236 27553571 27246194 0 8218525 16056928 32694823 51773573 12988117 12988117 23985646 60684614 35497992 8218525 23985646 32694823 32694823 16056928 35858410 32515030 35497992
24202711 21695760 7856205 43555048 8218525 19813927 27389590 52334749 7838403 27639885 25386395 27639885 24202711 19335046 19027669 8218525 0 7838403 24476298 43555048 4769592 4769592 21695760 52466089 27389590 0 21695760 24476298 24476298 7838403 27639885 24296505 27389590
19337545 14904644 17802 43565280 16056928 13022811 26416990 46388428 0 35478288 33224798 35478288 19337545 24205210 23001596 16056928 7838403 0 25944520 43565280 12607995 12607995 14904644 51135370 26416990 7838403 14904644 25944520 25944520 0 35478288 16458102 26416990
40010153 30531340 25926718 40411433 32694823 20603855 42043686 47833122 25944520 27542432 22242780 27542432 40010153 43811344 40508913 32694823 24476298 25944520 0 40411433 29245890 29245890 30531340 52368636 42043686 24476298 30531340 0 0 25944520 27542432 9486418 42043686
50606768 49407415 43547478 0 51773573 47525582 60919761 53367820 43565280 23468305 18168653 23468305 50606768 55474433 59384988 51773573 43555048 43565280 40411433 0 38785456 38785456 49407415 18808943 60919761 43555048 49407415 40411433 40411433 43565280 23468305 49897851 60919761
28972303 26465352 12625797 38785456 12988117 24583519 29011971 55815970 12607995 25916455 20616803 25916455 28972303 24104638 23797261 12988117 4769592 12607995 29245890 38785456 0 0 26465352 50742659 29011971 4769592 26465352 29245890 29245890 12607995 25916455 29066097 29011971
28972303 26465352 12625797 38785456 12988117 24583519 29011971 55815970 12607995 25916455 20616803 25916455 28972303 24104638 23797261 12988117 4769592 12607995 29245890 38785456 0 0 26465352 50742659 29011971 4769592 26465352 29245890 29245890 12607995 25916455 29066097 29011971
29333783 0 14922446 49407415 23985646 9927485 11512346 60009488 14904644 41755880 36456228 41755880 29333783 25918647 9977573 23985646 21695760 14904644 30531340 49407415 26465352 26465352 0 41328576 11512346 21695760 0 30531340 30531340 14904644 41755880 31362746 11512346
31797825 41328576 51153172 18808943 60684614 51204123 46757182 65325023 51135370 24826204 30125856 24826204 31797825 36665490 51306149 60684614 52466089 51135370 52368636 18808943 50742659 50742659 41328576 0 46757182 52466089 41328576 52368636 52368636 51135370 24826204 61855054 46757182
40846129 11512346 26434792 60919761 35497992 21439831 0 71521834 26416990 53268226 47968574 53268226 40846129 37430993 21489919 35497992 27389590 26416990 42043686 60919761 29011971 29011971 11512346 46757182 0 27389590 11512346 42043686 42043686 26416990 53268226 42875092 0
24202711 21695760 7856205 43555048 8218525 19813927 27389590 52334749 7838403 27639885 25386395 27639885 24202711 19335046 19027669 8218525 0 7838403 24476298 43555048 4769592 4769592 21695760 52466089 27389590 0 21695760 24476298 24476298 7838403 27639885 24296505 27389590
29333783 0 14922446 49407415 23985646 9927485 11512346 60009488 14904644 41755880 36456228 41755880 29333783 25918647 9977573 23985646 21695760 14904644 30531340 49407415 26465352 26465352 0 41328576 11512346 21695760 0 30531340 30531340 14904644 41755880 31362746 11512346
40010153 30531340 25926718 40411433 32694823 20603855 42043686 47833122 25944520 27542432 22242780 27542432 40010153 43811344 40508913 32694823 24476298 25944520 0 40411433 29245890 29245890 30531340 52368636 42043686 24476298 30531340 0 0 25944520 27542432 9486418 42043686
40010153 30531340 25926718 40411433 32694823 20603855 42043686 47833122 25944520 27542432 22242780 27542432 40010153 43811344 40508913 32694823 24476298 25944520 0 40411433 29245890 29245890 30531340 52368636 42043686 24476298 30531340 0 0 25944520 27542432 9486418 42043686
19337545 14904644 17802 43565280 16056928 13022811 26416990 46388428 0 35478288 33224798 35478288 19337545 24205210 23001596 16056928 7838403 0 25944520 43565280 12607995 12607995 14904644 51135370 26416990 7838403 14904644 25944520 25944520 0 35478288 16458102 26416990
51842596 41755880 35496090 23468305 35858410 45808594 53268226 40498819 35478288 0 5299652 0 51842596 46974931 46667554 35858410 27639885 35478288 27542432 23468305 25916455 25916455 41755880 24826204 53268226 27639885 41755880 27542432 27542432 35478288 0 37028850 53268226
35795647 31362746 16440300 49897851 32515030 29480913 42875092 38346704 16458102 37028850 31729198 37028850 35795647 40663312 39424094 32515030 24296505 16458102 9486418 49897851 29066097 29066097 31362746 61855054 42875092 24296505 31362746 9486418 9486418 16458102 37028850 0 42875092
40846129 11512346 26434792 60919761 35497992 21439831 0 71521834 26416990 53268226 47968574 53268226 40846129 37430993 21489919 35497992 27389590 26416990 42043686 60919761 29011971 29011971 11512346 46757182 0 27389590 11512346 42043686 42043686 26416990 53268226 42875092 0
39 192371313
0 14806967 128324434 128324434 128324434 14806967 0 0 0 14806967 14806967 128324434 4598878 0 0 4598878 4598878 14806967 0 0 128324434 14806967 4598878 128324434 128324434 128324434 14806967 4598878 0 0 14806967 128324434 128324434 128324434 128324434 14806967 128324434 14806967 14806967
14806967 0 113517467 113517467 113517467 0 14806967 14806967 14806967 0 0 113517467 19405845 14806967 14806967 19405845 19405845 0 14806967 14806967 113517467 0 19405845 113517467 113517467 113517467 0 19405845 14806967 14806967 0 113517467 113517467 113517467 113517467 0 113517467 0 0
128324434 113517467 0 0 0 113517467 128324434 128324434 128324434 113517467 113517467 0 127330534 128324434 128324434 127330534 127330534 113517467 128324434 128324434 0 113517467 127330534 0 0 0 113517467 127330534 128324434 128324434 113517467 0 0 0 0 113517467 0 113517467 113517467
128324434 113517467 0 0 0 113517467 128324434 128324434 128324434 113517467 113517467 0 127330534 128324434 128324434 127330534 127330534 113517467 128324434 128324434 0 113517467 127330534 0 0 0 113517467 127330534 128324434 128324434 113517467 0 0 0 0 113517467 0 113517467 113517467
128324434 113517467 0 0 0 113517467 128324434 128324434 128324434 113517467 113517467 0 127330534 128324434 128324434 127330534 127330534 113517467 128324434 128324434 0 113517467 127330534 0 0 0 113517467 127330534 128324434 128324434 113517467 0 0 0 0 113517467 0 113517467 113517467
14806967 0 113517467 113517467 113517467 0 14806967 14806967 14806967 0 0 113517467 19405845 14806967 14806967 19405845 19405845 0 14806967 14806967 113517467 0 19405845 113517467 113517467 113517467 0 19405845 14806967 14806967 0 113517467 113517467 113517467 113517467 0 113517467 0 0
0 14806967 128324434 128324434 128324434 14806967 0 0 0 14806967 14806967 128324434 4598878 0 0 4598878 4598878 14806967 0 0 128324434 14806967 4598878 128324434 128324434 128324434 14806967 4598878 0 0 14806967 128324434 128324434 128324434 128324434 14806967 128324434 14806967 14806967
0 14806967 128324434 128324434 128324434 14806967 0 0 0 14806967 14806967 128324434 4598878 0 0 4598878 4598878 14806967 0 0 128324434 14806967 4598878 128324434 128324434 128324434 14806967 4598878 0 0 14806967 128324434 128324434 128324434 128324434 14806967 128324434 14806967 14806967
0 14806967 128324434 128324434 128324434 14806967 0 0 0 14806967 14806967 128324434 4598878 0 0 4598878 4598878 14806967 0 0 128324434 14806967 4598878 128324434 128324434 128324434 14806967 4598878 0 0 14806967 128324434 128324434 128324434 128324434 14806967 128324434 14806967 14806967
14806967 0 113517467 113517467 113517467 0 14806967 14806967 14806967 0 0 113517467 19405845 14806967 14806967 19405845 19405845 0 14806967 14806967 113517467 0 19405845 113517467 113517467 113517467 0 19405845 14806967 14806967 0 113517467 113517467 113517467 113517467 0 113517467 0 0
14806967 0 113517467 113517467 113517467 0 14806967 14806967 14806967 0 0 113517467 19405845 14806967 14806967 19405845 19405845 0 14806967 14806967 113517467 0 19405845 113517467 113517467 113517467 0 19405845 14806967 14806967 0 113517467 113517467 113517467 113517467 0 113517467 0 0
128324434 113517467 0 0 0 113517467 128324434 128324434 128324434 113517467 113517467 0 127330534 128324434 128324434 127330534 127330534 113517467 128324434 128324434 0 113517467 127330534 0 0 0 113517467 127330534 128324434 128324434 113517467 0 0 0 0 113517467 0 113517467 113517467
4598878 19405845 127330534 127330534 127330534 19405845 4598878 4598878 4598878 19405845 19405845 127330534 0 4598878 4598878 0 0 19405845 4598878 4598878 127330534 19405845 0 127330534 127330534 127330534 19405845 0 4598878 4598878 19405845 127330534 127330534 127330534 127330534 19405845 127330534 19405845 19405845
0 14806967 128324434 128324434 128324434 14806967 0 0 0 14806967 14806967 128324434 4598878 0 0 4598878 4598878 14806967 0 0 128324434 14806967 4598878 128324434 128324434 128324434 14806967 4598878 0 0 14806967 128324434 128324434 128324434 128324434 14806967 128324434 14806967 14806967
0 14806967 128324434 128324434 128324434 14806967 0 0 0 14806967 14806967 128324434 4598878 0 0 4598878 4598878 14806967 0 0 128324434 14806967 4598878 128324434 128324434 128324434 14806967 4598878 0 0 14806967 128324434 128324434 128324434 128324434 14806967 128324434 14806967 14806967
4598878 19405845 127330534 127330534 127330534 19405845 4598878 4598878 4598878 19405845 19405845 127330534 0 4598878 4598878 0 0 19405845 4598878 4598878 127330534 19405845 0 127330534 127330534 127330534 19405845 0 4598878 4598878 19405845 127330534 127330534 127330534 127330534 19405845 127330534 19405845 19405845
4598878 19405845 127330534 127330534 127330534 19405845 4598878 4598878 4598878 19405845 19405845 127330534 0 4598878 4598878 0 0 19405845 4598878 4598878 127330534 19405845 0 127330534 127330534 127330534 19405845 0 4598878 4598878 19405845 127330534 127330534 127330534 127330534 19405845 127330534 19405845 19405845
14806967 0 113517467 113517467 113517467 0 14806967 14806967 14806967 0 0 113517467 19405845 14806967 14806967 19405845 19405845 0 14806967 14806967 113517467 0 19405845 113517467 113517467 113517467 0 19405845 14806967 14806967 0 113517467 113517467 113517467 113517467 0 113517467 0 0
0 14806967 128324434 128324434 128324434 14806967 0 0 0 14806967 14806967 128324434 4598878 0 0 4598878 4598878 14806967 0 0 128324434 14806967 4598878 128324434 128324434 128324434 14806967 4598878 0 0 14806967 128324434 128324434 128324434 128324434 14806967 128324434 14806967 14806967
0 14806967 128324434 128324434 128324434 14806967 0 0 0 14806967 14806967 128324434 4598878 0 0 4598878 4598878 14806967 0 0 128324434 14806967 4598878 128324434 128324434 128324434 14806967 4598878 0 0 14806967 128324434 128324434 128324434 128324434 14806967 128324434 14806967 14806967
128324434 113517467 0 0 0 113517467 128324434 128324434 128324434 113517467 113517467 0 127330534 128324434 128324434 127330534 127330534 113517467 128324434 128324434 0 113517467 127330534 0 0 0 113517467 127330534 128324434 128324434 113517467 0 0 0 0 113517467 0 113517467 113517467
14806967 0 113517467 113517467 113517467 0 14806967 14806967 14806967 0 0 113517467 19405845 14806967 14806967 19405845 19405845 0 14806967 14806967 113517467 0 19405845 113517467 113517467 113517467 0 19405845 14806967 14806967 0 113517467 113517467 113517467 113517467 0 113517467 0 0
4598878 19405845 127330534 127330534 127330534 19405845 4598878 4598878 4598878 19405845 19405845 127330534 0 4598878 4598878 0 0 19405845 4598878 4598878 127330534 19405845 0 127330534 127330534 127330534 19405845 0 4598878 4598878 19405845 127330534 127330534 127330534 127330534 19405845 127330534 19405845 19405845
128324434 113517467 0 0 0 113517467 128324434 128324434 128324434 113517467 113517467 0 127330534 128324434 128324434 127330534 127330534 113517467 128324434 128324434 0 113517467 127330534 0 0 0 113517467 127330534 128324434 128324434 113517467 0 0 0 0 113517467 0 113517467 113517467
128324434 113517467 0 0 0 113517467 128324434 128324434 128324434 113517467 113517467 0 127330534 128324434 128324434 127330534 127330534 113517467 128324434 128324434 0 113517467 127330534 0 0 0 113517467 127330534 128324434 128324434 113517467 0 0 0 0 113517467 0 113517467 113517467
128324434 113517467 0 0 0 113517467 128324434 128324434 128324434 113517467 113517467 0 127330534 128324434 128324434 127330534 127330534 113517467 128324434 128324434 0 113517467 127330534 0 0 0 113517467 127330534 128324434 128324434 113517467 0 0 0 0 113517467 0 113517467 113517467
14806967 0 113517467 113517467 113517467 0 14806967 14806967 14806967 0 0 113517467 19405845 14806967 14806967 19405845 19405845 0 14806967 14806967 113517467 0 19405845 113517467 113517467 113517467 0 19405845 14806967 14806967 0 113517467 113517467 113517467 113517467 0 113517467 0 0
4598878 19405845 127330534 127330534 127330534 19405845 4598878 4598878 4598878 19405845 19405845 127330534 0 4598878 4598878 0 0 19405845 4598878 4598878 127330534 19405845 0 127330534 127330534 127330534 19405845 0 4598878 4598878 19405845 127330534 127330534 127330534 127330534 19405845 127330534 19405845 19405845
0 14806967 128324434 128324434 128324434 14806967 0 0 0 14806967 14806967 128324434 4598878 0 0 4598878 4598878 14806967 0 0 128324434 14806967 4598878 128324434 128324434 128324434 14806967 4598878 0 0 14806967 128324434 128324434 128324434 128324434 14806967 128324434 14806967 14806967
0 14806967 128324434 128324434 128324434 14806967 0 0 0 14806967 14806967 128324434 4598878 0 0 4598878 4598878 14806967 0 0 128324434 14806967 4598878 128324434 128324434 128324434 14806967 4598878 0 0 14806967 128324434 128324434 128324434 128324434 14806967 128324434 14806967 14806967
14806967 0 113517467 113517467 113517467 0 14806967 14806967 14806967 0 0 113517467 19405845 14806967 14806967 19405845 19405845 0 14806967 14806967 113517467 0 19405845 113517467 113517467 113517467 0 19405845 14806967 14806967 0 113517467 113517467 113517467 113517467 0 113517467 0 0
128324434 113517467 0 0 0 113517467 128324434 128324434 128324434 113517467 113517467 0 127330534 128324434 128324434 127330534 127330534 113517467 128324434 128324434 0 113517467 127330534 0 0 0 113517467 127330534 128324434 128324434 113517467 0 0 0 0 113517467 0 113517467 113517467
128324434 113517467 0 0 0 113517467 128324434 128324434 128324434 113517467 113517467 0 127330534 128324434 128324434 127330534 127330534 113517467 128324434 128324434 0 113517467 127330534 0 0 0 113517467 127330534 128324434 128324434 113517467 0 0 0 0 113517467 0 113517467 113517467
128324434 113517467 0 0 0 113517467 128324434 128324434 128324434 113517467 113517467 0 127330534 128324434 128324434 127330534 127330534 113517467 128324434 128324434 0 113517467 127330534 0 0 0 113517467 127330534 128324434 128324434 113517467 0 0 0 0 113517467 0 113517467 113517467
128324434 113517467 0 0 0 113517467 128324434 128324434 128324434 113517467 113517467 0 127330534 128324434 128324434 127330534 127330534 113517467 128324434 128324434 0 113517467 127330534 0 0 0 113517467 127330534 128324434 128324434 113517467 0 0 0 0 113517467 0 113517467 113517467
14806967 0 113517467 113517467 113517467 0 14806967 14806967 14806967 0 0 113517467 19405845 14806967 14806967 19405845 19405845 0 14806967 14806967 113517467 0 19405845 113517467 113517467 113517467 0 19405845 14806967 14806967 0 113517467 113517467 113517467 113517467 0 113517467 0 0
128324434 113517467 0 0 0 113517467 128324434 128324434 128324434 113517467 113517467 0 127330534 128324434 128324434 127330534 127330534 113517467 128324434 128324434 0 113517467 127330534 0 0 0 113517467 127330534 128324434 128324434 113517467 0 0 0 0 113517467 0 113517467 113517467
14806967 0 113517467 113517467 113517467 0 14806967 14806967 14806967 0 0 113517467 19405845 14806967 14806967 19405845 19405845 0 14806967 14806967 113517467 0 19405845 113517467 113517467 113517467 0 19405845 14806967 14806967 0 113517467 113517467 113517467 113517467 0 113517467 0 0
14806967 0 113517467 113517467 113517467 0 14806967 14806967 14806967 0 0 113517467 19405845 14806967 14806967 19405845 19405845 0 14806967 14806967 113517467 0 19405845 113517467 113517467 113517467 0 19405845 14806967 14806967 0 113517467 113517467 113517467 113517467 0 113517467 0 0
32 108234923
0 4256976 6340553 3504653 3504653 1167919 5438741 4380730 4180737 6391324 3504653 4380730 5438741 0 4307326 4307326 1167919 4918638 6340553 4918638 4918638 4256976 3504653 4918638 1167919 0 4180737 4380730 4938598 0 4918638 5491496
4256976 0 3149884 1402561 1402561 3089057 4323535 2002545 4739900 5030401 1402561 2002545 4323535 4256976 1116657 1116657 3089057 5145850 3149884 5145850 5145850 0 1402561 5145850 3089057 4256976 4739900 2002545 3577675 4256976 5145850 4376290
6340553 3149884 0 4459194 4459194 5172634 1173651 5152429 2431655 4739734 4459194 5152429 1173651 6340553 2033227 2033227 5172634 1995966 0 1995966 1995966 3149884 4459194 1995966 5172634 6340553 2431655 5152429 6192460 6340553 1995966 1226406
3504653 1402561 4459194 0 0 4491618 4595343 3405106 3337339 6432962 0 3405106 4595343 3504653 2425967 2425967 4491618 6455160 4459194 6455160 6455160 1402561 0 6455160 4491618 3504653 3337339 3405106 4980236 3504653 6455160 4648098
3504653 1402561 4459194 0 0 4491618 4595343 3405106 3337339 6432962 0 3405106 4595343 3504653 2425967 2425967 4491618 6455160 4459194 6455160 6455160 1402561 0 6455160 4491618 3504653 3337339 3405106 4980236 3504653 6455160 4648098
1167919 3089057 5172634 4491618 4491618 0 4270822 5091602 3012818 5223405 4491618 5091602 4270822 1167919 3139407 3139407 0 3750719 5172634 3750719 3750719 3089057 4491618 3750719 0 1167919 3012818 5091602 3770679 1167919 3750719 4323577
5438741 4323535 1173651 4595343 4595343 4270822 0 5820245 1258004 3566083 4595343 5820245 0 5438741 3206878 3206878 4270822 3169617 1173651 3169617 3169617 4323535 4595343 3169617 4270822 5438741 1258004 5820245 5018809 5438741 3169617 52755
4380730 2002545 5152429 3405106 3405106 5091602 5820245 0 4562241 3027856 3405106 0 5820245 4380730 3119202 3119202 5091602 6608863 5152429 6608863 6608863 2002545 3405106 6608863 5091602 4380730 4562241 0 1575130 4380730 6608863 5873000
4180737 4739900 2431655 3337339 3337339 3012818 1258004 4562241 0 3866668 3337339 4562241 1258004 4180737 4464882 4464882 3012818 4427621 2431655 4427621 4427621 4739900 3337339 4427621 3012818 4180737 0 4562241 5319394 4180737 4427621 1310759
6391324 5030401 4739734 6432962 6432962 5223405 3566083 3027856 3866668 0 6432962 3027856 3566083 6391324 6147058 6147058 5223405 4861182 4739734 4861182 4861182 5030401 6432962 4861182 5223405 6391324 3866668 3027856 1452726 6391324 4861182 3618838
3504653 1402561 4459194 0 0 4491618 4595343 3405106 3337339 6432962 0 3405106 4595343 3504653 2425967 2425967 4491618 6455160 4459194 6455160 6455160 1402561 0 6455160 4491618 3504653 3337339 3405106 4980236 3504653 6455160 4648098
4380730 2002545 5152429 3405106 3405106 5091602 5820245 0 4562241 3027856 3405106 0 5820245 4380730 3119202 3119202 5091602 6608863 5152429 6608863 6608863 2002545 3405106 6608863 5091602 4380730 4562241 0 1575130 4380730 6608863 5873000
5438741 4323535 1173651 4595343 4595343 4270822 0 5820245 1258004 3566083 4595343 5820245 0 5438741 3206878 3206878 4270822 3169617 1173651 3169617 3169617 4323535 4595343 3169617 4270822 5438741 1258004 5820245 5018809 5438741 3169617 52755
0 4256976 6340553 3504653 3504653 1167919 5438741 4380730 4180737 6391324 3504653 4380730 5438741 0 4307326 4307326 1167919 4918638 6340553 4918638 4918638 4256976 3504653 4918638 1167919 0 4180737 4380730 4938598 0 4918638 5491496
4307326 1116657 2033227 2425967 2425967 3139407 3206878 3119202 4464882 6147058 2425967 3119202 3206878 4307326 0 0 3139407 4029193 2033227 4029193 4029193 1116657 2425967 4029193 3139407 4307326 4464882 3119202 4694332 4307326 4029193 3259633
4307326 1116657 2033227 2425967 2425967 3139407 3206878 3119202 4464882 6147058 2425967 3119202 3206878 4307326 0 0 3139407 4029193 2033227 4029193 4029193 1116657 2425967 4029193 3139407 4307326 4464882 3119202 4694332 4307326 4029193 3259633
1167919 3089057 5172634 4491618 4491618 0 4270822 5091602 3012818 5223405 4491618 5091602 4270822 1167919 3139407 3139407 0 3750719 5172634 3750719 3750719 3089057 4491618 3750719 0 1167919 3012818 5091602 3770679 1167919 3750719 4323577
4918638 5145850 1995966 6455160 6455160 3750719 3169617 6608863 4427621 4861182 6455160 6608863 3169617 4918638 4029193 4029193 3750719 0 1995966 0 0 5145850 6455160 0 3750719 4918638 4427621 6608863 6313908 4918638 0 3222372
6340553 3149884 0 4459194 4459194 5172634 1173651 5152429 2431655 4739734 4459194 5152429 1173651 6340553 2033227 2033227 5172634 1995966 0 1995966 1995966 3149884 4459194 1995966 5172634 6340553 2431655 5152429 6192460 6340553 1995966 1226406
4918638 5145850 1995966 6455160 6455160 3750719 3169617 6608863 4427621 4861182 6455160 6608863 3169617 4918638 4029193 4029193 3750719 0 1995966 0 0 5145850 6455160 0 3750719 4918638 4427621 6608863 6313908 4918638 0 3222372
4918638 5145850 1995966 6455160 6455160 3750719 3169617 6608863 4427621 4861182 6455160 6608863 3169617 4918638 4029193 4029193 3750719 0 1995966 0 0 5145850 6455160 0 3750719 4918638 4427621 6608863 6313908 4918638 0 3222372
4256976 0 3149884 1402561 1402561 3089057 4323535 2002545 4739900 5030401 1402561 2002545 4323535 4256976 1116657 1116657 3089057 5145850 3149884 5145850 5145850 0 1402561 5145850 3089057 4256976 4739900 2002545 3577675 4256976 5145850 4376290
3504653 1402561 4459194 0 0 4491618 4595343 3405106 3337339 6432962 0 3405106 4595343 3504653 2425967 2425967 4491618 6455160 4459194 6455160 6455160 1402561 0 6455160 4491618 3504653 3337339 3405106 4980236 3504653 6455160 4648098
4918638 5145850 1995966 6455160 6455160 3750719 3169617 6608863 4427621 4861182 6455160 6608863 3169617 4918638 4029193 4029193 3750719 0 1995966 0 0 5145850 6455160 0 3750719 4918638 4427621 6608863 6313908 4918638 0 3222372
1167919 3089057 5172634 4491618 4491618 0 4270822 5091602 3012818 5223405 4491618 5091602 4270822 1167919 3139407 3139407 0 3750719 5172634 3750719 3750719 3089057 4491618 3750719 0 1167919 3012818 5091602 3770679 1167919 3750719 4323577
0 4256976 6340553 3504653 3504653 1167919 5438741 4380730 4180737 6391324 3504653 4380730 5438741 0 4307326 4307326 1167919 4918638 6340553 4918638 4918638 4256976 3504653 4918638 1167919 0 4180737 4380730 4938598 0 4918638 5491496
4180737 4739900 2431655 3337339 3337339 3012818 1258004 4562241 0 3866668 3337339 4562241 1258004 4180737 4464882 4464882 3012818 4427621 2431655 4427621 4427621 4739900 3337339 4427621 3012818 4180737 0 4562241 5319394 4180737 4427621 1310759
4380730 2002545 5152429 3405106 3405106 5091602 5820245 0 4562241 3027856 3405106 0 5820245 4380730 3119202 3119202 5091602 6608863 5152429 6608863 6608863 2002545 3405106 6608863 5091602 4380730 4562241 0 1575130 4380730 6608863 5873000
4938598 3577675 6192460 4980236 4980236 3770679 5018809 1575130 5319394 1452726 4980236 1575130 5018809 4938598 4694332 4694332 3770679 6313908 6192460 6313908 6313908 3577675 4980236 6313908 3770679 4938598 5319394 1575130 0 4938598 6313908 5071564
0 4256976 6340553 3504653 3504653 1167919 5438741 4380730 4180737 6391324 3504653 4380730 5438741 0 4307326 4307326 1167919 4918638 6340553 4918638 4918638 4256976 3504653 4918638 1167919 0 4180737 4380730 4938598 0 4918638 5491496
4918638 5145850 1995966 6455160 6455160 3750719 3169617 6608863 4427621 4861182 6455160 6608863 3169617 4918638 4029193 4029193 3750719 0 1995966 0 0 5145850 6455160 0 3750719 4918638 4427621 6608863 6313908 4918638 0 3222372
5491496 4376290 1226406 4648098 4648098 4323577 52755 5873000 1310759 3618838 4648098 5873000 52755 5491496 3259633 3259633 4323577 3222372 1226406 3222372 3222372 4376290 4648098 3222372 4323577 5491496 1310759 5873000 5071564 5491496 3222372 0
30 917661489
0 32458806 17506953 0 4420349 57510420 0 57510420 0 57510420 17506953 17506953 57510420 32458806 4420349 32458806 32458806 17506953 57510420 4420349 17506953 4420349 0 57510420 4420349 17506953 57510420 57510420 17506953 32458806
32458806 0 14951853 32458806 28038457 68447525 32458806 68447525 32458806 68447525 14951853 14951853 68447525 0 28038457 0 0 14951853 68447525 28038457 14951853 28038457 32458806 68447525 28038457 14951853 68447525 68447525 14951853 0
17506953 14951853 0 17506953 13086604 53495672 17506953 53495672 17506953 53495672 0 0 53495672 14951853 13086604 14951853 14951853 0 53495672 13086604 0 13086604 17506953 53495672 13086604 0 53495672 53495672 0 14951853
0 32458806 17506953 0 4420349 57510420 0 57510420 0 57510420 17506953 17506953 57510420 32458806 4420349 32458806 32458806 17506953 57510420 4420349 17506953 4420349 0 57510420 4420349 17506953 57510420 57510420 17506953 32458806
4420349 28038457 13086604 4420349 0 53090071 4420349 53090071 4420349 53090071 13086604 13086604 53090071 28038457 0 28038457 28038457 13086604 53090071 0 13086604 0 4420349 53090071 0 13086604 53090071 53090071 13086604 28038457
57510420 68447525 53495672 57510420 53090071 0 57510420 0 57510420 0 53495672 53495672 0 68447525 53090071 68447525 68447525 53495672 0 53090071 53495672 53090071 57510420 0 53090071 53495672 0 0 53495672 68447525
0 32458806 17506953 0 4420349 57510420 0 57510420 0 57510420 17506953 17506953 57510420 32458806 4420349 32458806 32458806 17506953 57510420 4420349 17506953 4420349 0 57510420 4420349 17506953 57510420 57510420 17506953 32458806
57510420 68447525 53495672 57510420 53090071 0 57510420 0 57510420 0 53495672 53495672 0 68447525 53090071 68447525 68447525 53495672 0 53090071 53495672 53090071 57510420 0 53090071 53495672 0 0 53495672 68447525
0 32458806 17506953 0 4420349 57510420 0 57510420 0 57510420 17506953 17506953 57510420 32458806 4420349 32458806 32458806 17506953 57510420 4420349 17506953 4420349 0 57510420 4420349 17506953 57510420 57510420 17506953 32458806
57510420 68447525 53495672 57510420 53090071 0 57510420 0 57510420 0 53495672 53495672 0 68447525 53090071 68447525 68447525 53495672 0 53090071 53495672 53090071 57510420 0 53090071 53495672 0 0 53495672 68447525
17506953 14951853 0 17506953 13086604 53495672 17506953 53495672 17506953 53495672 0 0 53495672 14951853 13086604 14951853 14951853 0 53495672 13086604 0 13086604 17506953 53495672 13086604 0 53495672 53495672 0 14951853
17506953 14951853 0 17506953 13086604 53495672 17506953 53495672 17506953 53495672 0 0 53495672 14951853 13086604 14951853 14951853 0 53495672 13086604 0 13086604 17506953 53495672 13086604 0 53495672 53495672 0 14951853
57510420 68447525 53495672 57510420 53090071 0 57510420 0 57510420 0 53495672 53495672 0 68447525 53090071 68447525 68447525 53495672 0 53090071 53495672 53090071 57510420 0 53090071 53495672 0 0 53495672 68447525
32458806 0 14951853 32458806 28038457 68447525 32458806 68447525 32458806 68447525 14951853 14951853 68447525 0 28038457 0 0 14951853 68447525 28038457 14951853 28038457 32458806 68447525 28038457 14951853 68447525 68447525 14951853 0
4420349 28038457 13086604 4420349 0 53090071 4420349 53090071 4420349 53090071 13086604 13086604 53090071 28038457 0 28038457 28038457 13086604 53090071 0 13086604 0 4420349 53090071 0 13086604 53090071 53090071 13086604 28038457
32458806 0 14951853 32458806 28038457 68447525 32458806 68447525 32458806 68447525 14951853 14951853 68447525 0 28038457 0 0 14951853 68447525 28038457 14951853 28038457 32458806 68447525 28038457 14951853 68447525 68447525 14951853 0
32458806 0 14951853 32458806 28038457 68447525 32458806 68447525 32458806 68447525 14951853 14951853 68447525 0 28038457 0 0 14951853 68447525 28038457 14951853 28038457 32458806 68447525 28038457 14951853 68447525 68447525 14951853 0
17506953 14951853 0 17506953 13086604 53495672 17506953 53495672 17506953 53495672 0 0 53495672 14951853 13086604 14951853 14951853 0 53495672 13086604 0 13086604 17506953 53495672 13086604 0 53495672 53495672 0 14951853
57510420 68447525 53495672 57510420 53090071 0 57510420 0 57510420 0 53495672 53495672 0 68447525 53090071 68447525 68447525 53495672 0 53090071 53495672 53090071 57510420 0 53090071 53495672 0 0 53495672 68447525
4420349 28038457 13086604 4420349 0 53090071 4420349 53090071 4420349 53090071 13086604 13086604 53090071 28038457 0 28038457 28038457 13086604 53090071 0 13086604 0 4420349 53090071 0 13086604 53090071 53090071 13086604 28038457
17506953 14951853 0 17506953 13086604 53495672 17506953 53495672 17506953 53495672 0 0 53495672 14951853 13086604 14951853 14951853 0 53495672 13086604 0 13086604 17506953 53495672 13086604 0 53495672 53495672 0 14951853
4420349 28038457 13086604 4420349 0 53090071 4420349 53090071 4420349 53090071 13086604 13086604 53090071 28038457 0 28038457 28038457 13086604 53090071 0 13086604 0 4420349 53090071 0 13086604 53090071 53090071 13086604 28038457
0 32458806 17506953 0 4420349 57510420 0 57510420 0 57510420 17506953 17506953 57510420 32458806 4420349 32458806 32458806 17506953 57510420 4420349 17506953 4420349 0 57510420 4420349 17506953 57510420 57510420 17506953 32458806
57510420 68447525 53495672 57510420 53090071 0 57510420 0 57510420 0 53495672 53495672 0 68447525 53090071 68447525 68447525 53495672 0 53090071 53495672 53090071 57510420 0 53090071 53495672 0 0 53495672 68447525
4420349 28038457 13086604 4420349 0 53090071 4420349 53090071 4420349 53090071 13086604 13086604 53090071 28038457 0 28038457 28038457 13086604 53090071 0 13086604 0 4420349 53090071 0 13086604 53090071 53090071 13086604 28038457
17506953 14951853 0 17506953 13086604 53495672 17506953 53495672 17506953 53495672 0 0 53495672 14951853 13086604 14951853 14951853 0 53495672 13086604 0 13086604 17506953 53495672 13086604 0 53495672 53495672 0 14951853
57510420 68447525 53495672 57510420 53090071 0 57510420 0 57510420 0 53495672 53495672 0 68447525 53090071 68447525 68447525 53495672 0 53090071 53495672 53090071 57510420 0 53090071 53495672 0 0 53495672 68447525
57510420 68447525 53495672 57510420 53090071 0 57510420 0 57510420 0 53495672 53495672 0 68447525 53090071 68447525 68447525 53495672 0 53090071 53495672 53090071 57510420 0 53090071 53495672 0 0 53495672 68447525
17506953 14951853 0 17506953 13086604 53495672 17506953 53495672 17506953 53495672 0 0 53495672 14951853 13086604 14951853 14951853 0 53495672 13086604 0 13086604 17506953 53495672 13086604 0 53495672 53495672 0 14951853
32458806 0 14951853 32458806 28038457 68447525 32458806 68447525 32458806 68447525 14951853 14951853 68447525 0 28038457 0 0 14951853 68447525 28038457 14951853 28038457 32458806 68447525 28038457 14951853 68447525 68447525 14951853 0
36 809874500
0 36218417 46213916 5597833 28283633 5597833 15153556 29094085 18364361 0 36218417 28283633 46213916 3599291 18364361 46213916 29129165 5597833 15153556 5597833 18364361 18364361 28283633 5597833 46213916 55176067 28283633 46213916 29094085 18364361 46213916 46213916 28283633 29129165 3599291 46213916
36218417 0 81823786 41816250 57303468 41816250 44173391 58113920 54582778 36218417 0 57303468 81823786 32619126 54582778 81823786 58149000 41816250 44173391 41816250 54582778 54582778 57303468 41816250 81823786 78534614 57303468 81823786 58113920 54582778 81823786 81823786 57303468 58149000 32619126 81823786
46213916 81823786 0 51811749 49746036 51811749 37650395 51590924 27849555 46213916 81823786 49746036 0 49204660 27849555 0 35534211 51811749 37650395 51811749 27849555 27849555 49746036 51811749 0 8962151 49746036 0 51590924 27849555 0 0 49746036 35534211 49204660 0
5597833 41816250 51811749 0 33881466 0 16993184 30933713 23962194 5597833 41816250 33881466 51811749 9197124 23962194 51811749 30968793 0 16993184 0 23962194 23962194 33881466 0 51811749 54974273 33881466 51811749 30933713 23962194 51811749 51811749 33881466 30968793 9197124 51811749
28283633 57303468 49746036 33881466 0 33881466 30667311 44607840 24725856 28283633 57303468 0 49746036 24684342 24725856 49746036 16691702 33881466 30667311 33881466 24725856 24725856 0 33881466 49746036 40783885 0 49746036 44607840 24725856 49746036 49746036 0 16691702 24684342 49746036
5597833 41816250 51811749 0 33881466 0 16993184 30933713 23962194 5597833 41816250 33881466 51811749 9197124 23962194 51811749 30968793 0 16993184 0 23962194 23962194 33881466 0 51811749 54974273 33881466 51811749 30933713 23962194 51811749 51811749 33881466 30968793 9197124 51811749
15153556 44173391 37650395 16993184 30667311 16993184 0 13940529 33517917 15153556 44173391 30667311 37650395 11554265 33517917 37650395 13975609 16993184 0 16993184 33517917 33517917 30667311 16993184 37650395 46612546 30667311 37650395 13940529 33517917 37650395 37650395 30667311 13975609 11554265 37650395
29094085 58113920 51590924 30933713 44607840 30933713 13940529 0 47458446 29094085 58113920 44607840 51590924 25494794 47458446 51590924 27916138 30933713 13940529 30933713 47458446 47458446 44607840 30933713 51590924 60553075 44607840 51590924 0 47458446 51590924 51590924 44607840 27916138 25494794 51590924
18364361 54582778 27849555 23962194 24725856 23962194 33517917 47458446 0 18364361 54582778 24725856 27849555 21963652 0 27849555 41417558 23962194 33517917 23962194 0 0 24725856 23962194 27849555 36811706 24725856 27849555 47458446 0 27849555 27849555 24725856 41417558 21963652 27849555
0 36218417 46213916 5597833 28283633 5597833 15153556 29094085 18364361 0 36218417 28283633 46213916 3599291 18364361 46213916 29129165 5597833 15153556 5597833 18364361 18364361 28283633 5597833 46213916 55176067 28283633 46213916 29094085 18364361 46213916 46213916 28283633 29129165 3599291 46213916
36218417 0 81823786 41816250 57303468 41816250 44173391 58113920 54582778 36218417 0 57303468 81823786 32619126 54582778 81823786 58149000 41816250 44173391 41816250 54582778 54582778 57303468 41816250 81823786 78534614 57303468 81823786 58113920 54582778 81823786 81823786 57303468 58149000 32619126 81823786
28283633 57303468 49746036 33881466 0 33881466 30667311 44607840 24725856 28283633 57303468 0 49746036 24684342 24725856 49746036 16691702 33881466 30667311 33881466 24725856 24725856 0 33881466 49746036 40783885 0 49746036 44607840 24725856 49746036 49746036 0 16691702 24684342 49746036
46213916 81823786 0 51811749 49746036 51811749 37650395 51590924 27849555 46213916 81823786 49746036 0 49204660 27849555 0 35534211 51811749 37650395 51811749 27849555 27849555 49746036 51811749 0 8962151 49746036 0 51590924 27849555 0 0 49746036 35534211 49204660 0
3599291 32619126 49204660 9197124 24684342 9197124 11554265 25494794 21963652 3599291 32619126 24684342 49204660 0 21963652 49204660 25529874 9197124 11554265 9197124 21963652 21963652 24684342 9197124 49204660 58166811 24684342 49204660 25494794 21963652 49204660 49204660 24684342 25529874 0 49204660
18364361 54582778 27849555 23962194 24725856 23962194 33517917 47458446 0 18364361 54582778 24725856 27849555 21963652 0 27849555 41417558 23962194 33517917 23962194 0 0 24725856 23962194 27849555 36811706 24725856 27849555 47458446 0 27849555 27849555 24725856 41417558 21963652 27849555
46213916 81823786 0 51811749 49746036 51811749 37650395 51590924 27849555 46213916 81823786 49746036 0 49204660 27849555 0 35534211 51811749 37650395 51811749 27849555 27849555 49746036 51811749 0 8962151 49746036 0 51590924 27849555 0 0 49746036 35534211 49204660 0
29129165 58149000 35534211 30968793 16691702 30968793 13975609 27916138 41417558 29129165 58149000 16691702 35534211 25529874 41417558 35534211 0 30968793 13975609 30968793 41417558 41417558 16691702 30968793 35534211 44496362 16691702 35534211 27916138 41417558 35534211 35534211 16691702 0 25529874 35534211
5597833 41816250 51811749 0 33881466 0 16993184 30933713 23962194 5597833 41816250 33881466 51811749 9197124 23962194 51811749 30968793 0 16993184 0 23962194 23962194 33881466 0 51811749 54974273 33881466 51811749 30933713 23962194 51811749 51811749 33881466 30968793 9197124 51811749
15153556 44173391 37650395 16993184 30667311 16993184 0 13940529 33517917 15153556 44173391 30667311 37650395 11554265 33517917 37650395 13975609 16993184 0 16993184 33517917 33517917 30667311 16993184 37650395 46612546 30667311 37650395 13940529 33517917 37650395 37650395 30667311 13975609 11554265 37650395
5597833 41816250 51811749 0 33881466 0 16993184 30933713 23962194 5597833 41816250 33881466 51811749 9197124 23962194 51811749 30968793 0 16993184 0 23962194 23962194 33881466 0 51811749 54974273 33881466 51811749 30933713 23962194 51811749 51811749 33881466 30968793 9197124 51811749
18364361 54582778 27849555 23962194 24725856 23962194 33517917 47458446 0 18364361 54582778 24725856 27849555 21963652 0 27849555 41417558 23962194 33517917 23962194 0 0 24725856 23962194 27849555 36811706 24725856 27849555 47458446 0 27849555 27849555 24725856 41417558 21963652 27849555
18364361 54582778 27849555 23962194 24725856 23962194 33517917 47458446 0 18364361 54582778 24725856 27849555 21963652 0 27849555 41417558 23962194 33517917 23962194 0 0 24725856 23962194 27849555 36811706 24725856 27849555 47458446 0 27849555 27849555 24725856 41417558 21963652 27849555
28283633 57303468 49746036 33881466 0 33881466 30667311 44607840 24725856 28283633 57303468 0 49746036 24684342 24725856 49746036 16691702 33881466 30667311 33881466 24725856 24725856 0 33881466 49746036 40783885 0 49746036 44607840 24725856 49746036 49746036 0 16691702 24684342 49746036
5597833 41816250 51811749 0 33881466 0 16993184 30933713 23962194 5597833 41816250 33881466 51811749 9197124 23962194 51811749 30968793 0 16993184 0 23962194 23962194 33881466 0 51811749 54974273 33881466 51811749 30933713 23962194 51811749 51811749 33881466 30968793 9197124 51811749
46213916 81823786 0 51811749 49746036 51811749 37650395 51590924 27849555 46213916 81823786 49746036 0 49204660 27849555 0 35534211 51811749 37650395 51811749 27849555 27849555 49746036 51811749 0 8962151 49746036 0 51590924 27849555 0 0 49746036 35534211 49204660 0
55176067 78534614 8962151 54974273 40783885 54974273 46612546 60553075 36811706 55176067 78534614 40783885 8962151 58166811 36811706 8962151 44496362 54974273 46612546 54974273 36811706 36811706 40783885 54974273 8962151 0 40783885 8962151 60553075 36811706 8962151 8962151 40783885 44496362 58166811 8962151
28283633 57303468 49746036 33881466 0 33881466 30667311 44607840 24725856 28283633 57303468 0 49746036 24684342 24725856 49746036 16691702 33881466 30667311 33881466 24725856 24725856 0 33881466 49746036 40783885 0 49746036 44607840 24725856 49746036 49746036 0 16691702 24684342 49746036
46213916 81823786 0 51811749 49746036 51811749 37650395 51590924 27849555 46213916 81823786 49746036 0 49204660 27849555 0 35534211 51811749 37650395 51811749 27849555 27849555 49746036 51811749 0 8962151 49746036 0 51590924 27849555 0 0 49746036 35534211 49204660 0
29094085 58113920 51590924 30933713 44607840 30933713 13940529 0 47458446 29094085 58113920 44607840 51590924 25494794 47458446 51590924 27916138 30933713 13940529 30933713 47458446 47458446 44607840 30933713 51590924 60553075 44607840 51590924 0 47458446 51590924 51590924 44607840 27916138 25494794 51590924
18364361 54582778 27849555 23962194 24725856 23962194 33517917 47458446 0 18364361 54582778 24725856 27849555 21963652 0 27849555 41417558 23962194 33517917 23962194 0 0 24725856 23962194 27849555 36811706 24725856 27849555 47458446 0 27849555 27849555 24725856 41417558 21963652 27849555
46213916 81823786 0 51811749 49746036 51811749 37650395 51590924 27849555 46213916 81823786 49746036 0 49204660 27849555 0 35534211 51811749 37650395 51811749 27849555 27849555 49746036 51811749 0 8962151 49746036 0 51590924 27849555 0 0 49746036 35534211 49204660 0
46213916 81823786 0 51811749 49746036 51811749 37650395 51590924 27849555 46213916 81823786 49746036 0 49204660 27849555 0 35534211 51811749 37650395 51811749 27849555 27849555 49746036 51811749 0 8962151 49746036 0 51590924 27849555 0 0 49746036 35534211 49204660 0
28283633 57303468 49746036 33881466 0 33881466 30667311 44607840 24725856 28283633 57303468 0 49746036 24684342 24725856 49746036 16691702 33881466 30667311 33881466 24725856 24725856 0 33881466 49746036 40783885 0 49746036 44607840 24725856 49746036 49746036 0 16691702 24684342 49746036
29129165 58149000 35534211 30968793 16691702 30968793 13975609 27916138 41417558 29129165 58149000 16691702 35534211 25529874 41417558 35534211 0 30968793 13975609 30968793 41417558 41417558 16691702 30968793 35534211 44496362 16691702 35534211 27916138 41417558 35534211 35534211 16691702 0 25529874 35534211
3599291 32619126 49204660 9197124 24684342 9197124 11554265 25494794 21963652 3599291 32619126 24684342 49204660 0 21963652 49204660 25529874 9197124 11554265 9197124 21963652 21963652 24684342 9197124 49204660 58166811 24684342 49204660 25494794 21963652 49204660 49204660 24684342 25529874 0 49204660
46213916 81823786 0 51811749 49746036 51811749 37650395 51590924 27849555 46213916 81823786 49746036 0 49204660 27849555 0 35534211 51811749 37650395 51811749 27849555 27849555 49746036 51811749 0 8962151 49746036 0 51590924 27849555 0 0 49746036 35534211 49204660 0
34 452770299
0 29341350 29341350 29341350 29341350 0 29341350 0 29341350 29341350 29341350 29341350 0 29341350 0 0 29341350 0 0 0 0 29341350 29341350 29341350 0 29341350 29341350 0 29341350 29341350 0 0 29341350 29341350
29341350 0 0 0 0 29341350 0 29341350 0 0 0 0 29341350 0 29341350 29341350 0 29341350 29341350 29341350 29341350 0 0 0 29341350 0 0 29341350 0 0 29341350 29341350 0 0
29341350 0 0 0 0 29341350 0 29341350 0 0 0 0 29341350 0 29341350 29341350 0 29341350 29341350 29341350 29341350 0 0 0 29341350 0 0 29341350 0 0 29341350 29341350 0 0
29341350 0 0 0 0 29341350 0 29341350 0 0 0 0 29341350 0 29341350 29341350 0 29341350 29341350 29341350 29341350 0 0 0 29341350 0 0 29341350 0 0 29341350 29341350 0 0
29341350 0 0 0 0 29341350 0 29341350 0 0 0 0 29341350 0 29341350 29341350 0 29341350 29341350 29341350 29341350 0 0 0 29341350 0 0 29341350 0 0 29341350 29341350 0 0
0 29341350 29341350 29341350 29341350 0 29341350 0 29341350 29341350 29341350 29341350 0 29341350 0 0 29341350 0 0 0 0 29341350 29341350 29341350 0 29341350 29341350 0 29341350 29341350 0 0 29341350 29341350
29341350 0 0 0 0 29341350 0 29341350 0 0 0 0 29341350 0 29341350 29341350 0 29341350 29341350 29341350 29341350 0 0 0 29341350 0 0 29341350 0 0 29341350 29341350 0 0
0 29341350 29341350 29341350 29341350 0 29341350 0 29341350 29341350 29341350 29341350 0 29341350 0 0 29341350 0 0 0 0 29341350 29341350 29341350 0 29341350 29341350 0 29341350 29341350 0 0 29341350 29341350
29341350 0 0 0 0 29341350 0 29341350 0 0 0 0 29341350 0 29341350 29341350 0 29341350 29341350 29341350 29341350 0 0 0 29341350 0 0 29341350 0 0 29341350 29341350 0 0
29341350 0 0 0 0 29341350 0 29341350 0 0 0 0 29341350 0 29341350 29341350 0 29341350 29341350 29341350 29341350 0 0 0 29341350 0 0 29341350 0 0 29341350 29341350 0 0
29341350 0 0 0 0 29341350 0 29341350 0 0 0 0 29341350 0 29341350 29341350 0 29341350 29341350 29341350 29341350 0 0 0 29341350 0 0 29341350 0 0 29341350 29341350 0 0
29341350 0 0 0 0 29341350 0 29341350 0 0 0 0 29341350 0 29341350 29341350 0 29341350 29341350 29341350 29341350 0 0 0 29341350 0 0 29341350 0 0 29341350 29341350 0 0
0 29341350 29341350 29341350 29341350 0 29341350 0 29341350 29341350 29341350 29341350 0 29341350 0 0 29341350 0 0 0 0 29341350 29341350 29341350 0 29341350 29341350 0 29341350 29341350 0 0 29341350 29341350
29341350 0 0 0 0 29341350 0 29341350 0 0 0 0 29341350 0 29341350 29341350 0 29341350 29341350 29341350 29341350 0 0 0 29341350 0 0 29341350 0 0 29341350 29341350 0 0
0 29341350 29341350 29341350 29341350 0 29341350 0 29341350 29341350 29341350 29341350 0 29341350 0 0 29341350 0 0 0 0 29341350 29341350 29341350 0 29341350 29341350 0 29341350 29341350 0 0 29341350 29341350
0 29341350 29341350 29341350 29341350 0 29341350 0 29341350 29341350 29341350 29341350 0 29341350 0 0 29341350 0 0 0 0 29341350 29341350 29341350 0 29341350 29341350 0 29341350 29341350 0 0 29341350 29341350
29341350 0 0 0 0 29341350 0 29341350 0 0 0 0 29341350 0 29341350 29341350 0 29341350 29341350 29341350 29341350 0 0 0 29341350 0 0 29341350 0 0 29341350 29341350 0 0
0 29341350 29341350 29341350 29341350 0 29341350 0 29341350 29341350 29341350 29341350 0 29341350 0 0 29341350 0 0 0 0 29341350 29341350 29341350 0 29341350 29341350 0 29341350 29341350 0 0 29341350 29341350
0 29341350 29341350 29341350 29341350 0 29341350 0 29341350 29341350 29341350 29341350 0 29341350 0 0 29341350 0 0 0 0 29341350 29341350 29341350 0 29341350 29341350 0 29341350 29341350 0 0 29341350 29341350
0 29341350 29341350 29341350 29341350 0 29341350 0 29341350 29341350 29341350 29341350 0 29341350 0 0 29341350 0 0 0 0 29341350 29341350 29341350 0 29341350 29341350 0 29341350 29341350 0 0 29341350 29341350
0 29341350 29341350 29341350 29341350 0 29341350 0 29341350 29341350 29341350 29341350 0 29341350 0 0 29341350 0 0 0 0 29341350 29341350 29341350 0 29341350 29341350 0 29341350 29341350 0 0 29341350 29341350
29341350 0 0 0 0 29341350 0 29341350 0 0 0 0 29341350 0 29341350 29341350 0 29341350 29341350 29341350 29341350 0 0 0 29341350 0 0 29341350 0 0 29341350 29341350 0 0
29341350 0 0 0 0 29341350 0 29341350 0 0 0 0 29341350 0 29341350 29341350 0 29341350 29341350 29341350 29341350 0 0 0 29341350 0 0 29341350 0 0 29341350 29341350 0 0
29341350 0 0 0 0 29341350 0 29341350 0 0 0 0 29341350 0 29341350 29341350 0 29341350 29341350 29341350 29341350 0 0 0 29341350 0 0 29341350 0 0 29341350 29341350 0 0
0 29341350 29341350 29341350 29341350 0 29341350 0 29341350 29341350 29341350 29341350 0 29341350 0 0 29341350 0 0 0 0 29341350 29341350 29341350 0 29341350 29341350 0 29341350 29341350 0 0 29341350 29341350
29341350 0 0 0 0 29341350 0 29341350 0 0 0 0 29341350 0 29341350 29341350 0 29341350 29341350 29341350 29341350 0 0 0 29341350 0 0 29341350 0 0 29341350 29341350 0 0
29341350 0 0 0 0 29341350 0 29341350 0 0 0 0 29341350 0 29341350 29341350 0 29341350 29341350 29341350 29341350 0 0 0 29341350 0 0 29341350 0 0 29341350 29341350 0 0
0 29341350 29341350 29341350 29341350 0 29341350 0 29341350 29341350 29341350 29341350 0 29341350 0 0 29341350 0 0 0 0 29341350 29341350 29341350 0 29341350 29341350 0 29341350 29341350 0 0 29341350 29341350
29341350 0 0 0 0 29341350 0 29341350 0 0 0 0 29341350 0 29341350 29341350 0 29341350 29341350 29341350 29341350 0 0 0 29341350 0 0 29341350 0 0 29341350 29341350 0 0
29341350 0 0 0 0 29341350 0 29341350 0 0 0 0 29341350 0 29341350 29341350 0 29341350 29341350 29341350 29341350 0 0 0 29341350 0 0 29341350 0 0 29341350 29341350 0 0
0 29341350 29341350 29341350 29341350 0 29341350 0 29341350 29341350 29341350 29341350 0 29341350 0 0 29341350 0 0 0 0 29341350 29341350 29341350 0 29341350 29341350 0 29341350 29341350 0 0 29341350 29341350
0 29341350 29341350 29341350 29341350 0 29341350 0 29341350 29341350 29341350 29341350 0 29341350 0 0 29341350 0 0 0 0 29341350 29341350 29341350 0 29341350 29341350 0 29341350 29341350 0 0 29341350 29341350
29341350 0 0 0 0 29341350 0 29341350 0 0 0 0 29341350 0 29341350 29341350 0 29341350 29341350 29341350 29341350 0 0 0 29341350 0 0 29341350 0 0 29341350 29341350 0 0
29341350 0 0 0 0 29341350 0 29341350 0 0 0 0 29341350 0 29341350 29341350 0 29341350 29341350 29341350 29341350 0 0 0 29341350 0 0 29341350 0 0 29341350 29341350 0 0
36 480595622
0 37960747 10325539 39100725 22917428 10325539 39100725 10325539 22769311 22917428 22917428 37960747 39100725 10325539 10325539 22769311 39100725 26544458 15940821 15940821 0 22769311 37960747 0 15940821 37960747 37960747 15496839 26544458 39100725 39100725 22769311 15496839 26544458 37960747 15940821
37960747 0 27635208 56410394 33296566 27635208 56410394 27635208 15191436 33296566 33296566 0 56410394 27635208 27635208 15191436 56410394 36923596 33250490 33250490 37960747 15191436 0 37960747 33250490 0 0 24358209 36923596 56410394 56410394 15191436 24358209 36923596 0 33250490
10325539 27635208 0 28775186 12591889 0 28775186 0 12443772 12591889 12591889 27635208 28775186 0 0 12443772 28775186 16218919 5615282 5615282 10325539 12443772 27635208 10325539 5615282 27635208 27635208 5171300 16218919 28775186 28775186 12443772 5171300 16218919 27635208 5615282
39100725 56410394 28775186 0 29439532 28775186 0 28775186 41218958 29439532 29439532 56410394 0 28775186 28775186 41218958 0 25812502 23159904 23159904 39100725 41218958 56410394 39100725 23159904 56410394 56410394 33946486 25812502 0 0 41218958 33946486 25812502 56410394 23159904
22917428 33296566 12591889 29439532 0 12591889 29439532 12591889 25035661 0 0 33296566 29439532 12591889 12591889 25035661 29439532 3627030 18207171 18207171 22917428 25035661 33296566 22917428 18207171 33296566 33296566 17763189 3627030 29439532 29439532 25035661 17763189 3627030 33296566 18207171
10325539 27635208 0 28775186 12591889 0 28775186 0 12443772 12591889 12591889 27635208 28775186 0 0 12443772 28775186 16218919 5615282 5615282 10325539 12443772 27635208 10325539 5615282 27635208 27635208 5171300 16218919 28775186 28775186 12443772 5171300 16218919 27635208 5615282
39100725 56410394 28775186 0 29439532 28775186 0 28775186 41218958 29439532 29439532 56410394 0 28775186 28775186 41218958 0 25812502 23159904 23159904 39100725 41218958 56410394 39100725 23159904 56410394 56410394 33946486 25812502 0 0 41218958 33946486 25812502 56410394 23159904
10325539 27635208 0 28775186 12591889 0 28775186 0 12443772 12591889 12591889 27635208 28775186 0 0 12443772 28775186 16218919 5615282 5615282 10325539 12443772 27635208 10325539 5615282 27635208 27635208 5171300 16218919 28775186 28775186 12443772 5171300 16218919 27635208 5615282
22769311 15191436 12443772 41218958 25035661 12443772 41218958 12443772 0 25035661 25035661 15191436 41218958 12443772 12443772 0 41218958 28662691 18059054 18059054 22769311 0 15191436 22769311 18059054 15191436 15191436 17615072 28662691 41218958 41218958 0 17615072 28662691 15191436 18059054
22917428 33296566 12591889 29439532 0 12591889 29439532 12591889 25035661 0 0 33296566 29439532 12591889 12591889 25035661 29439532 3627030 18207171 18207171 22917428 25035661 33296566 22917428 18207171 33296566 33296566 17763189 3627030 29439532 29439532 25035661 17763189 3627030 33296566 18207171
22917428 33296566 12591889 29439532 0 12591889 29439532 12591889 25035661 0 0 33296566 29439532 12591889 12591889 25035661 29439532 3627030 18207171 18207171 22917428 25035661 33296566 22917428 18207171 33296566 33296566 17763189 3627030 29439532 29439532 25035661 17763189 3627030 33296566 18207171
37960747 0 27635208 56410394 33296566 27635208 56410394 27635208 15191436 33296566 33296566 0 56410394 27635208 27635208 15191436 56410394 36923596 33250490 33250490 37960747 15191436 0 37960747 33250490 0 0 24358209 36923596 56410394 56410394 15191436 24358209 36923596 0 33250490
39100725 56410394 28775186 0 29439532 28775186 0 28775186 41218958 29439532 29439532 56410394 0 28775186 28775186 41218958 0 25812502 23159904 23159904 39100725 41218958 56410394 39100725 23159904 56410394 56410394 33946486 25812502 0 0 41218958 33946486 25812502 56410394 23159904
10325539 27635208 0 28775186 12591889 0 28775186 0 12443772 12591889 12591889 27635208 28775186 0 0 12443772 28775186 16218919 5615282 5615282 10325539 12443772 27635208 10325539 5615282 27635208 27635208 5171300 16218919 28775186 28775186 12443772 5171300 16218919 27635208 5615282
10325539 27635208 0 28775186 12591889 0 28775186 0 12443772 12591889 12591889 27635208 28775186 0 0 12443772 28775186 16218919 5615282 5615282 10325539 12443772 27635208 10325539 5615282 27635208 27635208 5171300 16218919 28775186 28775186 12443772 5171300 16218919 27635208 5615282
22769311 15191436 12443772 41218958 25035661 12443772 41218958 12443772 0 25035661 25035661 15191436 41218958 12443772 12443772 0 41218958 28662691 18059054 18059054 22769311 0 15191436 22769311 18059054 15191436 15191436 17615072 28662691 41218958 41218958 0 17615072 28662691 15191436 18059054
39100725 56410394 28775186 0 29439532 28775186 0 28775186 41218958 29439532 29439532 56410394 0 28775186 28775186 41218958 0 25812502 23159904 23159904 39100725 41218958 56410394 39100725 23159904 56410394 56410394 33946486 25812502 0 0 41218958 33946486 25812502 56410394 23159904
26544458 36923596 16218919 25812502 3627030 16218919 25812502 16218919 28662691 3627030 3627030 36923596 25812502 16218919 16218919 28662691 25812502 0 21834201 21834201 26544458 28662691 36923596 26544458 21834201 36923596 36923596 21390219 0 25812502 25812502 28662691 21390219 0 36923596 21834201
15940821 33250490 5615282 23159904 18207171 5615282 23159904 5615282 18059054 18207171 18207171 33250490 23159904 5615282 5615282 18059054 23159904 21834201 0 0 15940821 18059054 33250490 15940821 0 33250490 33250490 10786582 21834201 23159904 23159904 18059054 10786582 21834201 33250490 0
15940821 33250490 5615282 23159904 18207171 5615282 23159904 5615282 18059054 18207171 18207171 33250490 23159904 5615282 5615282 18059054 23159904 21834201 0 0 15940821 18059054 33250490 15940821 0 33250490 33250490 10786582 21834201 23159904 23159904 18059054 10786582 21834201 33250490 0
0 37960747 10325539 39100725 22917428 10325539 39100725 10325539 22769311 22917428 22917428 37960747 39100725 10325539 10325539 22769311 39100725 26544458 15940821 15940821 0 22769311 37960747 0 15940821 37960747 37960747 15496839 26544458 39100725 39100725 22769311 15496839 26544458 37960747 15940821
22769311 15191436 12443772 41218958 25035661 12443772 41218958 12443772 0 25035661 25035661 15191436 41218958 12443772 12443772 0 41218958 28662691 18059054 18059054 22769311 0 15191436 22769311 18059054 15191436 15191436 17615072 28662691 41218958 41218958 0 17615072 28662691 15191436 18059054
37960747 0 27635208 56410394 33296566 27635208 56410394 27635208 15191436 33296566 33296566 0 56410394 27635208 27635208 15191436 56410394 36923596 33250490 33250490 37960747 15191436 0 37960747 33250490 0 0 24358209 36923596 56410394 56410394 15191436 24358209 36923596 0 33250490
0 37960747 10325539 39100725 22917428 10325539 39100725 10325539 22769311 22917428 22917428 37960747 39100725 10325539 10325539 22769311 39100725 26544458 15940821 15940821 0 22769311 37960747 0 15940821 37960747 37960747 15496839 26544458 39100725 39100725 22769311 15496839 26544458 37960747 15940821
15940821 33250490 5615282 23159904 18207171 5615282 23159904 5615282 18059054 18207171 18207171 33250490 23159904 5615282 5615282 18059054 23159904 21834201 0 0 15940821 18059054 33250490 15940821 0 33250490 33250490 10786582 21834201 23159904 23159904 18059054 10786582 21834201 33250490 0
37960747 0 27635208 56410394 33296566 27635208 56410394 27635208 15191436 33296566 33296566 0 56410394 27635208 27635208 15191436 56410394 36923596 33250490 33250490 37960747 15191436 0 37960747 33250490 0 0 24358209 36923596 56410394 56410394 15191436 24358209 36923596 0 33250490
37960747 0 27635208 56410394 33296566 27635208 56410394 27635208 15191436 33296566 33296566 0 56410394 27635208 27635208 15191436 56410394 36923596 33250490 33250490 37960747 15191436 0 37960747 33250490 0 0 24358209 36923596 56410394 56410394 15191436 24358209 36923596 0 33250490
15496839 24358209 5171300 33946486 17763189 5171300 33946486 5171300 17615072 17763189 17763189 24358209 33946486 5171300 5171300 17615072 33946486 21390219 10786582 10786582 15496839 17615072 24358209 15496839 10786582 24358209 24358209 0 21390219 33946486 33946486 17615072 0 21390219 24358209 10786582
26544458 36923596 16218919 25812502 3627030 16218919 25812502 16218919 28662691 3627030 3627030 36923596 25812502 16218919 16218919 28662691 25812502 0 21834201 21834201 26544458 28662691 36923596 26544458 21834201 36923596 36923596 21390219 0 25812502 25812502 28662691 21390219 0 36923596 21834201
39100725 56410394 28775186 0 29439532 28775186 0 28775186 41218958 29439532 29439532 56410394 0 28775186 28775186 41218958 0 25812502 23159904 23159904 39100725 41218958 56410394 39100725 23159904 56410394 56410394 33946486 25812502 0 0 41218958 33946486 25812502 56410394 23159904
39100725 56410394 28775186 0 29439532 28775186 0 28775186 41218958 29439532 29439532 56410394 0 28775186 28775186 41218958 0 25812502 23159904 23159904 39100725 41218958 56410394 39100725 23159904 56410394 56410394 33946486 25812502 0 0 41218958 33946486 25812502 56410394 23159904
22769311 15191436 12443772 41218958 25035661 12443772 41218958 12443772 0 25035661 25035661 15191436 41218958 12443772 12443772 0 41218958 28662691 18059054 18059054 22769311 0 15191436 22769311 18059054 15191436 15191436 17615072 28662691 41218958 41218958 0 17615072 28662691 15191436 18059054
15496839 24358209 5171300 33946486 17763189 5171300 33946486 5171300 17615072 17763189 17763189 24358209 33946486 5171300 5171300 17615072 33946486 21390219 10786582 10786582 15496839 17615072 24358209 15496839 10786582 24358209 24358209 0 21390219 33946486 33946486 17615072 0 21390219 24358209 10786582
26544458 36923596 16218919 25812502 3627030 16218919 25812502 16218919 28662691 3627030 3627030 36923596 25812502 16218919 16218919 28662691 25812502 0 21834201 21834201 26544458 28662691 36923596 26544458 21834201 36923596 36923596 21390219 0 25812502 25812502 28662691 21390219 0 36923596 21834201
37960747 0 27635208 56410394 33296566 27635208 56410394 27635208 15191436 33296566 33296566 0 56410394 27635208 27635208 15191436 56410394 36923596 33250490 33250490 37960747 15191436 0 37960747 33250490 0 0 24358209 36923596 56410394 56410394 15191436 24358209 36923596 0 33250490
15940821 33250490 5615282 23159904 18207171 5615282 23159904 5615282 18059054 18207171 18207171 33250490 23159904 5615282 5615282 18059054 23159904 21834201 0 0 15940821 18059054 33250490 15940821 0 33250490 33250490 10786582 21834201 23159904 23159904 18059054 10786582 21834201 33250490 0
38 746055269
0 28081257 11663567 66833 0 11663567 66833 28081257 66152989 11663567 3220329 24967315 66833 24967315 19018906 28081257 28081257 66833 24967315 66152989 28081257 11663567 66833 24967315 28081257 28081257 28081257 66152989 66833 66833 3220329 66833 11663567 24967315 66152989 28081257 66152989 66833
28081257 0 39744824 28148090 28081257 39744824 28148090 0 94234246 39744824 31301586 53048572 28148090 53048572 34645509 0 0 28148090 53048572 94234246 0 39744824 28148090 53048572 0 0 0 94234246 28148090 28148090 31301586 28148090 39744824 53048572 94234246 0 94234246 28148090
11663567 39744824 0 11730400 11663567 0 11730400 39744824 77816556 0 8443238 13303748 11730400 13303748 24241815 39744824 39744824 11730400 13303748 77816556 39744824 0 11730400 13303748 39744824 39744824 39744824 77816556 11730400 11730400 8443238 11730400 0 13303748 77816556 39744824 77816556 11730400
66833 28148090 11730400 0 66833 11730400 0 28148090 66086156 11730400 3287162 25034148 0 25034148 19085739 28148090 28148090 0 25034148 66086156 28148090 11730400 0 25034148 28148090 28148090 28148090 66086156 0 0 3287162 0 11730400 25034148 66086156 28148090 66086156 0
0 28081257 11663567 66833 0 11663567 66833 28081257 66152989 11663567 3220329 24967315 66833 24967315 19018906 28081257 28081257 66833 24967315 66152989 28081257 11663567 66833 24967315 28081257 28081257 28081257 66152989 66833 66833 3220329 66833 11663567 24967315 66152989 28081257 66152989 66833
11663567 39744824 0 11730400 11663567 0 11730400 39744824 77816556 0 8443238 13303748 11730400 13303748 24241815 39744824 39744824 11730400 13303748 77816556 39744824 0 11730400 13303748 39744824 39744824 39744824 77816556 11730400 11730400 8443238 11730400 0 13303748 77816556 39744824 77816556 11730400
66833 28148090 11730400 0 66833 11730400 0 28148090 66086156 11730400 3287162 25034148 0 25034148 19085739 28148090 28148090 0 25034148 66086156 28148090 11730400 0 25034148 28148090 28148090 28148090 66086156 0 0 3287162 0 11730400 25034148 66086156 28148090 66086156 0
28081257 0 39744824 28148090 28081257 39744824 28148090 0 94234246 39744824 31301586 53048572 28148090 53048572 34645509 0 0 28148090 53048572 94234246 0 39744824 28148090 53048572 0 0 0 94234246 28148090 28148090 31301586 28148090 39744824 53048572 94234246 0 94234246 28148090
66152989 94234246 77816556 66086156 66152989 77816556 66086156 94234246 0 77816556 69373318 91120304 66086156 91120304 85171895 94234246 94234246 66086156 91120304 0 94234246 77816556 66086156 91120304 94234246 94234246 94234246 0 66086156 66086156 69373318 66086156 77816556 91120304 0 94234246 0 66086156
11663567 39744824 0 11730400 11663567 0 11730400 39744824 77816556 0 8443238 13303748 11730400 13303748 24241815 39744824 39744824 11730400 13303748 77816556 39744824 0 11730400 13303748 39744824 39744824 39744824 77816556 11730400 11730400 8443238 11730400 0 13303748 77816556 39744824 77816556 11730400
3220329 31301586 8443238 3287162 3220329 8443238 3287162 31301586 69373318 8443238 0 21746986 3287162 21746986 15798577 31301586 31301586 3287162 21746986 69373318 31301586 8443238 3287162 21746986 31301586 31301586 31301586 69373318 3287162 3287162 0 3287162 8443238 21746986 69373318 31301586 69373318 3287162
24967315 53048572 13303748 25034148 24967315 13303748 25034148 53048572 91120304 13303748 21746986 0 25034148 0 33033990 53048572 53048572 25034148 0 91120304 53048572 13303748 25034148 0 53048572 53048572 53048572 91120304 25034148 25034148 21746986 25034148 13303748 0 91120304 53048572 91120304 25034148
66833 28148090 11730400 0 66833 11730400 0 28148090 66086156 11730400 3287162 25034148 0 25034148 19085739 28148090 28148090 0 25034148 66086156 28148090 11730400 0 25034148 28148090 28148090 28148090 66086156 0 0 3287162 0 11730400 25034148 66086156 28148090 66086156 0
24967315 53048572 13303748 25034148 24967315 13303748 25034148 53048572 91120304 13303748 21746986 0 25034148 0 33033990 53048572 53048572 25034148 0 91120304 53048572 13303748 25034148 0 53048572 53048572 53048572 91120304 25034148 25034148 21746986 25034148 13303748 0 91120304 53048572 91120304 25034148
19018906 34645509 24241815 19085739 19018906 24241815 19085739 34645509 85171895 24241815 15798577 33033990 19085739 33033990 0 34645509 34645509 19085739 33033990 85171895 34645509 24241815 19085739 33033990 34645509 34645509 34645509 85171895 19085739 19085739 15798577 19085739 24241815 33033990 85171895 34645509 85171895 19085739
28081257 0 39744824 28148090 28081257 39744824 28148090 0 94234246 39744824 31301586 53048572 28148090 53048572 34645509 0 0 28148090 53048572 94234246 0 39744824 28148090 53048572 0 0 0 94234246 28148090 28148090 31301586 28148090 39744824 53048572 94234246 0 94234246 28148090
28081257 0 39744824 28148090 28081257 39744824 28148090 0 94234246 39744824 31301586 53048572 28148090 53048572 34645509 0 0 28148090 53048572 94234246 0 39744824 28148090 53048572 0 0 0 94234246 28148090 28148090 31301586 28148090 39744824 53048572 94234246 0 94234246 28148090
66833 28148090 11730400 0 66833 11730400 0 28148090 66086156 11730400 3287162 25034148 0 25034148 19085739 28148090 28148090 0 25034148 66086156 28148090 11730400 0 25034148 28148090 28148090 28148090 66086156 0 0 3287162 0 11730400 25034148 66086156 28148090 66086156 0
24967315 53048572 13303748 25034148 24967315 13303748 25034148 53048572 91120304 13303748 21746986 0 25034148 0 33033990 53048572 53048572 25034148 0 91120304 53048572 13303748 25034148 0 53048572 53048572 53048572 91120304 25034148 25034148 21746986 25034148 13303748 0 91120304 53048572 91120304 25034148
66152989 94234246 77816556 66086156 66152989 77816556 66086156 94234246 0 77816556 69373318 91120304 66086156 91120304 85171895 94234246 94234246 66086156 91120304 0 94234246 77816556 66086156 91120304 94234246 94234246 94234246 0 66086156 66086156 69373318 66086156 77816556 91120304 0 94234246 0 66086156
28081257 0 39744824 28148090 28081257 39744824 28148090 0 94234246 39744824 31301586 53048572 28148090 53048572 34645509 0 0 28148090 53048572 94234246 0 39744824 28148090 53048572 0 0 0 94234246 28148090 28148090 31301586 28148090 39744824 53048572 94234246 0 94234246 28148090
11663567 39744824 0 11730400 11663567 0 11730400 39744824 77816556 0 8443238 13303748 11730400 13303748 24241815 39744824 39744824 11730400 13303748 77816556 39744824 0 11730400 13303748 39744824 39744824 39744824 77816556 11730400 11730400 8443238 11730400 0 13303748 77816556 39744824 77816556 11730400
66833 28148090 11730400 0 66833 11730400 0 28148090 66086156 11730400 3287162 25034148 0 25034148 19085739 28148090 28148090 0 25034148 66086156 28148090 11730400 0 25034148 28148090 28148090 28148090 66086156 0 0 3287162 0 11730400 25034148 66086156 28148090 66086156 0
24967315 53048572 13303748 25034148 24967315 13303748 25034148 53048572 91120304 13303748 21746986 0 25034148 0 33033990 53048572 53048572 25034148 0 91120304 53048572 13303748 25034148 0 53048572 53048572 53048572 91120304 25034148 25034148 21746986 25034148 13303748 0 91120304 53048572 91120304 25034148
28081257 0 39744824 28148090 28081257 39744824 28148090 0 94234246 39744824 31301586 53048572 28148090 53048572 34645509 0 0 28148090 53048572 94234246 0 39744824 28148090 53048572 0 0 0 94234246 28148090 28148090 31301586 28148090 39744824 53048572 94234246 0 94234246 28148090
28081257 0 39744824 28148090 28081257 39744824 28148090 0 94234246 39744824 31301586 53048572 28148090 53048572 34645509 0 0 28148090 53048572 94234246 0 39744824 28148090 53048572 0 0 0 94234246 28148090 28148090 31301586 28148090 39744824 53048572 94234246 0 94234246 28148090
28081257 0 39744824 28148090 28081257 39744824 28148090 0 94234246 39744824 31301586 53048572 28148090 53048572 34645509 0 0 28148090 53048572 94234246 0 39744824 28148090 53048572 0 0 0 94234246 28148090 28148090 31301586 28148090 39744824 53048572 94234246 0 94234246 28148090
66152989 94234246 77816556 66086156 66152989 77816556 66086156 94234246 0 77816556 69373318 91120304 66086156 91120304 85171895 94234246 94234246 66086156 91120304 0 94234246 77816556 66086156 91120304 94234246 94234246 94234246 0 66086156 66086156 69373318 66086156 77816556 91120304 0 94234246 0 66086156
66833 28148090 11730400 0 66833 11730400 0 28148090 66086156 11730400 3287162 25034148 0 25034148 19085739 28148090 28148090 0 25034148 66086156 28148090 11730400 0 25034148 28148090 28148090 28148090 66086156 0 0 3287162 0 11730400 25034148 66086156 28148090 66086156 0
66833 28148090 11730400 0 66833 11730400 0 28148090 66086156 11730400 3287162 25034148 0 25034148 19085739 28148090 28148090 0 25034148 66086156 28148090 11730400 0 25034148 28148090 28148090 28148090 66086156 0 0 3287162 0 11730400 25034148 66086156 28148090 66086156 0
3220329 31301586 8443238 3287162 3220329 8443238 3287162 31301586 69373318 8443238 0 21746986 3287162 21746986 15798577 31301586 31301586 3287162 21746986 69373318 31301586 8443238 3287162 21746986 31301586 31301586 31301586 69373318 3287162 3287162 0 3287162 8443238 21746986 69373318 31301586 69373318 3287162
66833 28148090 11730400 0 66833 11730400 0 28148090 66086156 11730400 3287162 25034148 0 25034148 19085739 28148090 28148090 0 25034148 66086156 28148090 11730400 0 25034148 28148090 28148090 28148090 66086156 0 0 3287162 0 11730400 25034148 66086156 28148090 66086156 0
11663567 39744824 0 11730400 11663567 0 11730400 39744824 77816556 0 8443238 13303748 11730400 13303748 24241815 39744824 39744824 11730400 13303748 77816556 39744824 0 11730400 13303748 39744824 39744824 39744824 77816556 11730400 11730400 8443238 11730400 0 13303748 77816556 39744824 77816556 11730400
24967315 53048572 13303748 25034148 24967315 13303748 25034148 53048572 91120304 13303748 21746986 0 25034148 0 33033990 53048572 53048572 25034148 0 91120304 53048572 13303748 25034148 0 53048572 53048572 53048572 91120304 25034148 25034148 21746986 25034148 13303748 0 91120304 53048572 91120304 25034148
66152989 94234246 77816556 66086156 66152989 77816556 66086156 94234246 0 77816556 69373318 91120304 66086156 91120304 85171895 94234246 94234246 66086156 91120304 0 94234246 77816556 66086156 91120304 94234246 94234246 94234246 0 66086156 66086156 69373318 66086156 77816556 91120304 0 94234246 0 66086156
28081257 0 39744824 28148090 28081257 39744824 28148090 0 94234246 39744824 31301586 53048572 28148090 53048572 34645509 0 0 28148090 53048572 94234246 0 39744824 28148090 53048572 0 0 0 94234246 28148090 28148090 31301586 28148090 39744824 53048572 94234246 0 94234246 28148090
66152989 94234246 77816556 66086156 66152989 77816556 66086156 94234246 0 77816556 69373318 91120304 66086156 91120304 85171895 94234246 94234246 66086156 91120304 0 94234246 77816556 66086156 91120304 94234246 94234246 94234246 0 66086156 66086156 69373318 66086156 77816556 91120304 0 94234246 0 66086156
66833 28148090 11730400 0 66833 11730400 0 28148090 66086156 11730400 3287162 25034148 0 25034148 19085739 28148090 28148090 0 25034148 66086156 28148090 11730400 0 25034148 28148090 28148090 28148090 66086156 0 0 3287162 0 11730400 25034148 66086156 28148090 66086156 0
39 674152228
0 41766629 0 49785524 26378142 0 41766629 10654690 49785524 26378142 41766629 0 26378142 10654690 30036930 30036930 26147350 41766629 0 49785524 10654690 30036930 26378142 30036930 41766629 30036930 10654690 0 49785524 30036930 10654690 30036930 0 26147350 26147350 10654690 49785524 49785524 30036930
41766629 0 41766629 31982662 47542817 41766629 0 31111939 31982662 47542817 0 41766629 47542817 31111939 11729699 11729699 47773609 0 41766629 31982662 31111939 11729699 47542817 11729699 0 11729699 31111939 41766629 31982662 11729699 31111939 11729699 41766629 47773609 47773609 31111939 31982662 31982662 11729699
0 41766629 0 49785524 26378142 0 41766629 10654690 49785524 26378142 41766629 0 26378142 10654690 30036930 30036930 26147350 41766629 0 49785524 10654690 30036930 26378142 30036930 41766629 30036930 10654690 0 49785524 30036930 10654690 30036930 0 26147350 26147350 10654690 49785524 49785524 30036930
49785524 31982662 49785524 0 51577524 49785524 31982662 39130834 0 51577524 31982662 49785524 51577524 39130834 27211872 27211872 51346732 31982662 49785524 0 39130834 27211872 51577524 27211872 31982662 27211872 39130834 49785524 0 27211872 39130834 27211872 49785524 51346732 51346732 39130834 0 0 27211872
26378142 47542817 26378142 51577524 0 26378142 47542817 16430878 51577524 0 47542817 26378142 0 16430878 35813118 35813118 230792 47542817 26378142 51577524 16430878 35813118 0 35813118 47542817 35813118 16430878 26378142 51577524 35813118 16430878 35813118 26378142 230792 230792 16430878 51577524 51577524 35813118
0 41766629 0 49785524 26378142 0 41766629 10654690 49785524 26378142 41766629 0 26378142 10654690 30036930 30036930 26147350 41766629 0 49785524 10654690 30036930 26378142 30036930 41766629 30036930 10654690 0 49785524 30036930 10654690 30036930 0 26147350 26147350 10654690 49785524 49785524 30036930
41766629 0 41766629 31982662 47542817 41766629 0 31111939 31982662 47542817 0 41766629 47542817 31111939 11729699 11729699 47773609 0 41766629 31982662 31111939 11729699 47542817 11729699 0 11729699 31111939 41766629 31982662 11729699 31111939 11729699 41766629 47773609 47773609 31111939 31982662 31982662 11729699
10654690 31111939 10654690 39130834 16430878 10654690 31111939 0 39130834 16430878 31111939 10654690 16430878 0 19382240 19382240 16661670 31111939 10654690 39130834 0 19382240 16430878 19382240 31111939 19382240 0 10654690 39130834 19382240 0 19382240 10654690 16661670 16661670 0 39130834 39130834 19382240
49785524 31982662 49785524 0 51577524 49785524 31982662 39130834 0 51577524 31982662 49785524 51577524 39130834 27211872 27211872 51346732 31982662 49785524 0 39130834 27211872 51577524 27211872 31982662 27211872 39130834 49785524 0 27211872 39130834 27211872 49785524 51346732 51346732 39130834 0 0 27211872
26378142 47542817 26378142 51577524 0 26378142 47542817 16430878 51577524 0 47542817 26378142 0 16430878 35813118 35813118 230792 47542817 26378142 51577524 16430878 35813118 0 35813118 47542817 35813118 16430878 26378142 51577524 35813118 16430878 35813118 26378142 230792 230792 16430878 51577524 51577524 35813118
41766629 0 41766629 31982662 47542817 41766629 0 31111939 31982662 47542817 0 41766629 47542817 31111939 11729699 11729699 47773609 0 41766629 31982662 31111939 11729699 47542817 11729699 0 11729699 31111939 41766629 31982662 11729699 31111939 11729699 41766629 47773609 47773609 31111939 31982662 31982662 11729699
0 41766629 0 49785524 26378142 0 41766629 10654690 49785524 26378142 41766629 0 26378142 10654690 30036930 30036930 26147350 41766629 0 49785524 10654690 30036930 26378142 30036930 41766629 30036930 10654690 0 49785524 30036930 10654690 30036930 0 26147350 26147350 10654690 49785524 49785524 30036930
26378142 47542817 26378142 51577524 0 26378142 47542817 16430878 51577524 0 47542817 26378142 0 16430878 35813118 35813118 230792 47542817 26378142 51577524 16430878 35813118 0 35813118 47542817 35813118 16430878 26378142 51577524 35813118 16430878 35813118 26378142 230792 230792 16430878 51577524 51577524 35813118
10654690 31111939 10654690 39130834 16430878 10654690 31111939 0 39130834 16430878 31111939 10654690 16430878 0 19382240 19382240 16661670 31111939 10654690 39130834 0 19382240 16430878 19382240 31111939 19382240 0 10654690 39130834 19382240 0 19382240 10654690 16661670 16661670 0 39130834 39130834 19382240
30036930 11729699 30036930 27211872 35813118 30036930 11729699 19382240 27211872 35813118 11729699 30036930 35813118 19382240 0 0 36043910 11729699 30036930 27211872 19382240 0 35813118 0 11729699 0 19382240 30036930 27211872 0 19382240 0 30036930 36043910 36043910 19382240 27211872 27211872 0
30036930 11729699 30036930 27211872 35813118 30036930 11729699 19382240 27211872 35813118 11729699 30036930 35813118 19382240 0 0 36043910 11729699 30036930 27211872 19382240 0 35813118 0 11729699 0 19382240 30036930 27211872 0 19382240 0 30036930 36043910 36043910 19382240 27211872 27211872 0
26147350 47773609 26147350 51346732 230792 26147350 47773609 16661670 51346732 230792 47773609 26147350 230792 16661670 36043910 36043910 0 47773609 26147350 51346732 16661670 36043910 230792 36043910 47773609 36043910 16661670 26147350 51346732 36043910 16661670 36043910 26147350 0 0 16661670 51346732 51346732 36043910
41766629 0 41766629 31982662 47542817 41766629 0 31111939 31982662 47542817 0 41766629 47542817 31111939 11729699 11729699 47773609 0 41766629 31982662 31111939 11729699 47542817 11729699 0 11729699 31111939 41766629 31982662 11729699 31111939 11729699 41766629 47773609 47773609 31111939 31982662 31982662 11729699
0 41766629 0 49785524 26378142 0 41766629 10654690 49785524 26378142 41766629 0 26378142 10654690 30036930 30036930 26147350 41766629 0 49785524 10654690 30036930 26378142 30036930 41766629 30036930 10654690 0 49785524 30036930 10654690 30036930 0 26147350 26147350 10654690 49785524 49785524 30036930
49785524 31982662 49785524 0 51577524 49785524 31982662 39130834 0 51577524 31982662 49785524 51577524 39130834 27211872 27211872 51346732 31982662 49785524 0 39130834 27211872 51577524 27211872 31982662 27211872 39130834 49785524 0 27211872 39130834 27211872 49785524 51346732 51346732 39130834 0 0 27211872
10654690 31111939 10654690 39130834 16430878 10654690 31111939 0 39130834 16430878 31111939 10654690 16430878 0 19382240 19382240 16661670 31111939 10654690 39130834 0 19382240 16430878 19382240 31111939 19382240 0 10654690 39130834 19382240 0 19382240 10654690 16661670 16661670 0 39130834 39130834 19382240
30036930 11729699 30036930 27211872 35813118 30036930 11729699 19382240 27211872 35813118 11729699 30036930 35813118 19382240 0 0 36043910 11729699 30036930 27211872 19382240 0 35813118 0 11729699 0 19382240 30036930 27211872 0 19382240 0 30036930 36043910 36043910 19382240 27211872 27211872 0
26378142 47542817 26378142 51577524 0 26378142 47542817 16430878 51577524 0 47542817 26378142 0 16430878 35813118 35813118 230792 47542817 26378142 51577524 16430878 35813118 0 35813118 47542817 35813118 16430878 26378142 51577524 35813118 16430878 35813118 26378142 230792 230792 16430878 51577524 51577524 35813118
30036930 11729699 30036930 27211872 35813118 30036930 11729699 19382240 27211872 35813118 11729699 30036930 35813118 19382240 0 0 36043910 11729699 30036930 27211872 19382240 0 35813118 0 11729699 0 19382240 30036930 27211872 0 19382240 0 30036930 36043910 36043910 19382240 27211872 27211872 0
41766629 0 41766629 31982662 47542817 41766629 0 31111939 31982662 47542817 0 41766629 47542817 31111939 11729699 11729699 47773609 0 41766629 31982662 31111939 11729699 47542817 11729699 0 11729699 31111939 41766629 31982662 11729699 31111939 11729699 41766629 47773609 47773609 31111939 31982662 31982662 11729699
30036930 11729699 30036930 27211872 35813118 30036930 11729699 19382240 27211872 35813118 11729699 30036930 35813118 19382240 0 0 36043910 11729699 30036930 27211872 19382240 0 35813118 0 11729699 0 19382240 30036930 27211872 0 19382240 0 30036930 36043910 36043910 19382240 27211872 27211872 0
10654690 31111939 10654690 39130834 16430878 10654690 31111939 0 39130834 16430878 31111939 10654690 16430878 0 19382240 19382240 16661670 31111939 10654690 39130834 0 19382240 16430878 19382240 31111939 19382240 0 10654690 39130834 19382240 0 19382240 10654690 16661670 16661670 0 39130834 39130834 19382240
0 41766629 0 49785524 26378142 0 41766629 10654690 49785524 26378142 41766629 0 26378142 10654690 30036930 30036930 26147350 41766629 0 49785524 10654690 30036930 26378142 30036930 41766629 30036930 10654690 0 49785524 30036930 10654690 30036930 0 26147350 26147350 10654690 49785524 49785524 30036930
49785524 31982662 49785524 0 51577524 49785524 31982662 39130834 0 51577524 31982662 49785524 51577524 39130834 27211872 27211872 51346732 31982662 49785524 0 39130834 27211872 51577524 27211872 31982662 27211872 39130834 49785524 0 27211872 39130834 27211872 49785524 51346732 51346732 39130834 0 0 27211872
30036930 11729699 30036930 27211872 35813118 30036930 11729699 19382240 27211872 35813118 11729699 30036930 35813118 19382240 0 0 36043910 11729699 30036930 27211872 19382240 0 35813118 0 11729699 0 19382240 30036930 27211872 0 19382240 0 30036930 36043910 36043910 19382240 27211872 27211872 0
10654690 31111939 10654690 39130834 16430878 10654690 31111939 0 39130834 16430878 31111939 10654690 16430878 0 19382240 19382240 16661670 31111939 10654690 39130834 0 19382240 16430878 19382240 31111939 19382240 0 10654690 39130834 19382240 0 19382240 10654690 16661670 16661670 0 39130834 39130834 19382240
30036930 11729699 30036930 27211872 35813118 30036930 11729699 19382240 27211872 35813118 11729699 30036930 35813118 19382240 0 0 36043910 11729699 30036930 27211872 19382240 0 35813118 0 11729699 0 19382240 30036930 27211872 0 19382240 0 30036930 36043910 36043910 19382240 27211872 27211872 0
0 41766629 0 49785524 26378142 0 41766629 10654690 49785524 26378142 41766629 0 26378142 10654690 30036930 30036930 26147350 41766629 0 49785524 10654690 30036930 26378142 30036930 41766629 30036930 10654690 0 49785524 30036930 10654690 30036930 0 26147350 26147350 10654690 49785524 49785524 30036930
26147350 47773609 26147350 51346732 230792 26147350 47773609 16661670 51346732 230792 47773609 26147350 230792 16661670 36043910 36043910 0 47773609 26147350 51346732 16661670 36043910 230792 36043910 47773609 36043910 16661670 26147350 51346732 36043910 16661670 36043910 26147350 0 0 16661670 51346732 51346732 36043910
26147350 47773609 26147350 51346732 230792 26147350 47773609 16661670 51346732 230792 47773609 26147350 230792 16661670 36043910 36043910 0 47773609 26147350 51346732 16661670 36043910 230792 36043910 47773609 36043910 16661670 26147350 51346732 36043910 16661670 36043910 26147350 0 0 16661670 51346732 51346732 36043910
10654690 31111939 10654690 39130834 16430878 10654690 31111939 0 39130834 16430878 31111939 10654690 16430878 0 19382240 19382240 16661670 31111939 10654690 39130834 0 19382240 16430878 19382240 31111939 19382240 0 10654690 39130834 19382240 0 19382240 10654690 16661670 16661670 0 39130834 39130834 19382240
49785524 31982662 49785524 0 51577524 49785524 31982662 39130834 0 51577524 31982662 49785524 51577524 39130834 27211872 27211872 51346732 31982662 49785524 0 39130834 27211872 51577524 27211872 31982662 27211872 39130834 49785524 0 27211872 39130834 27211872 49785524 51346732 51346732 39130834 0 0 27211872
49785524 31982662 49785524 0 51577524 49785524 31982662 39130834 0 51577524 31982662 49785524 51577524 39130834 27211872 27211872 51346732 31982662 49785524 0 39130834 27211872 51577524 27211872 31982662 27211872 39130834 49785524 0 27211872 39130834 27211872 49785524 51346732 51346732 39130834 0 0 27211872
30036930 11729699 30036930 27211872 35813118 30036930 11729699 19382240 27211872 35813118 11729699 30036930 35813118 19382240 0 0 36043910 11729699 30036930 27211872 19382240 0 35813118 0 11729699 0 19382240 30036930 27211872 0 19382240 0 30036930 36043910 36043910 19382240 27211872 27211872 0
34 177967544
0 8188608 3878192 0 8329351 3878192 3561084 28834889 28834889 3878192 3561084 0 15029412 3878192 8188608 0 3878192 8188608 8188608 28834889 3561084 3561084 13531067 28834889 3878192 28834889 8329351 8188608 0 8188608 15029412 0 15029412 3561084
8188608 0 12066800 8188608 16517959 12066800 11749692 27046153 27046153 12066800 11749692 8188608 13240676 12066800 0 8188608 12066800 0 0 27046153 11749692 11749692 5342459 27046153 12066800 27046153 16517959 0 8188608 0 13240676 8188608 13240676 11749692
3878192 12066800 0 3878192 12207543 0 7439276 25943280 25943280 0 7439276 3878192 12137803 0 12066800 3878192 0 12066800 12066800 25943280 7439276 7439276 17409259 25943280 0 25943280 12207543 12066800 3878192 12066800 12137803 3878192 12137803 7439276
0 8188608 3878192 0 8329351 3878192 3561084 28834889 28834889 3878192 3561084 0 15029412 3878192 8188608 0 3878192 8188608 8188608 28834889 3561084 3561084 13531067 28834889 3878192 28834889 8329351 8188608 0 8188608 15029412 0 15029412 3561084
8329351 16517959 12207543 8329351 0 12207543 4768267 23834948 23834948 12207543 4768267 8329351 10029471 12207543 16517959 8329351 12207543 16517959 16517959 23834948 4768267 4768267 17927688 23834948 12207543 23834948 0 16517959 8329351 16517959 10029471 8329351 10029471 4768267
3878192 12066800 0 3878192 12207543 0 7439276 25943280 25943280 0 7439276 3878192 12137803 0 12066800 3878192 0 12066800 12066800 25943280 7439276 7439276 17409259 25943280 0 25943280 12207543 12066800 3878192 12066800 12137803 3878192 12137803 7439276
3561084 11749692 7439276 3561084 4768267 7439276 0 25273805 25273805 7439276 0 3561084 11468328 7439276 11749692 3561084 7439276 11749692 11749692 25273805 0 0 17092151 25273805 7439276 25273805 4768267 11749692 3561084 11749692 11468328 3561084 11468328 0
28834889 27046153 25943280 28834889 23834948 25943280 25273805 0 0 25943280 25273805 28834889 13805477 25943280 27046153 28834889 25943280 27046153 27046153 0 25273805 25273805 21703694 0 25943280 0 23834948 27046153 28834889 27046153 13805477 28834889 13805477 25273805
28834889 27046153 25943280 28834889 23834948 25943280 25273805 0 0 25943280 25273805 28834889 13805477 25943280 27046153 28834889 25943280 27046153 27046153 0 25273805 25273805 21703694 0 25943280 0 23834948 27046153 28834889 27046153 13805477 28834889 13805477 25273805
3878192 12066800 0 3878192 12207543 0 7439276 25943280 25943280 0 7439276 3878192 12137803 0 12066800 3878192 0 12066800 12066800 25943280 7439276 7439276 17409259 25943280 0 25943280 12207543 12066800 3878192 12066800 12137803 3878192 12137803 7439276
3561084 11749692 7439276 3561084 4768267 7439276 0 25273805 25273805 7439276 0 3561084 11468328 7439276 11749692 3561084 7439276 11749692 11749692 25273805 0 0 17092151 25273805 7439276 25273805 4768267 11749692 3561084 11749692 11468328 3561084 11468328 0
0 8188608 3878192 0 8329351 3878192 3561084 28834889 28834889 3878192 3561084 0 15029412 3878192 8188608 0 3878192 8188608 8188608 28834889 3561084 3561084 13531067 28834889 3878192 28834889 8329351 8188608 0 8188608 15029412 0 15029412 3561084
15029412 13240676 12137803 15029412 10029471 12137803 11468328 13805477 13805477 12137803 11468328 15029412 0 12137803 13240676 15029412 12137803 13240676 13240676 13805477 11468328 11468328 7898217 13805477 12137803 13805477 10029471 13240676 15029412 13240676 0 15029412 0 11468328
3878192 12066800 0 3878192 12207543 0 7439276 25943280 25943280 0 7439276 3878192 12137803 0 12066800 3878192 0 12066800 12066800 25943280 7439276 7439276 17409259 25943280 0 25943280 12207543 12066800 3878192 12066800 12137803 3878192 12137803 7439276
8188608 0 12066800 8188608 16517959 12066800 11749692 27046153 27046153 12066800 11749692 8188608 13240676 12066800 0 8188608 12066800 0 0 27046153 11749692 11749692 5342459 27046153 12066800 27046153 16517959 0 8188608 0 13240676 8188608 13240676 11749692
0 8188608 3878192 0 8329351 3878192 3561084 28834889 28834889 3878192 3561084 0 15029412 3878192 8188608 0 3878192 8188608 8188608 28834889 3561084 3561084 13531067 28834889 3878192 28834889 8329351 8188608 0 8188608 15029412 0 15029412 3561084
3878192 12066800 0 3878192 12207543 0 7439276 25943280 25943280 0 7439276 3878192 12137803 0 12066800 3878192 0 12066800 12066800 25943280 7439276 7439276 17409259 25943280 0 25943280 12207543 12066800 3878192 12066800 12137803 3878192 12137803 7439276
8188608 0 12066800 8188608 16517959 12066800 11749692 27046153 27046153 12066800 11749692 8188608 13240676 12066800 0 8188608 12066800 0 0 27046153 11749692 11749692 5342459 27046153 12066800 27046153 16517959 0 8188608 0 13240676 8188608 13240676 11749692
8188608 0 12066800 8188608 16517959 12066800 11749692 27046153 27046153 12066800 11749692 8188608 13240676 12066800 0 8188608 12066800 0 0 27046153 11749692 11749692 5342459 27046153 12066800 27046153 16517959 0 8188608 0 13240676 8188608 13240676 11749692
28834889 27046153 25943280 28834889 23834948 25943280 25273805 0 0 25943280 25273805 28834889 13805477 25943280 27046153 28834889 25943280 27046153 27046153 0 25273805 25273805 21703694 0 25943280 0 23834948 27046153 28834889 27046153 13805477 28834889 13805477 25273805
3561084 11749692 7439276 3561084 4768267 7439276 0 25273805 25273805 7439276 0 3561084 11468328 7439276 11749692 3561084 7439276 11749692 11749692 25273805 0 0 17092151 25273805 7439276 25273805 4768267 11749692 3561084 11749692 11468328 3561084 11468328 0
3561084 11749692 7439276 3561084 4768267 7439276 0 25273805 25273805 7439276 0 3561084 11468328 7439276 11749692 3561084 7439276 11749692 11749692 25273805 0 0 17092151 25273805 7439276 25273805 4768267 11749692 3561084 11749692 11468328 3561084 11468328 0
13531067 5342459 17409259 13531067 17927688 17409259 17092151 21703694 21703694 17409259 17092151 13531067 7898217 17409259 5342459 13531067 17409259 5342459 5342459 21703694 17092151 17092151 0 21703694 17409259 21703694 17927688 5342459 13531067 5342459 7898217 13531067 7898217 17092151
28834889 27046153 25943280 28834889 23834948 25943280 25273805 0 0 25943280 25273805 28834889 13805477 25943280 27046153 28834889 25943280 27046153 27046153 0 25273805 25273805 21703694 0 25943280 0 23834948 27046153 28834889 27046153 13805477 28834889 13805477 25273805
3878192 12066800 0 3878192 12207543 0 7439276 25943280 25943280 0 7439276 3878192 12137803 0 12066800 3878192 0 12066800 12066800 25943280 7439276 7439276 17409259 25943280 0 25943280 12207543 12066800 3878192 12066800 12137803 3878192 12137803 7439276
28834889 27046153 25943280 28834889 23834948 25943280 25273805 0 0 25943280 25273805 28834889 13805477 25943280 27046153 28834889 25943280 27046153 27046153 0 25273805 25273805 21703694 0 25943280 0 23834948 27046153 28834889 27046153 13805477 28834889 13805477 25273805
8329351 16517959 12207543 8329351 0 12207543 4768267 23834948 23834948 12207543 4768267 8329351 10029471 12207543 16517959 8329351 12207543 16517959 16517959 23834948 4768267 4768267 17927688 23834948 12207543 23834948 0 16517959 8329351 16517959 10029471 8329351 10029471 4768267
8188608 0 12066800 8188608 16517959 12066800 11749692 27046153 27046153 12066800 11749692 8188608 13240676 12066800 0 8188608 12066800 0 0 27046153 11749692 11749692 5342459 27046153 12066800 27046153 16517959 0 8188608 0 13240676 8188608 13240676 11749692
0 8188608 3878192 0 8329351 3878192 3561084 28834889 28834889 3878192 3561084 0 15029412 3878192 8188608 0 3878192 8188608 8188608 28834889 3561084 3561084 13531067 28834889 3878192 28834889 8329351 8188608 0 8188608 15029412 0 15029412 3561084
8188608 0 12066800 8188608 16517959 12066800 11749692 27046153 27046153 12066800 11749692 8188608 13240676 12066800 0 8188608 12066800 0 0 27046153 11749692 11749692 5342459 27046153 12066800 27046153 16517959 0 8188608 0 13240676 8188608 13240676 11749692
15029412 13240676 12137803 15029412 10029471 12137803 11468328 13805477 13805477 12137803 11468328 15029412 0 12137803 13240676 15029412 12137803 13240676 13240676 13805477 11468328 11468328 7898217 13805477 12137803 13805477 10029471 13240676 15029412 13240676 0 15029412 0 11468328
0 8188608 3878192 0 8329351 3878192 3561084 28834889 28834889 3878192 3561084 0 15029412 3878192 8188608 0 3878192 8188608 8188608 28834889 3561084 3561084 13531067 28834889 3878192 28834889 8329351 8188608 0 8188608 15029412 0 15029412 3561084
15029412 13240676 12137803 15029412 10029471 12137803 11468328 13805477 13805477 12137803 11468328 15029412 0 12137803 13240676 15029412 12137803 13240676 13240676 13805477 11468328 11468328 7898217 13805477 12137803 13805477 10029471 13240676 15029412 13240676 0 15029412 0 11468328
3561084 11749692 7439276 3561084 4768267 7439276 0 25273805 25273805 7439276 0 3561084 11468328 7439276 11749692 3561084 7439276 11749692 11749692 25273805 0 0 17092151 25273805 7439276 25273805 4768267 11749692 3561084 11749692 11468328 3561084 11468328 0
33 726051664
0 34697419 15799107 0 43536443 25720551 10306608 26977311 10306608 27168523 26977311 1464232 31593907 18874462 4607150 980287 0 10306608 18462663 34697419 11480800 15799107 43536443 1464232 31593907 25688453 25720551 34697419 29124798 980287 31593907 31593907 25720551
34697419 0 50496526 34697419 20071565 41225625 43043453 41300012 43043453 51759418 41300012 33233187 46039011 46871735 39304569 33717132 34697419 43043453 53160082 0 43249755 50496526 20071565 33233187 46039011 41248593 41225625 0 30967541 33717132 46039011 46039011 41225625
15799107 50496526 0 15799107 45592561 38974220 26105715 42776418 26105715 42887318 42776418 17263339 47393014 21775938 11191957 16779394 15799107 26105715 34099265 50496526 27279907 0 45592561 17263339 47393014 32273260 38974220 50496526 38663118 16779394 47393014 47393014 38974220
0 34697419 15799107 0 43536443 25720551 10306608 26977311 10306608 27168523 26977311 1464232 31593907 18874462 4607150 980287 0 10306608 18462663 34697419 11480800 15799107 43536443 1464232 31593907 25688453 25720551 34697419 29124798 980287 31593907 31593907 25720551
43536443 20071565 45592561 43536443 0 24669729 43596508 49813106 43596508 35203522 49813106 42072211 49552513 39449305 42258331 42556156 43536443 43596508 36879192 20071565 32055643 45592561 0 42072211 49552513 21177028 24669729 20071565 14411645 42556156 49552513 49552513 24669729
25720551 41225625 38974220 25720551 24669729 0 36027159 40877487 36027159 10533793 40877487 27184783 30323833 35295744 30327701 26700838 25720551 36027159 44183214 41225625 27902082 38974220 24669729 27184783 30323833 45846757 0 41225625 10258084 26700838 30323833 30323833 0
10306608 43043453 26105715 10306608 43596508 36027159 0 37283919 0 37475131 37283919 9810266 39939941 18934527 14913758 9326321 10306608 0 28769271 43043453 11540865 26105715 43596508 9810266 39939941 35995061 36027159 43043453 29184863 9326321 39939941 39939941 36027159
26977311 41300012 42776418 26977311 49813106 40877487 37283919 0 37283919 31313996 0 28441543 23436265 38718602 31584461 27957598 26977311 37283919 45439974 41300012 38458111 42776418 49813106 28441543 23436265 52665764 40877487 41300012 46664824 27957598 23436265 23436265 40877487
10306608 43043453 26105715 10306608 43596508 36027159 0 37283919 0 37475131 37283919 9810266 39939941 18934527 14913758 9326321 10306608 0 28769271 43043453 11540865 26105715 43596508 9810266 39939941 35995061 36027159 43043453 29184863 9326321 39939941 39939941 36027159
27168523 51759418 42887318 27168523 35203522 10533793 37475131 31313996 37475131 0 31313996 28623093 19790040 27005752 31695361 28148810 27168523 37475131 39329079 51759418 34399414 42887318 35203522 28623093 19790040 52776664 10533793 51759418 20791877 28148810 19790040 19790040 10533793
26977311 41300012 42776418 26977311 49813106 40877487 37283919 0 37283919 31313996 0 28441543 23436265 38718602 31584461 27957598 26977311 37283919 45439974 41300012 38458111 42776418 49813106 28441543 23436265 52665764 40877487 41300012 46664824 27957598 23436265 23436265 40877487
1464232 33233187 17263339 1464232 42072211 27184783 9810266 28441543 9810266 28623093 28441543 0 30129675 17410230 6071382 483945 1464232 9810266 19926895 33233187 10016568 17263339 42072211 0 30129675 27152685 27184783 33233187 27660566 483945 30129675 30129675 27184783
31593907 46039011 47393014 31593907 49552513 30323833 39939941 23436265 39939941 19790040 23436265 30129675 0 32225518 36201057 30613620 31593907 39939941 44548845 46039011 39619180 47393014 49552513 30129675 0 57282360 30323833 46039011 35140868 30613620 0 0 30323833
18874462 46871735 21775938 18874462 39449305 35295744 18934527 38718602 18934527 27005752 38718602 17410230 32225518 0 23481612 17894175 18874462 18934527 12323327 46871735 7393662 21775938 39449305 17410230 32225518 31439190 35295744 46871735 25037660 17894175 32225518 32225518 35295744
4607150 39304569 11191957 4607150 42258331 30327701 14913758 31584461 14913758 31695361 31584461 6071382 36201057 23481612 0 5587437 4607150 14913758 23069813 39304569 16087950 11191957 42258331 6071382 36201057 21081303 30327701 39304569 33731948 5587437 36201057 36201057 30327701
980287 33717132 16779394 980287 42556156 26700838 9326321 27957598 9326321 28148810 27957598 483945 30613620 17894175 5587437 0 980287 9326321 19442950 33717132 10500513 16779394 42556156 483945 30613620 26668740 26700838 33717132 28144511 0 30613620 30613620 26700838
0 34697419 15799107 0 43536443 25720551 10306608 26977311 10306608 27168523 26977311 1464232 31593907 18874462 4607150 980287 0 10306608 18462663 34697419 11480800 15799107 43536443 1464232 31593907 25688453 25720551 34697419 29124798 980287 31593907 31593907 25720551
10306608 43043453 26105715 10306608 43596508 36027159 0 37283919 0 37475131 37283919 9810266 39939941 18934527 14913758 9326321 10306608 0 28769271 43043453 11540865 26105715 43596508 9810266 39939941 35995061 36027159 43043453 29184863 9326321 39939941 39939941 36027159
18462663 53160082 34099265 18462663 36879192 44183214 28769271 45439974 28769271 39329079 45439974 19926895 44548845 12323327 23069813 19442950 18462663 28769271 0 53160082 19716989 34099265 36879192 19926895 44548845 43762517 44183214 53160082 37360987 19442950 44548845 44548845 44183214
34697419 0 50496526 34697419 20071565 41225625 43043453 41300012 43043453 51759418 41300012 33233187 46039011 46871735 39304569 33717132 34697419 43043453 53160082 0 43249755 50496526 20071565 33233187 46039011 41248593 41225625 0 30967541 33717132 46039011 46039011 41225625
11480800 43249755 27279907 11480800 32055643 27902082 11540865 38458111 11540865 34399414 38458111 10016568 39619180 7393662 16087950 10500513 11480800 11540865 19716989 43249755 0 27279907 32055643 10016568 39619180 37169253 27902082 43249755 17643998 10500513 39619180 39619180 27902082
15799107 50496526 0 15799107 45592561 38974220 26105715 42776418 26105715 42887318 42776418 17263339 47393014 21775938 11191957 16779394 15799107 26105715 34099265 50496526 27279907 0 45592561 17263339 47393014 32273260 38974220 50496526 38663118 16779394 47393014 47393014 38974220
43536443 20071565 45592561 43536443 0 24669729 43596508 49813106 43596508 35203522 49813106 42072211 49552513 39449305 42258331 42556156 43536443 43596508 36879192 20071565 32055643 45592561 0 42072211 49552513 21177028 24669729 20071565 14411645 42556156 49552513 49552513 24669729
1464232 33233187 17263339 1464232 42072211 27184783 9810266 28441543 9810266 28623093 28441543 0 30129675 17410230 6071382 483945 1464232 9810266 19926895 33233187 10016568 17263339 42072211 0 30129675 27152685 27184783 33233187 27660566 483945 30129675 30129675 27184783
31593907 46039011 47393014 31593907 49552513 30323833 39939941 23436265 39939941 19790040 23436265 30129675 0 32225518 36201057 30613620 31593907 39939941 44548845 46039011 39619180 47393014 49552513 30129675 0 57282360 30323833 46039011 35140868 30613620 0 0 30323833
25688453 41248593 32273260 25688453 21177028 45846757 35995061 52665764 35995061 52776664 52665764 27152685 57282360 31439190 21081303 26668740 25688453 35995061 43762517 41248593 37169253 32273260 21177028 27152685 57282360 0 45846757 41248593 35588673 26668740 57282360 57282360 45846757
25720551 41225625 38974220 25720551 24669729 0 36027159 40877487 36027159 10533793 40877487 27184783 30323833 35295744 30327701 26700838 25720551 36027159 44183214 41225625 27902082 38974220 24669729 27184783 30323833 45846757 0 41225625 10258084 26700838 30323833 30323833 0
34697419 0 50496526 34697419 20071565 41225625 43043453 41300012 43043453 51759418 41300012 33233187 46039011 46871735 39304569 33717132 34697419 43043453 53160082 0 43249755 50496526 20071565 33233187 46039011 41248593 41225625 0 30967541 33717132 46039011 46039011 41225625
29124798 30967541 38663118 29124798 14411645 10258084 29184863 46664824 29184863 20791877 46664824 27660566 35140868 25037660 33731948 28144511 29124798 29184863 37360987 30967541 17643998 38663118 14411645 27660566 35140868 35588673 10258084 30967541 0 28144511 35140868 35140868 10258084
980287 33717132 16779394 980287 42556156 26700838 9326321 27957598 9326321 28148810 27957598 483945 30613620 17894175 5587437 0 980287 9326321 19442950 33717132 10500513 16779394 42556156 483945 30613620 26668740 26700838 33717132 28144511 0 30613620 30613620 26700838
31593907 46039011 47393014 31593907 49552513 30323833 39939941 23436265 39939941 19790040 23436265 30129675 0 32225518 36201057 30613620 31593907 39939941 44548845 46039011 39619180 47393014 49552513 30129675 0 57282360 30323833 46039011 35140868 30613620 0 0 30323833
31593907 46039011 47393014 31593907 49552513 30323833 39939941 23436265 39939941 19790040 23436265 30129675 0 32225518 36201057 30613620 31593907 39939941 44548845 46039011 39619180 47393014 49552513 30129675 0 57282360 30323833 46039011 35140868 30613620 0 0 30323833
25720551 41225625 38974220 25720551 24669729 0 36027159 40877487 36027159 10533793 40877487 27184783 30323833 35295744 30327701 26700838 25720551 36027159 44183214 41225625 27902082 38974220 24669729 27184783 30323833 45846757 0 41225625 10258084 26700838 30323833 30323833 0
40 973930458
0 49408381 63700965 63700965 212522034 0 9077047 44405981 9077047 44405981 0 44405981 0 0 0 49408381 49408381 0 63700965 212522034 0 49408381 44405981 49408381 212522034 9077047 60468681 49408381 60468681 60468681 44405981 63700965 9077047 0 44405981 212522034 44405981 212522034 212522034 0
49408381 0 35955886 35955886 173118453 49408381 40331334 5002400 40331334 5002400 49408381 5002400 49408381 49408381 49408381 0 0 49408381 35955886 173118453 49408381 0 5002400 0 173118453 40331334 21065100 0 21065100 21065100 5002400 35955886 40331334 49408381 5002400 173118453 5002400 173118453 173118453 49408381
63700965 35955886 0 0 209074339 63700965 72778012 40958286 72778012 40958286 63700965 40958286 63700965 63700965 63700965 35955886 35955886 63700965 0 209074339 63700965 35955886 40958286 35955886 209074339 72778012 55253205 35955886 55253205 55253205 40958286 0 72778012 63700965 40958286 209074339 40958286 209074339 209074339 63700965
63700965 35955886 0 0 209074339 63700965 72778012 40958286 72778012 40958286 63700965 40958286 63700965 63700965 63700965 35955886 35955886 63700965 0 209074339 63700965 35955886 40958286 35955886 209074339 72778012 55253205 35955886 55253205 55253205 40958286 0 72778012 63700965 40958286 209074339 40958286 209074339 209074339 63700965
212522034 173118453 209074339 209074339 0 212522034 203444987 168116053 203444987 168116053 212522034 168116053 212522034 212522034 212522034 173118453 173118453 212522034 209074339 0 212522034 173118453 168116053 173118453 0 203444987 184178753 173118453 184178753 184178753 168116053 209074339 203444987 212522034 168116053 0 168116053 0 0 212522034
0 49408381 63700965 63700965 212522034 0 9077047 44405981 9077047 44405981 0 44405981 0 0 0 49408381 49408381 0 63700965 212522034 0 49408381 44405981 49408381 212522034 9077047 60468681 49408381 60468681 60468681 44405981 63700965 9077047 0 44405981 212522034 44405981 212522034 212522034 0
9077047 40331334 72778012 72778012 203444987 9077047 0 35328934 0 35328934 9077047 35328934 9077047 9077047 9077047 40331334 40331334 9077047 72778012 203444987 9077047 40331334 35328934 40331334 203444987 0 51391634 40331334 51391634 51391634 35328934 72778012 0 9077047 35328934 203444987 35328934 203444987 203444987 9077047
44405981 5002400 40958286 40958286 168116053 44405981 35328934 0 35328934 0 44405981 0 44405981 44405981 44405981 5002400 5002400 44405981 40958286 168116053 44405981 5002400 0 5002400 168116053 35328934 16062700 5002400 16062700 16062700 0 40958286 35328934 44405981 0 168116053 0 168116053 168116053 44405981
9077047 40331334 72778012 72778012 203444987 9077047 0 35328934 0 35328934 9077047 35328934 9077047 9077047 9077047 40331334 40331334 9077047 72778012 203444987 9077047 40331334 35328934 40331334 203444987 0 51391634 40331334 51391634 51391634 35328934 72778012 0 9077047 35328934 203444987 35328934 203444987 203444987 9077047
44405981 5002400 40958286 40958286 168116053 44405981 35328934 0 35328934 0 44405981 0 44405981 44405981 44405981 5002400 5002400 44405981 40958286 168116053 44405981 5002400 0 5002400 168116053 35328934 16062700 5002400 16062700 16062700 0 40958286 35328934 44405981 0 168116053 0 168116053 168116053 44405981
0 49408381 63700965 63700965 212522034 0 9077047 44405981 9077047 44405981 0 44405981 0 0 0 49408381 49408381 0 63700965 212522034 0 49408381 44405981 49408381 212522034 9077047 60468681 49408381 60468681 60468681 44405981 63700965 9077047 0 44405981 212522034 44405981 212522034 212522034 0
44405981 5002400 40958286 40958286 168116053 44405981 35328934 0 35328934 0 44405981 0 44405981 44405981 44405981 5002400 5002400 44405981 40958286 168116053 44405981 5002400 0 5002400 168116053 35328934 16062700 5002400 16062700 16062700 0 40958286 35328934 44405981 0 168116053 0 168116053 168116053 44405981
0 49408381 63700965 63700965 212522034 0 9077047 44405981 9077047 44405981 0 44405981 0 0 0 49408381 49408381 0 63700965 212522034 0 49408381 44405981 49408381 212522034 9077047 60468681 49408381 60468681 60468681 44405981 63700965 9077047 0 44405981 212522034 44405981 212522034 212522034 0
0 49408381 63700965 63700965 212522034 0 9077047 44405981 9077047 44405981 0 44405981 0 0 0 49408381 49408381 0 63700965 212522034 0 49408381 44405981 49408381 212522034 9077047 60468681 49408381 60468681 60468681 44405981 63700965 9077047 0 44405981 212522034 44405981 212522034 212522034 0
0 49408381 63700965 63700965 212522034 0 9077047 44405981 9077047 44405981 0 44405981 0 0 0 49408381 49408381 0 63700965 212522034 0 49408381 44405981 49408381 212522034 9077047 60468681 49408381 60468681 60468681 44405981 63700965 9077047 0 44405981 212522034 44405981 212522034 212522034 0
49408381 0 35955886 35955886 173118453 49408381 40331334 5002400 40331334 5002400 49408381 5002400 49408381 49408381 49408381 0 0 49408381 35955886 173118453 49408381 0 5002400 0 173118453 40331334 21065100 0 21065100 21065100 5002400 35955886 40331334 49408381 5002400 173118453 5002400 173118453 173118453 49408381
49408381 0 35955886 35955886 173118453 49408381 40331334 5002400 40331334 5002400 49408381 5002400 49408381 49408381 49408381 0 0 49408381 35955886 173118453 49408381 0 5002400 0 173118453 40331334 21065100 0 21065100 21065100 5002400 35955886 40331334 49408381 5002400 173118453 5002400 173118453 173118453 49408381
0 49408381 63700965 63700965 212522034 0 9077047 44405981 9077047 44405981 0 44405981 0 0 0 49408381 49408381 0 63700965 212522034 0 49408381 44405981 49408381 212522034 9077047 60468681 49408381 60468681 60468681 44405981 63700965 9077047 0 44405981 212522034 44405981 212522034 212522034 0
63700965 35955886 0 0 209074339 63700965 72778012 40958286 72778012 40958286 63700965 40958286 63700965 63700965 63700965 35955886 35955886 63700965 0 209074339 63700965 35955886 40958286 35955886 209074339 72778012 55253205 35955886 55253205 55253205 40958286 0 72778012 63700965 40958286 209074339 40958286 209074339 209074339 63700965
212522034 173118453 209074339 209074339 0 212522034 203444987 168116053 203444987 168116053 212522034 168116053 212522034 212522034 212522034 173118453 173118453 212522034 209074339 0 212522034 173118453 168116053 173118453 0 203444987 184178753 173118453 184178753 184178753 168116053 209074339 203444987 212522034 168116053 0 168116053 0 0 212522034
0 49408381 63700965 63700965 212522034 0 9077047 44405981 9077047 44405981 0 44405981 0 0 0 49408381 49408381 0 63700965 212522034 0 49408381 44405981 49408381 212522034 9077047 60468681 49408381 60468681 60468681 44405981 63700965 9077047 0 44405981 212522034 44405981 212522034 212522034 0
49408381 0 35955886 35955886 173118453 49408381 40331334 5002400 40331334 5002400 49408381 5002400 49408381 49408381 49408381 0 0 49408381 35955886 173118453 49408381 0 5002400 0 173118453 40331334 21065100 0 21065100 21065100 5002400 35955886 40331334 49408381 5002400 173118453 5002400 173118453 173118453 49408381
44405981 5002400 40958286 40958286 168116053 44405981 35328934 0 35328934 0 44405981 0 44405981 44405981 44405981 5002400 5002400 44405981 40958286 168116053 44405981 5002400 0 5002400 168116053 35328934 16062700 5002400 16062700 16062700 0 40958286 35328934 44405981 0 168116053 0 168116053 168116053 44405981
49408381 0 35955886 35955886 173118453 49408381 40331334 5002400 40331334 5002400 49408381 5002400 49408381 49408381 49408381 0 0 49408381 35955886 173118453 49408381 0 5002400 0 173118453 40331334 21065100 0 21065100 21065100 5002400 35955886 40331334 49408381 5002400 173118453 5002400 173118453 173118453 49408381
212522034 173118453 209074339 209074339 0 212522034 203444987 168116053 203444987 168116053 212522034 168116053 212522034 212522034 212522034 173118453 173118453 212522034 209074339 0 212522034 173118453 168116053 173118453 0 203444987 184178753 173118453 184178753 184178753 168116053 209074339 203444987 212522034 168116053 0 168116053 0 0 212522034
9077047 40331334 72778012 72778012 203444987 9077047 0 35328934 0 35328934 9077047 35328934 9077047 9077047 9077047 40331334 40331334 9077047 72778012 203444987 9077047 40331334 35328934 40331334 203444987 0 51391634 40331334 51391634 51391634 35328934 72778012 0 9077047 35328934 203444987 35328934 203444987 203444987 9077047
60468681 21065100 55253205 55253205 184178753 60468681 51391634 16062700 51391634 16062700 60468681 16062700 60468681 60468681 60468681 21065100 21065100 60468681 55253205 184178753 60468681 21065100 16062700 21065100 184178753 51391634 0 21065100 0 0 16062700 55253205 51391634 60468681 16062700 184178753 16062700 184178753 184178753 60468681
49408381 0 35955886 35955886 173118453 49408381 40331334 5002400 40331334 5002400 49408381 5002400 49408381 49408381 49408381 0 0 49408381 35955886 173118453 49408381 0 5002400 0 173118453 40331334 21065100 0 21065100 21065100 5002400 35955886 40331334 49408381 5002400 173118453 5002400 173118453 173118453 49408381
60468681 21065100 55253205 55253205 184178753 60468681 51391634 16062700 51391634 16062700 60468681 16062700 60468681 60468681 60468681 21065100 21065100 60468681 55253205 184178753 60468681 21065100 16062700 21065100 184178753 51391634 0 21065100 0 0 16062700 55253205 51391634 60468681 16062700 184178753 16062700 184178753 184178753 60468681
60468681 21065100 55253205 55253205 184178753 60468681 51391634 16062700 51391634 16062700 60468681 16062700 60468681 60468681 60468681 21065100 21065100 60468681 55253205 184178753 60468681 21065100 16062700 21065100 184178753 51391634 0 21065100 0 0 16062700 55253205 51391634 60468681 16062700 184178753 16062700 184178753 184178753 60468681
44405981 5002400 40958286 40958286 168116053 44405981 35328934 0 35328934 0 44405981 0 44405981 44405981 44405981 5002400 5002400 44405981 40958286 168116053 44405981 5002400 0 5002400 168116053 35328934 16062700 5002400 16062700 16062700 0 40958286 35328934 44405981 0 168116053 0 168116053 168116053 44405981
63700965 35955886 0 0 209074339 63700965 72778012 40958286 72778012 40958286 63700965 40958286 63700965 63700965 63700965 35955886 35955886 63700965 0 209074339 63700965 35955886 40958286 35955886 209074339 72778012 55253205 35955886 55253205 55253205 40958286 0 72778012 63700965 40958286 209074339 40958286 209074339 209074339 63700965
9077047 40331334 72778012 72778012 203444987 9077047 0 35328934 0 35328934 9077047 35328934 9077047 9077047 9077047 40331334 40331334 9077047 72778012 203444987 9077047 40331334 35328934 40331334 203444987 0 51391634 40331334 51391634 51391634 35328934 72778012 0 9077047 35328934 203444987 35328934 203444987 203444987 9077047
0 49408381 63700965 63700965 212522034 0 9077047 44405981 9077047 44405981 0 44405981 0 0 0 49408381 49408381 0 63700965 212522034 0 49408381 44405981 49408381 212522034 9077047 60468681 49408381 60468681 60468681 44405981 63700965 9077047 0 44405981 212522034 44405981 212522034 212522034 0
44405981 5002400 40958286 40958286 168116053 44405981 35328934 0 35328934 0 44405981 0 44405981 44405981 44405981 5002400 5002400 44405981 40958286 168116053 44405981 5002400 0 5002400 168116053 35328934 16062700 5002400 16062700 16062700 0 40958286 35328934 44405981 0 168116053 0 168116053 168116053 44405981
212522034 173118453 209074339 209074339 0 212522034 203444987 168116053 203444987 168116053 212522034 168116053 212522034 212522034 212522034 173118453 173118453 212522034 209074339 0 212522034 173118453 168116053 173118453 0 203444987 184178753 173118453 184178753 184178753 168116053 209074339 203444987 212522034 168116053 0 168116053 0 0 212522034
44405981 5002400 40958286 40958286 168116053 44405981 35328934 0 35328934 0 44405981 0 44405981 44405981 44405981 5002400 5002400 44405981 40958286 168116053 44405981 5002400 0 5002400 168116053 35328934 16062700 5002400 16062700 16062700 0 40958286 35328934 44405981 0 168116053 0 168116053 168116053 44405981
212522034 173118453 209074339 209074339 0 212522034 203444987 168116053 203444987 168116053 212522034 168116053 212522034 212522034 212522034 173118453 173118453 212522034 209074339 0 212522034 173118453 168116053 173118453 0 203444987 184178753 173118453 184178753 184178753 168116053 209074339 203444987 212522034 168116053 0 168116053 0 0 212522034
212522034 173118453 209074339 209074339 0 212522034 203444987 168116053 203444987 168116053 212522034 168116053 212522034 212522034 212522034 173118453 173118453 212522034 209074339 0 212522034 173118453 168116053 173118453 0 203444987 184178753 173118453 184178753 184178753 168116053 209074339 203444987 212522034 168116053 0 168116053 0 0 212522034
0 49408381 63700965 63700965 212522034 0 9077047 44405981 9077047 44405981 0 44405981 0 0 0 49408381 49408381 0 63700965 212522034 0 49408381 44405981 49408381 212522034 9077047 60468681 49408381 60468681 60468681 44405981 63700965 9077047 0 44405981 212522034 44405981 212522034 212522034 0
39 309860343
0 11472639 15557749 23183062 23183062 2390613 5131933 2390613 2390613 5131933 13532230 11472639 23183062 12596554 14958714 2390613 25332673 6161924 14958714 12378259 0 6161924 23183062 0 2390613 13532230 12596554 15987401 12958610 23183062 23183062 6161924 6161924 12596554 14958714 12378259 6161924 6161924 0
11472639 0 14706540 18584466 18584466 9082026 11823346 9082026 9082026 11823346 18241349 0 18584466 12433657 21650127 9082026 24517346 5310715 21650127 6084532 11472639 5310715 18584466 11472639 9082026 18241349 12433657 6912073 13847450 18584466 18584466 5310715 5310715 12433657 21650127 6084532 5310715 5310715 11472639
15557749 14706540 0 33291006 33291006 13167136 15908456 13167136 13167136 15908456 23883271 14706540 33291006 16992327 25735237 13167136 15144806 9395825 25735237 11726454 15557749 9395825 33291006 15557749 13167136 23883271 16992327 11470743 19489372 33291006 33291006 9395825 9395825 16992327 25735237 11726454 9395825 9395825 15557749
23183062 18584466 33291006 0 0 25573675 28314995 25573675 25573675 28314995 36715292 18584466 0 31018123 38141776 25573675 43101812 23895181 38141776 24668998 23183062 23895181 0 23183062 25573675 36715292 31018123 25496539 32431916 0 0 23895181 23895181 31018123 38141776 24668998 23895181 23895181 23183062
23183062 18584466 33291006 0 0 25573675 28314995 25573675 25573675 28314995 36715292 18584466 0 31018123 38141776 25573675 43101812 23895181 38141776 24668998 23183062 23895181 0 23183062 25573675 36715292 31018123 25496539 32431916 0 0 23895181 23895181 31018123 38141776 24668998 23895181 23895181 23183062
2390613 9082026 13167136 25573675 25573675 0 2741320 0 0 2741320 11141617 9082026 25573675 14987167 12568101 0 27723286 3771311 12568101 9987646 2390613 3771311 25573675 2390613 0 11141617 14987167 13596788 10567997 25573675 25573675 3771311 3771311 14987167 12568101 9987646 3771311 3771311 2390613
5131933 11823346 15908456 28314995 28314995 2741320 0 2741320 2741320 0 8400297 11823346 28314995 17728487 15309421 2741320 30464606 6512631 15309421 11889037 5131933 6512631 28314995 5131933 2741320 8400297 17728487 15498179 7826677 28314995 28314995 6512631 6512631 17728487 15309421 11889037 6512631 6512631 5131933
2390613 9082026 13167136 25573675 25573675 0 2741320 0 0 2741320 11141617 9082026 25573675 14987167 12568101 0 27723286 3771311 12568101 9987646 2390613 3771311 25573675 2390613 0 11141617 14987167 13596788 10567997 25573675 25573675 3771311 3771311 14987167 12568101 9987646 3771311 3771311 2390613
2390613 9082026 13167136 25573675 25573675 0 2741320 0 0 2741320 11141617 9082026 25573675 14987167 12568101 0 27723286 3771311 12568101 9987646 2390613 3771311 25573675 2390613 0 11141617 14987167 13596788 10567997 25573675 25573675 3771311 3771311 14987167 12568101 9987646 3771311 3771311 2390613
5131933 11823346 15908456 28314995 28314995 2741320 0 2741320 2741320 0 8400297 11823346 28314995 17728487 15309421 2741320 30464606 6512631 15309421 11889037 5131933 6512631 28314995 5131933 2741320 8400297 17728487 15498179 7826677 28314995 28314995 6512631 6512631 17728487 15309421 11889037 6512631 6512631 5131933
13532230 18241349 23883271 36715292 36715292 11141617 8400297 11141617 11141617 8400297 0 18241349 36715292 21287543 17646201 11141617 34023662 14912928 17646201 12156817 13532230 14912928 36715292 13532230 11141617 0 21287543 15765959 16226974 36715292 36715292 14912928 14912928 21287543 17646201 12156817 14912928 14912928 13532230
11472639 0 14706540 18584466 18584466 9082026 11823346 9082026 9082026 11823346 18241349 0 18584466 12433657 21650127 9082026 24517346 5310715 21650127 6084532 11472639 5310715 18584466 11472639 9082026 18241349 12433657 6912073 13847450 18584466 18584466 5310715 5310715 12433657 21650127 6084532 5310715 5310715 11472639
23183062 18584466 33291006 0 0 25573675 28314995 25573675 25573675 28314995 36715292 18584466 0 31018123 38141776 25573675 43101812 23895181 38141776 24668998 23183062 23895181 0 23183062 25573675 36715292 31018123 25496539 32431916 0 0 23895181 23895181 31018123 38141776 24668998 23895181 23895181 23183062
12596554 12433657 16992327 31018123 31018123 14987167 17728487 14987167 14987167 17728487 21287543 12433657 31018123 0 24969719 14987167 12736119 17744372 24969719 9130726 12596554 17744372 31018123 12596554 14987167 21287543 0 5521584 16893644 31018123 31018123 17744372 17744372 0 24969719 9130726 17744372 17744372 12596554
14958714 21650127 25735237 38141776 38141776 12568101 15309421 12568101 12568101 15309421 17646201 21650127 38141776 24969719 0 12568101 37705838 16339412 0 15838993 14958714 16339412 38141776 14958714 12568101 17646201 24969719 19448135 8076075 38141776 38141776 16339412 16339412 24969719 0 15838993 16339412 16339412 14958714
2390613 9082026 13167136 25573675 25573675 0 2741320 0 0 2741320 11141617 9082026 25573675 14987167 12568101 0 27723286 3771311 12568101 9987646 2390613 3771311 25573675 2390613 0 11141617 14987167 13596788 10567997 25573675 25573675 3771311 3771311 14987167 12568101 9987646 3771311 3771311 2390613
25332673 24517346 15144806 43101812 43101812 27723286 30464606 27723286 27723286 30464606 34023662 24517346 43101812 12736119 37705838 27723286 0 24540631 37705838 21866845 25332673 24540631 43101812 25332673 27723286 34023662 12736119 18257703 29629763 43101812 43101812 24540631 24540631 12736119 37705838 21866845 24540631 24540631 25332673
6161924 5310715 9395825 23895181 23895181 3771311 6512631 3771311 3771311 6512631 14912928 5310715 23895181 17744372 16339412 3771311 24540631 0 16339412 11395247 6161924 0 23895181 6161924 3771311 14912928 17744372 12222788 14339308 23895181 23895181 0 0 17744372 16339412 11395247 0 0 6161924
14958714 21650127 25735237 38141776 38141776 12568101 15309421 12568101 12568101 15309421 17646201 21650127 38141776 24969719 0 12568101 37705838 16339412 0 15838993 14958714 16339412 38141776 14958714 12568101 17646201 24969719 19448135 8076075 38141776 38141776 16339412 16339412 24969719 0 15838993 16339412 16339412 14958714
12378259 6084532 11726454 24668998 24668998 9987646 11889037 9987646 9987646 11889037 12156817 6084532 24668998 9130726 15838993 9987646 21866845 11395247 15838993 0 12378259 11395247 24668998 12378259 9987646 12156817 9130726 3609142 7762918 24668998 24668998 11395247 11395247 9130726 15838993 0 11395247 11395247 12378259
0 11472639 15557749 23183062 23183062 2390613 5131933 2390613 2390613 5131933 13532230 11472639 23183062 12596554 14958714 2390613 25332673 6161924 14958714 12378259 0 6161924 23183062 0 2390613 13532230 12596554 15987401 12958610 23183062 23183062 6161924 6161924 12596554 14958714 12378259 6161924 6161924 0
6161924 5310715 9395825 23895181 23895181 3771311 6512631 3771311 3771311 6512631 14912928 5310715 23895181 17744372 16339412 3771311 24540631 0 16339412 11395247 6161924 0 23895181 6161924 3771311 14912928 17744372 12222788 14339308 23895181 23895181 0 0 17744372 16339412 11395247 0 0 6161924
23183062 18584466 33291006 0 0 25573675 28314995 25573675 25573675 28314995 36715292 18584466 0 31018123 38141776 25573675 43101812 23895181 38141776 24668998 23183062 23895181 0 23183062 25573675 36715292 31018123 25496539 32431916 0 0 23895181 23895181 31018123 38141776 24668998 23895181 23895181 23183062
0 11472639 15557749 23183062 23183062 2390613 5131933 2390613 2390613 5131933 13532230 11472639 23183062 12596554 14958714 2390613 25332673 6161924 14958714 12378259 0 6161924 23183062 0 2390613 13532230 12596554 15987401 12958610 23183062 23183062 6161924 6161924 12596554 14958714 12378259 6161924 6161924 0
2390613 9082026 13167136 25573675 25573675 0 2741320 0 0 2741320 11141617 9082026 25573675 14987167 12568101 0 27723286 3771311 12568101 9987646 2390613 3771311 25573675 2390613 0 11141617 14987167 13596788 10567997 25573675 25573675 3771311 3771311 14987167 12568101 9987646 3771311 3771311 2390613
13532230 18241349 23883271 36715292 36715292 11141617 8400297 11141617 11141617 8400297 0 18241349 36715292 21287543 17646201 11141617 34023662 14912928 17646201 12156817 13532230 14912928 36715292 13532230 11141617 0 21287543 15765959 16226974 36715292 36715292 14912928 14912928 21287543 17646201 12156817 14912928 14912928 13532230
12596554 12433657 16992327 31018123 31018123 14987167 17728487 14987167 14987167 17728487 21287543 12433657 31018123 0 24969719 14987167 12736119 17744372 24969719 9130726 12596554 17744372 31018123 12596554 14987167 21287543 0 5521584 16893644 31018123 31018123 17744372 17744372 0 24969719 9130726 17744372 17744372 12596554
15987401 6912073 11470743 25496539 25496539 13596788 15498179 13596788 13596788 15498179 15765959 6912073 25496539 5521584 19448135 13596788 18257703 12222788 19448135 3609142 15987401 12222788 25496539 15987401 13596788 15765959 5521584 0 11372060 25496539 25496539 12222788 12222788 5521584 19448135 3609142 12222788 12222788 15987401
12958610 13847450 19489372 32431916 32431916 10567997 7826677 10567997 10567997 7826677 16226974 13847450 32431916 16893644 8076075 10567997 29629763 14339308 8076075 7762918 12958610 14339308 32431916 12958610 10567997 16226974 16893644 11372060 0 32431916 32431916 14339308 14339308 16893644 8076075 7762918 14339308 14339308 12958610
23183062 18584466 33291006 0 0 25573675 28314995 25573675 25573675 28314995 36715292 18584466 0 31018123 38141776 25573675 43101812 23895181 38141776 24668998 23183062 23895181 0 23183062 25573675 36715292 31018123 25496539 32431916 0 0 23895181 23895181 31018123 38141776 24668998 23895181 23895181 23183062
23183062 18584466 33291006 0 0 25573675 28314995 25573675 25573675 28314995 36715292 18584466 0 31018123 38141776 25573675 43101812 23895181 38141776 24668998 23183062 23895181 0 23183062 25573675 36715292 31018123 25496539 32431916 0 0 23895181 23895181 31018123 38141776 24668998 23895181 23895181 23183062
6161924 5310715 9395825 23895181 23895181 3771311 6512631 3771311 3771311 6512631 14912928 5310715 23895181 17744372 16339412 3771311 24540631 0 16339412 11395247 6161924 0 23895181 6161924 3771311 14912928 17744372 12222788 14339308 23895181 23895181 0 0 17744372 16339412 11395247 0 0 6161924
6161924 5310715 9395825 23895181 23895181 3771311 6512631 3771311 3771311 6512631 14912928 5310715 23895181 17744372 16339412 3771311 24540631 0 16339412 11395247 6161924 0 23895181 6161924 3771311 14912928 17744372 12222788 14339308 23895181 23895181 0 0 17744372 16339412 11395247 0 0 6161924
12596554 12433657 16992327 31018123 31018123 14987167 17728487 14987167 14987167 17728487 21287543 12433657 31018123 0 24969719 14987167 12736119 17744372 24969719 9130726 12596554 17744372 31018123 12596554 14987167 21287543 0 5521584 16893644 31018123 31018123 17744372 17744372 0 24969719 9130726 17744372 17744372 12596554
14958714 21650127 25735237 38141776 38141776 12568101 15309421 12568101 12568101 15309421 17646201 21650127 38141776 24969719 0 12568101 37705838 16339412 0 15838993 14958714 16339412 38141776 14958714 12568101 17646201 24969719 19448135 8076075 38141776 38141776 16339412 16339412 24969719 0 15838993 16339412 16339412 14958714
12378259 6084532 11726454 24668998 24668998 9987646 11889037 9987646 9987646 11889037 12156817 6084532 24668998 9130726 15838993 9987646 21866845 11395247 15838993 0 12378259 11395247 24668998 12378259 9987646 12156817 9130726 3609142 7762918 24668998 24668998 11395247 11395247 9130726 15838993 0 11395247 11395247 12378259
6161924 5310715 9395825 23895181 23895181 3771311 6512631 3771311 3771311 6512631 14912928 5310715 23895181 17744372 16339412 3771311 24540631 0 16339412 11395247 6161924 0 23895181 6161924 3771311 14912928 17744372 12222788 14339308 23895181 23895181 0 0 17744372 16339412 11395247 0 0 6161924
6161924 5310715 9395825 23895181 23895181 3771311 6512631 3771311 3771311 6512631 14912928 5310715 23895181 17744372 16339412 3771311 24540631 0 16339412 11395247 6161924 0 23895181 6161924 3771311 14912928 17744372 12222788 14339308 23895181 23895181 0 0 17744372 16339412 11395247 0 0 6161924
0 11472639 15557749 23183062 23183062 2390613 5131933 2390613 2390613 5131933 13532230 11472639 23183062 12596554 14958714 2390613 25332673 6161924 14958714 12378259 0 6161924 23183062 0 2390613 13532230 12596554 15987401 12958610 23183062 23183062 6161924 6161924 12596554 14958714 12378259 6161924 6161924 0
37 404651105
0 2154063 7228675 5735590 22847887 2154063 1800790 22847887 2154063 12311326 12311326 5735590 13431377 13431377 7228675 22847887 2154063 7228675 13431377 1800790 5735590 0 13431377 7228675 7228675 13431377 7228675 5735590 22847887 13431377 12311326 2154063 5735590 1800790 24839014 24839014 24839014
2154063 0 5074612 3581527 20693824 0 3954853 20693824 0 10157263 10157263 3581527 11277314 11277314 5074612 20693824 0 5074612 11277314 3954853 3581527 2154063 11277314 5074612 5074612 11277314 5074612 3581527 20693824 11277314 10157263 0 3581527 3954853 22684951 22684951 22684951
7228675 5074612 0 8656139 25768436 5074612 9029465 25768436 5074612 5082651 5082651 8656139 15885925 15885925 0 25768436 5074612 0 15885925 9029465 8656139 7228675 15885925 0 0 15885925 0 8656139 25768436 15885925 5082651 5074612 8656139 9029465 27759563 27759563 27759563
5735590 3581527 8656139 0 23301679 3581527 7536380 23301679 3581527 13738790 13738790 0 14858841 14858841 8656139 23301679 3581527 8656139 14858841 7536380 0 5735590 14858841 8656139 8656139 14858841 8656139 0 23301679 14858841 13738790 3581527 0 7536380 19103424 19103424 19103424
22847887 20693824 25768436 23301679 0 20693824 24648677 0 20693824 30851087 30851087 23301679 31971138 31971138 25768436 0 20693824 25768436 31971138 24648677 23301679 22847887 31971138 25768436 25768436 31971138 25768436 23301679 0 31971138 30851087 20693824 23301679 24648677 42405103 42405103 42405103
2154063 0 5074612 3581527 20693824 0 3954853 20693824 0 10157263 10157263 3581527 11277314 11277314 5074612 20693824 0 5074612 11277314 3954853 3581527 2154063 11277314 5074612 5074612 11277314 5074612 3581527 20693824 11277314 10157263 0 3581527 3954853 22684951 22684951 22684951
1800790 3954853 9029465 7536380 24648677 3954853 0 24648677 3954853 14112116 14112116 7536380 15232167 15232167 9029465 24648677 3954853 9029465 15232167 0 7536380 1800790 15232167 9029465 9029465 15232167 9029465 7536380 24648677 15232167 14112116 3954853 7536380 0 26639804 26639804 26639804
22847887 20693824 25768436 23301679 0 20693824 24648677 0 20693824 30851087 30851087 23301679 31971138 31971138 25768436 0 20693824 25768436 31971138 24648677 23301679 22847887 31971138 25768436 25768436 31971138 25768436 23301679 0 31971138 30851087 20693824 23301679 24648677 42405103 42405103 42405103
2154063 0 5074612 3581527 20693824 0 3954853 20693824 0 10157263 10157263 3581527 11277314 11277314 5074612 20693824 0 5074612 11277314 3954853 3581527 2154063 11277314 5074612 5074612 11277314 5074612 3581527 20693824 11277314 10157263 0 3581527 3954853 22684951 22684951 22684951
12311326 10157263 5082651 13738790 30851087 10157263 14112116 30851087 10157263 0 0 13738790 20968576 20968576 5082651 30851087 10157263 5082651 20968576 14112116 13738790 12311326 20968576 5082651 5082651 20968576 5082651 13738790 30851087 20968576 0 10157263 13738790 14112116 31514817 31514817 31514817
12311326 10157263 5082651 13738790 30851087 10157263 14112116 30851087 10157263 0 0 13738790 20968576 20968576 5082651 30851087 10157263 5082651 20968576 14112116 13738790 12311326 20968576 5082651 5082651 20968576 5082651 13738790 30851087 20968576 0 10157263 13738790 14112116 31514817 31514817 31514817
5735590 3581527 8656139 0 23301679 3581527 7536380 23301679 3581527 13738790 13738790 0 14858841 14858841 8656139 23301679 3581527 8656139 14858841 7536380 0 5735590 14858841 8656139 8656139 14858841 8656139 0 23301679 14858841 13738790 3581527 0 7536380 19103424 19103424 19103424
13431377 11277314 15885925 14858841 31971138 11277314 15232167 31971138 11277314 20968576 20968576 14858841 0 0 15885925 31971138 11277314 15885925 0 15232167 14858841 13431377 0 15885925 15885925 0 15885925 14858841 31971138 0 20968576 11277314 14858841 15232167 16425680 16425680 16425680
13431377 11277314 15885925 14858841 31971138 11277314 15232167 31971138 11277314 20968576 20968576 14858841 0 0 15885925 31971138 11277314 15885925 0 15232167 14858841 13431377 0 15885925 15885925 0 15885925 14858841 31971138 0 20968576 11277314 14858841 15232167 16425680 16425680 16425680
7228675 5074612 0 8656139 25768436 5074612 9029465 25768436 5074612 5082651 5082651 8656139 15885925 15885925 0 25768436 5074612 0 15885925 9029465 8656139 7228675 15885925 0 0 15885925 0 8656139 25768436 15885925 5082651 5074612 8656139 9029465 27759563 27759563 27759563
22847887 20693824 25768436 23301679 0 20693824 24648677 0 20693824 30851087 30851087 23301679 31971138 31971138 25768436 0 20693824 25768436 31971138 24648677 23301679 22847887 31971138 25768436 25768436 31971138 25768436 23301679 0 31971138 30851087 20693824 23301679 24648677 42405103 42405103 42405103
2154063 0 5074612 3581527 20693824 0 3954853 20693824 0 10157263 10157263 3581527 11277314 11277314 5074612 20693824 0 5074612 11277314 3954853 3581527 2154063 11277314 5074612 5074612 11277314 5074612 3581527 20693824 11277314 10157263 0 3581527 3954853 22684951 22684951 22684951
7228675 5074612 0 8656139 25768436 5074612 9029465 25768436 5074612 5082651 5082651 8656139 15885925 15885925 0 25768436 5074612 0 15885925 9029465 8656139 7228675 15885925 0 0 15885925 0 8656139 25768436 15885925 5082651 5074612 8656139 9029465 27759563 27759563 27759563
13431377 11277314 15885925 14858841 31971138 11277314 15232167 31971138 11277314 20968576 20968576 14858841 0 0 15885925 31971138 11277314 15885925 0 15232167 14858841 13431377 0 15885925 15885925 0 15885925 14858841 31971138 0 20968576 11277314 14858841 15232167 16425680 16425680 16425680
1800790 3954853 9029465 7536380 24648677 3954853 0 24648677 3954853 14112116 14112116 7536380 15232167 15232167 9029465 24648677 3954853 9029465 15232167 0 7536380 1800790 15232167 9029465 9029465 15232167 9029465 7536380 24648677 15232167 14112116 3954853 7536380 0 26639804 26639804 26639804
5735590 3581527 8656139 0 23301679 3581527 7536380 23301679 3581527 13738790 13738790 0 14858841 14858841 8656139 23301679 3581527 8656139 14858841 7536380 0 5735590 14858841 8656139 8656139 14858841 8656139 0 23301679 14858841 13738790 3581527 0 7536380 19103424 19103424 19103424
0 2154063 7228675 5735590 22847887 2154063 1800790 22847887 2154063 12311326 12311326 5735590 13431377 13431377 7228675 22847887 2154063 7228675 13431377 1800790 5735590 0 13431377 7228675 7228675 13431377 7228675 5735590 22847887 13431377 12311326 2154063 5735590 1800790 24839014 24839014 24839014
13431377 11277314 15885925 14858841 31971138 11277314 15232167 31971138 11277314 20968576 20968576 14858841 0 0 15885925 31971138 11277314 15885925 0 15232167 14858841 13431377 0 15885925 15885925 0 15885925 14858841 31971138 0 20968576 11277314 14858841 15232167 16425680 16425680 16425680
7228675 5074612 0 8656139 25768436 5074612 9029465 25768436 5074612 5082651 5082651 8656139 15885925 15885925 0 25768436 5074612 0 15885925 9029465 8656139 7228675 15885925 0 0 15885925 0 8656139 25768436 15885925 5082651 5074612 8656139 9029465 27759563 27759563 27759563
7228675 5074612 0 8656139 25768436 5074612 9029465 25768436 5074612 5082651 5082651 8656139 15885925 15885925 0 25768436 5074612 0 15885925 9029465 8656139 7228675 15885925 0 0 15885925 0 8656139 25768436 15885925 5082651 5074612 8656139 9029465 27759563 27759563 27759563
13431377 11277314 15885925 14858841 31971138 11277314 15232167 31971138 11277314 20968576 20968576 14858841 0 0 15885925 31971138 11277314 15885925 0 15232167 14858841 13431377 0 15885925 15885925 0 15885925 14858841 31971138 0 20968576 11277314 14858841 15232167 16425680 16425680 16425680
7228675 5074612 0 8656139 25768436 5074612 9029465 25768436 5074612 5082651 5082651 8656139 15885925 15885925 0 25768436 5074612 0 15885925 9029465 8656139 7228675 15885925 0 0 15885925 0 8656139 25768436 15885925 5082651 5074612 8656139 9029465 27759563 27759563 27759563
5735590 3581527 8656139 0 23301679 3581527 7536380 23301679 3581527 13738790 13738790 0 14858841 14858841 8656139 23301679 3581527 8656139 14858841 7536380 0 5735590 14858841 8656139 8656139 14858841 8656139 0 23301679 14858841 13738790 3581527 0 7536380 19103424 19103424 19103424
22847887 20693824 25768436 23301679 0 20693824 24648677 0 20693824 30851087 30851087 23301679 31971138 31971138 25768436 0 20693824 25768436 31971138 24648677 23301679 22847887 31971138 25768436 25768436 31971138 25768436 23301679 0 31971138 30851087 20693824 23301679 24648677 42405103 42405103 42405103
13431377 11277314 15885925 14858841 31971138 11277314 15232167 31971138 11277314 20968576 20968576 14858841 0 0 15885925 31971138 11277314 15885925 0 15232167 14858841 13431377 0 15885925 15885925 0 15885925 14858841 31971138 0 20968576 11277314 14858841 15232167 16425680 16425680 16425680
12311326 10157263 5082651 13738790 30851087 10157263 14112116 30851087 10157263 0 0 13738790 20968576 20968576 5082651 30851087 10157263 5082651 20968576 14112116 13738790 12311326 20968576 5082651 5082651 20968576 5082651 13738790 30851087 20968576 0 10157263 13738790 14112116 31514817 31514817 31514817
2154063 0 5074612 3581527 20693824 0 3954853 20693824 0 10157263 10157263 3581527 11277314 11277314 5074612 20693824 0 5074612 11277314 3954853 3581527 2154063 11277314 5074612 5074612 11277314 5074612 3581527 20693824 11277314 10157263 0 3581527 3954853 22684951 22684951 22684951
5735590 3581527 8656139 0 23301679 3581527 7536380 23301679 3581527 13738790 13738790 0 14858841 14858841 8656139 23301679 3581527 8656139 14858841 7536380 0 5735590 14858841 8656139 8656139 14858841 8656139 0 23301679 14858841 13738790 3581527 0 7536380 19103424 19103424 19103424
1800790 3954853 9029465 7536380 24648677 3954853 0 24648677 3954853 14112116 14112116 7536380 15232167 15232167 9029465 24648677 3954853 9029465 15232167 0 7536380 1800790 15232167 9029465 9029465 15232167 9029465 7536380 24648677 15232167 14112116 3954853 7536380 0 26639804 26639804 26639804
24839014 22684951 27759563 19103424 42405103 22684951 26639804 42405103 22684951 31514817 31514817 19103424 16425680 16425680 27759563 42405103 22684951 27759563 16425680 26639804 19103424 24839014 16425680 27759563 27759563 16425680 27759563 19103424 42405103 16425680 31514817 22684951 19103424 26639804 0 0 0
24839014 22684951 27759563 19103424 42405103 22684951 26639804 42405103 22684951 31514817 31514817 19103424 16425680 16425680 27759563 42405103 22684951 27759563 16425680 26639804 19103424 24839014 16425680 27759563 27759563 16425680 27759563 19103424 42405103 16425680 31514817 22684951 19103424 26639804 0 0 0
24839014 22684951 27759563 19103424 42405103 22684951 26639804 42405103 22684951 31514817 31514817 19103424 16425680 16425680 27759563 42405103 22684951 27759563 16425680 26639804 19103424 24839014 16425680 27759563 27759563 16425680 27759563 19103424 42405103 16425680 31514817 22684951 19103424 26639804 0 0 0
31 342982323
0 269335466 237448374 0 237448374 269335466 237448374 0 269335466 269335466 269335466 269335466 0 0 269335466 237448374 0 0 237448374 237448374 237448374 0 237448374 237448374 237448374 0 269335466 237448374 237448374 0 0
269335466 0 31887092 269335466 31887092 0 31887092 269335466 0 0 0 0 269335466 269335466 0 31887092 269335466 269335466 31887092 31887092 31887092 269335466 31887092 31887092 31887092 269335466 0 31887092 31887092 269335466 269335466
237448374 31887092 0 237448374 0 31887092 0 237448374 31887092 31887092 31887092 31887092 237448374 237448374 31887092 0 237448374 237448374 0 0 0 237448374 0 0 0 237448374 31887092 0 0 237448374 237448374
0 269335466 237448374 0 237448374 269335466 237448374 0 269335466 269335466 269335466 269335466 0 0 269335466 237448374 0 0 237448374 237448374 237448374 0 237448374 237448374 237448374 0 269335466 237448374 237448374 0 0
237448374 31887092 0 237448374 0 31887092 0 237448374 31887092 31887092 31887092 31887092 237448374 237448374 31887092 0 237448374 237448374 0 0 0 237448374 0 0 0 237448374 31887092 0 0 237448374 237448374
269335466 0 31887092 269335466 31887092 0 31887092 269335466 0 0 0 0 269335466 269335466 0 31887092 269335466 269335466 31887092 31887092 31887092 269335466 31887092 31887092 31887092 269335466 0 31887092 31887092 269335466 269335466
237448374 31887092 0 237448374 0 31887092 0 237448374 31887092 31887092 31887092 31887092 237448374 237448374 31887092 0 237448374 237448374 0 0 0 237448374 0 0 0 237448374 31887092 0 0 237448374 237448374
0 269335466 237448374 0 237448374 269335466 237448374 0 269335466 269335466 269335466 269335466 0 0 269335466 237448374 0 0 237448374 237448374 237448374 0 237448374 237448374 237448374 0 269335466 237448374 237448374 0 0
269335466 0 31887092 269335466 31887092 0 31887092 269335466 0 0 0 0 269335466 269335466 0 31887092 269335466 269335466 31887092 31887092 31887092 269335466 31887092 31887092 31887092 269335466 0 31887092 31887092 269335466 269335466
269335466 0 31887092 269335466 31887092 0 31887092 269335466 0 0 0 0 269335466 269335466 0 31887092 269335466 269335466 31887092 31887092 31887092 269335466 31887092 31887092 31887092 269335466 0 31887092 31887092 269335466 269335466
269335466 0 31887092 269335466 31887092 0 31887092 269335466 0 0 0 0 269335466 269335466 0 31887092 269335466 269335466 31887092 31887092 31887092 269335466 31887092 31887092 31887092 269335466 0 31887092 31887092 269335466 269335466
269335466 0 31887092 269335466 31887092 0 31887092 269335466 0 0 0 0 269335466 269335466 0 31887092 269335466 269335466 31887092 31887092 31887092 269335466 31887092 31887092 31887092 269335466 0 31887092 31887092 269335466 269335466
0 269335466 237448374 0 237448374 269335466 237448374 0 269335466 269335466 269335466 269335466 0 0 269335466 237448374 0 0 237448374 237448374 237448374 0 237448374 237448374 237448374 0 269335466 237448374 237448374 0 0
0 269335466 237448374 0 237448374 269335466 237448374 0 269335466 269335466 269335466 269335466 0 0 269335466 237448374 0 0 237448374 237448374 237448374 0 237448374 237448374 237448374 0 269335466 237448374 237448374 0 0
269335466 0 31887092 269335466 31887092 0 31887092 269335466 0 0 0 0 269335466 269335466 0 31887092 269335466 269335466 31887092 31887092 31887092 269335466 31887092 31887092 31887092 269335466 0 31887092 31887092 269335466 269335466
237448374 31887092 0 237448374 0 31887092 0 237448374 31887092 31887092 31887092 31887092 237448374 237448374 31887092 0 237448374 237448374 0 0 0 237448374 0 0 0 237448374 31887092 0 0 237448374 237448374
0 269335466 237448374 0 237448374 269335466 237448374 0 269335466 269335466 269335466 269335466 0 0 269335466 237448374 0 0 237448374 237448374 237448374 0 237448374 237448374 237448374 0 269335466 237448374 237448374 0 0
0 269335466 237448374 0 237448374 269335466 237448374 0 269335466 269335466 269335466 269335466 0 0 269335466 237448374 0 0 237448374 237448374 237448374 0 237448374 237448374 237448374 0 269335466 237448374 237448374 0 0
237448374 31887092 0 237448374 0 31887092 0 237448374 31887092 31887092 31887092 31887092 237448374 237448374 31887092 0 237448374 237448374 0 0 0 237448374 0 0 0 237448374 31887092 0 0 237448374 237448374
237448374 31887092 0 237448374 0 31887092 0 237448374 31887092 31887092 31887092 31887092 237448374 237448374 31887092 0 237448374 237448374 0 0 0 237448374 0 0 0 237448374 31887092 0 0 237448374 237448374
237448374 31887092 0 237448374 0 31887092 0 237448374 31887092 31887092 31887092 31887092 237448374 237448374 31887092 0 237448374 237448374 0 0 0 237448374 0 0 0 237448374 31887092 0 0 237448374 237448374
0 269335466 237448374 0 237448374 269335466 237448374 0 269335466 269335466 269335466 269335466 0 0 269335466 237448374 0 0 237448374 237448374 237448374 0 237448374 237448374 237448374 0 269335466 237448374 237448374 0 0
237448374 31887092 0 237448374 0 31887092 0 237448374 31887092 31887092 31887092 31887092 237448374 237448374 31887092 0 237448374 237448374 0 0 0 237448374 0 0 0 237448374 31887092 0 0 237448374 237448374
237448374 31887092 0 237448374 0 31887092 0 237448374 31887092 31887092 31887092 31887092 237448374 237448374 31887092 0 237448374 237448374 0 0 0 237448374 0 0 0 237448374 31887092 0 0 237448374 237448374
237448374 31887092 0 237448374 0 31887092 0 237448374 31887092 31887092 31887092 31887092 237448374 237448374 31887092 0 237448374 237448374 0 0 0 237448374 0 0 0 237448374 31887092 0 0 237448374 237448374
0 269335466 237448374 0 237448374 269335466 237448374 0 269335466 269335466 269335466 269335466 0 0 269335466 237448374 0 0 237448374 237448374 237448374 0 237448374 237448374 237448374 0 269335466 237448374 237448374 0 0
269335466 0 31887092 269335466 31887092 0 31887092 269335466 0 0 0 0 269335466 269335466 0 31887092 269335466 269335466 31887092 31887092 31887092 269335466 31887092 31887092 31887092 269335466 0 31887092 31887092 269335466 269335466
237448374 31887092 0 237448374 0 31887092 0 237448374 31887092 31887092 31887092 31887092 237448374 237448374 31887092 0 237448374 237448374 0 0 0 237448374 0 0 0 237448374 31887092 0 0 237448374 237448374
237448374 31887092 0 237448374 0 31887092 0 237448374 31887092 31887092 31887092 31887092 237448374 237448374 31887092 0 237448374 237448374 0 0 0 237448374 0 0 0 237448374 31887092 0 0 237448374 237448374
0 269335466 237448374 0 237448374 269335466 237448374 0 269335466 269335466 269335466 269335466 0 0 269335466 237448374 0 0 237448374 237448374 237448374 0 237448374 237448374 237448374 0 269335466 237448374 237448374 0 0
0 269335466 237448374 0 237448374 269335466 237448374 0 269335466 269335466 269335466 269335466 0 0 269335466 237448374 0 0 237448374 237448374 237448374 0 237448374 237448374 237448374 0 269335466 237448374 237448374 0 0
