20
40 946459913
0 25915795 17776230 27804511 26545754 27376378 24539031 20811580 30274387 26111492 19385442 22045330 17011434 28690546 14610982 24747702 33053706 29660934 23456777 22423253 49109003 22069238 17496326 23195880 17801160 28926658 16042298 19704899 29954713 25570365 33911002 26091808 27177843 8783271 30851700 16015237 21227537 28515826 22578326 18244719
25915795 0 14470061 25926113 22165787 28985790 13101262 17505411 10436714 17015482 20994854 7073239 18620846 23649346 11304813 9775611 23957696 7533045 19622765 17752136 29271330 16195155 11622243 14444413 11927077 16517177 21634331 10608889 26648544 22264196 18938911 11548485 1940726 17132524 13715979 17624649 17921368 8678153 24150040 12370636
17776230 14470061 0 20170822 24227230 27623730 17452921 9365846 12498157 20593009 19632794 17362827 17258786 17244812 3165248 17208974 27535223 11884704 12011043 17446930 31332773 15760991 12813823 18796072 12508989 17480924 23827885 25078950 18508979 14124631 25199668 15900144 16410787 8992959 15777422 16262589 9781803 10739596 22825678 12065430
27804511 25926113 20170822 0 30735594 31135234 20295282 23206172 19006521 16741745 20240580 20709305 24606982 29348872 17005574 18006933 23683959 18393068 8159779 18143168 37841137 27349187 24273061 21638433 23968227 30153243 11762213 23148338 28660680 26228691 27072246 21848059 23985387 22833285 22285786 23610785 23622129 17247960 23433464 23524668
26545754 22165787 24227230 30735594 0 43839085 20200959 29591742 11729073 35299817 34442621 25357574 32365726 27953138 23590194 28059946 39842720 14632742 32435989 32605431 30563689 31048450 26475538 21544110 26780372 34801512 28734028 28893224 37902961 24832957 37223246 18648182 20225061 17762483 18525460 32477944 29175785 13487634 31249737 27223931
27376378 28985790 27623730 31135234 43839085 0 28973008 18257884 32993991 35394113 14731346 21912551 12357338 26136850 24458482 24614923 31812955 32380538 26812147 21996654 35615827 20439673 17363547 30316159 17058713 31356489 28377609 35713227 27401017 23016669 33778223 30525785 27045064 26076602 26197604 11361141 18673841 31235430 17924230 16615154
24539031 13101262 17452921 20295282 20200959 28973008 0 22627276 8471886 16386627 14241662 16293049 18608064 24675547 20618169 14646074 20426035 5568217 24493228 14914024 27306502 24120043 20842053 1343151 20739083 25736987 8533069 9980034 31770409 21575770 27893240 1552777 11160536 26445880 11751151 17611867 23043233 6713325 11048778 20295524
20811580 17505411 9365846 23206172 29591742 18257884 22627276 0 17862669 23628359 10266948 15517061 7892940 7878966 6200598 18219433 27348557 18602112 15046393 15601164 36697285 6395145 10968057 23970427 10663223 15011135 19225263 23606932 9143133 4758785 15833822 21074499 19446137 12028309 21733206 6896743 415957 19621230 13459832 10219664
30274387 10436714 12498157 19006521 11729073 32993991 8471886 17862669 0 23570744 22713548 13628501 20636653 16224065 15663405 16330873 28113647 2903669 24509200 23385910 18834616 22750417 18177505 9815037 18482339 23072439 17004955 17164151 26173888 13103884 25494173 6919109 8495988 21491116 6796387 21632850 17446712 1758561 19520664 18925898
26111492 17015482 20593009 16741745 35299817 35394113 16386627 23628359 23570744 0 20662767 20207269 25029169 20245279 17427761 18429120 6942214 20667075 8581966 30886166 42405360 29329185 24756273 15043476 25061107 27377448 24919696 6406593 32771492 23365460 27494433 17939404 15074756 23255472 26850009 24032972 24044316 21812183 23855651 25504666
19385442 20994854 19632794 20240580 34442621 14731346 14241662 10266948 22713548 20662767 0 13921615 4366402 18145914 16467546 16623987 23822019 19809879 12080801 14005718 41548164 12448737 9372611 15584813 9067777 23365553 20386673 24221696 19410081 15025733 25787287 15794439 19054128 18085666 18206668 3370205 10682905 20954987 3192884 8624218
22045330 7073239 17362827 20709305 25357574 21912551 16293049 15517061 13628501 20207269 13921615 0 11547607 16576107 14197579 2702372 27149483 10724832 12549526 10678897 32463117 9121916 4549004 17636200 4853838 9443938 14938135 13800676 23828280 19443932 11865672 14740272 5132513 13262059 16907766 10551410 15101104 11869940 17114499 5297397
17011434 18620846 17258786 24606982 32365726 12357338 18608064 7892940 20636653 25029169 4366402 11547607 0 15771906 14093538 14249979 19455617 20023200 16447203 11631710 37896079 10074729 6998603 19951215 6693769 20991545 18012665 25348283 17036073 12651725 23413279 20160841 16680120 15711658 13840266 996197 8308897 18878092 7559286 6250210
28690546 23649346 17244812 29348872 27953138 26136850 24675547 7878966 16224065 20245279 18145914 16576107 15771906 0 14079564 19278479 27187493 19127734 22162334 20126483 35058681 13442197 13996590 26018698 14301424 7132169 17586659 21968328 16190185 3120181 22880874 23143174 21708620 19907275 23020452 14775709 7463009 17982626 21338798 14744983
14610982 11304813 3165248 17005574 23590194 24458482 20618169 6200598 15663405 17427761 16467546 14197579 14093538 14079564 0 16899951 24369975 15049952 8845795 14281682 34498021 12595743 9648575 21961320 9343741 14315676 20662637 21913702 15343731 10959383 22034420 19065392 13245539 5827711 18942670 13097341 6616555 13904844 19660430 8900182
24747702 9775611 17208974 18006933 28059946 24614923 14646074 18219433 16330873 18429120 16623987 2702372 14249979 19278479 16899951 0 25371334 13427204 9847154 13381269 35165489 11824288 7251376 15989225 7556210 12146310 17640507 16503048 26530652 22146304 14568044 13093297 7834885 15964431 19610138 13253782 17803476 14572312 19816871 7999769
33053706 23957696 27535223 23683959 39842720 31812955 20426035 27348557 28113647 6942214 23822019 27149483 19455617 27187493 24369975 25371334 0 25209978 15524180 31087327 46948263 29530346 26454220 21769186 26149386 34319662 28959104 13348807 36491690 30307674 34436647 21194538 22016970 30197686 31392912 20451814 27764514 26355086 27014903 25705827
29660934 7533045 11884704 18393068 14632742 32380538 5568217 18602112 2903669 20667075 19809879 10724832 20023200 19127734 15049952 13427204 25209978 0 23274358 20482241 21738285 19846748 15273836 6911368 15578670 20168770 14101286 14260482 27745245 16007553 22590504 4015440 5592319 20877663 6182934 21019397 19018069 1145108 16616995 16022229
23456777 19622765 12011043 8159779 32435989 26812147 24493228 15046393 24509200 8581966 12080801 12549526 16447203 22162334 8845795 9847154 15524180 23274358 0 23127477 43343816 21441538 17098530 23625442 17403364 21993464 19921992 14988559 24189526 19042153 18912467 22940451 17682039 14673506 27788465 15451006 15462350 22750639 15273685 17745977
22423253 17752136 17446930 18143168 32605431 21996654 14914024 15601164 23385910 30886166 14005718 10678897 11631710 20126483 14281682 13381269 31087327 20482241 23127477 0 39706565 9206019 6129893 16257175 5825059 20122835 6380955 24479573 23912383 19528035 22544569 16466801 15811410 14842948 25471976 10635513 15185207 21627349 17198602 5381500
49109003 29271330 31332773 37841137 30563689 35615827 27306502 36697285 18834616 42405360 41548164 32463117 37896079 35058681 34498021 35165489 46948263 21738285 43343816 39706565 0 38149584 35073458 28649653 34768624 41907055 35839571 35998767 45008504 31938500 44328789 25753725 27330604 40325732 25631003 38892276 36281328 20593177 38355280 34325065
22069238 16195155 15760991 27349187 31048450 20439673 24120043 6395145 22750417 29329185 12448737 9121916 10074729 13442197 12595743 11824288 29530346 19846748 21441538 9206019 38149584 0 4572912 25463194 4268078 18565854 15586974 22922592 14706364 10322016 20987588 23862188 14254429 13285967 23914995 9078532 5979188 20991856 15641621 3824519
17496326 11622243 12813823 24273061 26475538 17363547 20842053 10968057 18177505 24756273 9372611 4549004 6998603 13996590 9648575 7251376 26454220 15273836 17098530 6129893 35073458 4572912 0 22185204 304834 13992942 12510848 18349680 19279276 14894928 16414676 19289276 9681517 8713055 20838869 6002406 10552100 16418944 12565495 748393
23195880 14444413 18796072 21638433 21544110 30316159 1343151 23970427 9815037 15043476 15584813 17636200 19951215 26018698 21961320 15989225 21769186 6911368 23625442 16257175 28649653 25463194 22185204 0 22082234 27080138 9876220 8636883 33113560 22918921 29236391 2895928 12503687 27783113 13094302 18955018 24386384 8056476 12391929 21638675
17801160 11927077 12508989 23968227 26780372 17058713 20739083 10663223 18482339 25061107 9067777 4853838 6693769 14301424 9343741 7556210 26149386 15578670 17403364 5825059 34768624 4268078 304834 22082234 0 14297776 12206014 18654514 18974442 14590094 16719510 19594110 9986351 9017889 20534035 5697572 10247266 16723778 12260661 443559
28926658 16517177 17480924 30153243 34801512 31356489 25736987 15011135 23072439 27377448 23365553 9443938 20991545 7132169 14315676 12146310 34319662 20168770 21993464 20122835 41907055 18565854 13992942 27080138 14297776 0 24382073 23244614 23322354 10252350 21309610 24184210 14576451 20143387 26351704 19995348 14595178 21313878 26558437 14741335
16042298 21634331 23827885 11762213 28734028 28377609 8533069 19225263 17004955 24919696 20386673 14938135 18012665 17586659 20662637 17640507 28959104 14101286 19921992 6380955 35839571 15586974 12510848 9876220 12206014 24382073 0 18513103 27536482 14466478 19360171 10085846 19693605 21223903 20284220 17016468 18809306 15246394 19581847 11762455
19704899 10608889 25078950 23148338 28893224 35713227 9980034 23606932 17164151 6406593 24221696 13800676 25348283 21968328 21913702 16503048 13348807 14260482 14988559 24479573 35998767 22922592 18349680 8636883 18654514 23244614 18513103 0 31918151 18848147 25666348 11532811 8668163 27062735 20443416 24352086 23190975 15405590 21028812 19098073
29954713 26648544 18508979 28660680 37902961 27401017 31770409 9143133 26173888 32771492 19410081 23828280 17036073 16190185 15343731 26530652 36491690 27745245 24189526 23912383 45008504 14706364 19279276 33113560 18974442 23322354 27536482 31918151 0 13070004 24145041 30217632 28589270 21171442 30876339 16039876 8727176 27932449 22602965 18530883
25570365 22264196 14124631 26228691 24832957 23016669 21575770 4758785 13103884 23365460 15025733 19443932 12651725 3120181 10959383 22146304 30307674 16007553 19042153 19528035 31938500 10322016 14894928 22918921 14590094 10252350 14466478 18848147 13070004 0 19760693 20022993 21599872 16787094 19900271 11655528 4342828 14862445 18218617 14146535
33911002 18938911 25199668 27072246 37223246 33778223 27893240 15833822 25494173 27494433 25787287 11865672 23413279 22880874 22034420 14568044 34436647 22590504 18912467 22544569 44328789 20987588 16414676 29236391 16719510 21309610 19360171 25666348 24145041 19760693 0 26605944 16998185 25127731 28773438 22417082 15417865 23735612 28980171 17163069
26091808 11548485 15900144 21848059 18648182 30525785 1552777 21074499 6919109 17939404 15794439 14740272 20160841 23143174 19065392 13093297 21194538 4015440 22940451 16466801 25753725 23862188 19289276 2895928 19594110 24184210 10085846 11532811 30217632 20022993 26605944 0 9607759 24893103 10198374 19164644 21490456 5160548 12601555 20037669
27177843 1940726 16410787 23985387 20225061 27045064 11160536 19446137 8495988 15074756 19054128 5132513 16680120 21708620 13245539 7834885 22016970 5592319 17682039 15811410 27330604 14254429 9681517 12503687 9986351 14576451 19693605 8668163 28589270 21599872 16998185 9607759 0 18394572 11775253 15683923 19862094 6737427 22209314 10429910
8783271 17132524 8992959 22833285 17762483 26076602 26445880 12028309 21491116 23255472 18085666 13262059 15711658 19907275 5827711 15964431 30197686 20877663 14673506 14842948 40325732 13285967 8713055 27783113 9017889 20143387 21223903 27062735 21171442 16787094 25127731 24893103 18394572 0 23147319 14715461 12444266 19732555 21278550 9461448
30851700 13715979 15777422 22285786 18525460 26197604 11751151 21733206 6796387 26850009 18206668 16907766 13840266 23020452 18942670 19610138 31392912 6182934 27788465 25471976 25631003 23914995 20838869 13094302 20534035 26351704 20284220 20443416 30876339 19900271 28773438 10198374 11775253 23147319 0 14836463 22149163 5037826 21399552 20090476
16015237 17624649 16262589 23610785 32477944 11361141 17611867 6896743 21632850 24032972 3370205 10551410 996197 14775709 13097341 13253782 20451814 21019397 15451006 10635513 38892276 9078532 6002406 18955018 5697572 19995348 17016468 24352086 16039876 11655528 22417082 19164644 15683923 14715461 14836463 0 7312700 19874289 6563089 5254013
21227537 17921368 9781803 23622129 29175785 18673841 23043233 415957 17446712 24044316 10682905 15101104 8308897 7463009 6616555 17803476 27764514 19018069 15462350 15185207 36281328 5979188 10552100 24386384 10247266 14595178 18809306 23190975 8727176 4342828 15417865 21490456 19862094 12444266 22149163 7312700 0 19205273 13875789 9803707
28515826 8678153 10739596 17247960 13487634 31235430 6713325 19621230 1758561 21812183 20954987 11869940 18878092 17982626 13904844 14572312 26355086 1145108 22750639 21627349 20593177 20991856 16418944 8056476 16723778 21313878 15246394 15405590 27932449 14862445 23735612 5160548 6737427 19732555 5037826 19874289 19205273 0 17762103 17167337
22578326 24150040 22825678 23433464 31249737 17924230 11048778 13459832 19520664 23855651 3192884 17114499 7559286 21338798 19660430 19816871 27014903 16616995 15273685 17198602 38355280 15641621 12565495 12391929 12260661 26558437 19581847 21028812 22602965 18218617 28980171 12601555 22209314 21278550 21399552 6563089 13875789 17762103 0 11817102
18244719 12370636 12065430 23524668 27223931 16615154 20295524 10219664 18925898 25504666 8624218 5297397 6250210 14744983 8900182 7999769 25705827 16022229 17745977 5381500 34325065 3824519 748393 21638675 443559 14741335 11762455 19098073 18530883 14146535 17163069 20037669 10429910 9461448 20090476 5254013 9803707 17167337 11817102 0
37 718532716
0 18240326 11364334 13201437 18252616 10493650 2883604 10309210 16484307 8240652 7387506 10528279 8152492 9892893 13637397 6978120 15232858 19365668 14341318 4356940 6567376 5174314 14611542 4770566 4600579 9802925 10055777 7745632 10469531 13122276 5199968 11829209 7592960 19269532 11732574 7773779 12259249
18240326 0 15731034 10906825 17776871 7954789 20116421 12680193 18855290 9999674 17528416 7920160 19785668 19419339 15396419 12574721 7600169 17766837 10115411 13883386 11672950 17825711 17504567 20145356 13847860 11561947 16702941 10494694 12840514 16048370 17800057 11003818 15396443 19032371 11256829 18984939 14630232
11364334 15731034 0 10294865 10994247 8078281 8480730 3050841 5325860 9268652 12648141 8043652 18647007 12273222 10000567 12969744 8130865 13078007 15716159 9003111 7595376 6190020 7554573 15265081 8759472 8610297 5872553 8773632 2890520 5153320 6215674 11534514 5767091 18076904 4474205 3590555 1100802
13201437 10906825 10294865 0 13076154 3021294 15077532 7979476 13419121 5950825 12489527 2986665 18066966 14380450 11347570 10856019 10212772 15159914 13917331 8844497 6634061 12786822 12803850 15106467 8914365 7513098 15133288 5455805 8139797 5141545 12761168 9539382 10695726 16979705 6556112 13885420 9194063
18252616 17776871 10994247 13076154 0 10124118 16664128 7943406 14118503 12750388 17540706 10089489 23539572 17486429 18147133 17152348 10176702 2083760 21020155 13895676 12487941 17184267 12767780 20157646 13652037 11188115 15097218 13245408 8103727 13945963 17209921 13580351 10659656 20654722 6520042 14584802 9893445
10493650 7954789 8078281 3021294 10124118 0 13377254 5027440 11202537 8972119 9781740 34629 15780606 11672663 14368864 13877313 7260736 12207878 10965295 6136710 8347146 14268301 9851814 12398680 5893071 8272149 12181252 8477099 5187761 8162839 14293955 10664385 7743690 17738756 3604076 11668836 6977479
2883604 20116421 8480730 15077532 16664128 13377254 0 8720722 13806590 10116747 10271110 13411883 11036096 12776497 15513492 9861724 13800746 18747888 17224922 7240544 8443471 2290710 13224454 7654170 7484183 11679020 7172173 9621727 8560401 13634050 2316364 12871296 10476564 21145627 10144086 4890175 9581532
10309210 12680193 3050841 7979476 7943406 5027440 8720722 0 6175097 6217811 9597300 4992811 15596166 9543023 10849804 12055670 5080024 10027166 15923477 5952270 4544535 9240861 4824374 12214240 5708631 6091437 8923394 5722791 160321 6002557 9266515 8483673 2716250 15558044 1423364 6641396 1950039
16484307 18855290 5325860 13419121 14118503 11202537 13806590 6175097 0 12392908 15772397 11167908 21771263 15397478 13124823 17753497 11255121 16202263 10390299 12127367 10719632 11515880 10678829 18389337 11883728 11734553 11198413 11897888 6014776 8277576 11541534 14658770 8891347 21201160 7598461 8916415 4225058
8240652 9999674 9268652 5950825 12750388 8972119 10116747 6217811 12392908 0 7528742 8937490 13527608 9419665 5396745 15218772 7982246 11125016 19868156 3883712 1673276 7826037 11042185 10145682 4127351 1562273 10277720 495020 6378132 11092370 7800383 4578597 7119732 11028880 6230346 10425502 8167850
7387506 17528416 12648141 12489527 17540706 9781740 10271110 9597300 15772397 7528742 0 9816369 5998866 9180983 12925487 13209813 14520948 18653758 20573011 3645030 5855466 12008227 13899632 2616940 3888669 9091015 12955751 7033722 9757621 15599857 11982573 11117299 6881050 18557622 11020664 14607692 11547339
10528279 7920160 8043652 2986665 10089489 34629 13411883 4992811 11167908 8937490 9816369 0 15815235 11707292 14334235 13842684 7226107 12173249 10930666 6171339 8381775 14233672 9817185 12433309 5927700 8237520 12146623 8442470 5153132 8128210 14259326 10629756 7709061 17704127 3569447 11634207 6942850
8152492 19785668 18647007 18066966 23539572 15780606 11036096 15596166 21771263 13527608 5998866 15815235 0 15179849 18924353 7210947 20519814 24652624 14574145 9643896 11854332 13326806 19898498 3381926 9887535 15089881 13720737 13032588 15756487 21274768 13352460 17116165 12879916 24556488 17019530 15926271 17546205
9892893 19419339 12273222 14380450 17486429 11672663 12776497 9543023 15397478 9419665 9180983 11707292 15179849 0 14816410 12689507 14623047 19570189 20052705 5535953 7746389 13899150 4718649 11797923 5779592 10981938 18145775 8924645 9382702 15224938 13873496 13008222 8771973 20448545 10966387 15863777 11172420
13637397 15396419 10000567 11347570 18147133 14368864 15513492 10849804 13124823 5396745 12925487 14334235 18924353 14816410 0 20615517 13378991 16521761 23515122 9280457 7070021 13222782 15353536 15542427 9524096 6959018 15674465 5891765 10689483 12952283 13197128 9975342 12516477 16425625 11627091 13591122 8899765
6978120 12574721 12969744 10856019 17152348 13877313 9861724 12055670 17753497 15218772 13209813 13842684 7210947 12689507 20615517 0 14288966 19236108 7363198 11335060 13545496 12152434 16880044 10592873 11578699 15300379 17033897 14723752 12215991 15997564 12178088 17692615 14571080 24766986 10632306 14751899 14005709
15232858 7600169 8130865 10212772 10176702 7260736 13800746 5080024 11255121 7982246 14520948 7226107 20519814 14623047 13378991 14288966 0 12260462 17715580 10875918 8665482 13984235 9904398 17137888 10788655 8324733 9102772 7487226 5240345 11082581 14009889 3403649 7796274 17791340 3656660 11384770 7030063
19365668 17766837 13078007 15159914 2083760 12207878 18747888 10027166 16202263 11125016 18653758 12173249 24652624 19570189 16521761 19236108 12260462 0 23103915 15008728 12798292 18951053 14851540 21270698 15252367 12687289 17180978 11620036 10187487 16029723 18925399 15664111 12743416 22153896 8603802 16668562 11977205
14341318 10115411 15716159 13917331 21020155 10965295 17224922 15923477 10390299 19868156 20573011 10930666 14574145 20052705 23515122 7363198 17715580 23103915 0 17102005 19312441 15022024 20747851 17956071 16858366 19168186 19903487 19373136 16083798 18667875 14996370 21119229 18639727 28634793 14500113 17621489 14615357
4356940 13883386 9003111 8844497 13895676 6136710 7240544 5952270 12127367 3883712 3645030 6171339 9643896 5535953 9280457 11335060 10875918 15008728 17102005 0 2210436 8363197 10254602 6261970 243639 5445985 13171392 3388692 6112591 11954827 8337543 7472269 3236020 14912592 7375634 10962662 7902309
6567376 11672950 7595376 6634061 12487941 8347146 8443471 4544535 10719632 1673276 5855466 8381775 11854332 7746389 7070021 13545496 8665482 12798292 19312441 2210436 0 6152761 9368909 8472406 2454075 3235549 10960956 1178256 4704856 10547092 6127107 5261833 5446456 12702156 5967899 8752226 6494574
5174314 17825711 6190020 12786822 17184267 14268301 2290710 9240861 11515880 7826037 12008227 14233672 13326806 13899150 13222782 12152434 13984235 18951053 15022024 8363197 6152761 0 13744593 9944880 8606836 9388310 4881463 7331017 9080540 11343340 25654 10580586 11599217 18854917 10664225 2599465 7290822
14611542 17504567 7554573 12803850 12767780 9851814 13224454 4824374 10678829 11042185 13899632 9817185 19898498 4718649 15353536 16880044 9904398 14851540 20747851 10254602 9368909 13744593 0 16516572 10498241 10915811 13427126 10547165 4664053 10506289 13770247 13308047 7540624 20382418 6247738 11145128 6453771
4770566 20145356 15265081 15106467 20157646 12398680 7654170 12214240 18389337 10145682 2616940 12433309 3381926 11797923 15542427 10592873 17137888 21270698 17956071 6261970 8472406 9944880 16516572 0 6505609 11707955 10338811 9650662 12374561 17892842 9970534 13734239 9497990 21174562 13637604 12544345 14164279
4600579 13847860 8759472 8914365 13652037 5893071 7484183 5708631 11883728 4127351 3888669 5927700 9887535 5779592 9524096 11578699 10788655 15252367 16858366 243639 2454075 8606836 10498241 6505609 0 5689624 13415031 3632331 5868952 11711188 8581182 7715908 2992381 15156231 7131995 11206301 7658670
9802925 11561947 8610297 7513098 11188115 8272149 11679020 6091437 11734553 1562273 9091015 8237520 15089881 10981938 6959018 15300379 8324733 12687289 19168186 5445985 3235549 9388310 10915811 11707955 5689624 0 11839993 2057293 6251758 11562013 9362656 6140870 8682005 9466607 4668073 11987775 7509495
10055777 16702941 5872553 15133288 15097218 12181252 7172173 8923394 11198413 10277720 12955751 12146623 13720737 18145775 15674465 17033897 9102772 17180978 19903487 13171392 10960956 4881463 13427126 10338811 13415031 11839993 0 9782700 8763073 11025873 4907117 5699123 11639644 21306600 8577176 2281998 6973355
7745632 10494694 8773632 5455805 13245408 8477099 9621727 5722791 11897888 495020 7033722 8442470 13032588 8924645 5891765 14723752 7487226 11620036 19373136 3388692 1178256 7331017 10547165 9650662 3632331 2057293 9782700 0 5883112 10597350 7305363 4083577 6624712 11523900 6725366 9930482 7672830
10469531 12840514 2890520 8139797 8103727 5187761 8560401 160321 6014776 6378132 9757621 5153132 15756487 9382702 10689483 12215991 5240345 10187487 16083798 6112591 4704856 9080540 4664053 12374561 5868952 6251758 8763073 5883112 0 5842236 9106194 8643994 2876571 15718365 1583685 6481075 1789718
13122276 16048370 5153320 5141545 13945963 8162839 13634050 6002557 8277576 11092370 15599857 8128210 21274768 15224938 12952283 15997564 11082581 16029723 18667875 11954827 10547092 11343340 10506289 17892842 11711188 11562013 11025873 10597350 5842236 0 11368994 14486230 8718807 15863318 7425921 8743875 4052518
5199968 17800057 6215674 12761168 17209921 14293955 2316364 9266515 11541534 7800383 11982573 14259326 13352460 13873496 13197128 12178088 14009889 18925399 14996370 8337543 6127107 25654 13770247 9970534 8581182 9362656 4907117 7305363 9106194 11368994 0 10606240 11573563 18829263 10689879 2625119 7316476
11829209 11003818 11534514 9539382 13580351 10664385 12871296 8483673 14658770 4578597 11117299 10629756 17116165 13008222 9975342 17692615 3403649 15664111 21119229 7472269 5261833 10580586 13308047 13734239 7715908 6140870 5699123 4083577 8643994 14486230 10606240 0 10708289 15607477 7060309 7981121 10433712
7592960 15396443 5767091 10695726 10659656 7743690 10476564 2716250 8891347 7119732 6881050 7709061 12879916 8771973 12516477 14571080 7796274 12743416 18639727 3236020 5446456 11599217 7540624 9497990 2992381 8682005 11639644 6624712 2876571 8718807 11573563 10708289 0 18148612 4139614 9357646 4666289
19269532 19032371 18076904 16979705 20654722 17738756 21145627 15558044 21201160 11028880 18557622 17704127 24556488 20448545 16425625 24766986 17791340 22153896 28634793 14912592 12702156 18854917 20382418 21174562 15156231 9466607 21306600 11523900 15718365 15863318 18829263 15607477 18148612 0 14134680 21454382 16976102
11732574 11256829 4474205 6556112 6520042 3604076 10144086 1423364 7598461 6230346 11020664 3569447 17019530 10966387 11627091 10632306 3656660 8603802 14500113 7375634 5967899 10664225 6247738 13637604 7131995 4668073 8577176 6725366 1583685 7425921 10689879 7060309 4139614 14134680 0 8064760 3373403
7773779 18984939 3590555 13885420 14584802 11668836 4890175 6641396 8916415 10425502 14607692 11634207 15926271 15863777 13591122 14751899 11384770 16668562 17621489 10962662 8752226 2599465 11145128 12544345 11206301 11987775 2281998 9930482 6481075 8743875 2625119 7981121 9357646 21454382 8064760 0 4691357
12259249 14630232 1100802 9194063 9893445 6977479 9581532 1950039 4225058 8167850 11547339 6942850 17546205 11172420 8899765 14005709 7030063 11977205 14615357 7902309 6494574 7290822 6453771 14164279 7658670 7509495 6973355 7672830 1789718 4052518 7316476 10433712 4666289 16976102 3373403 4691357 0
34 571234512
0 22295294 19199149 25173556 15102170 18102289 15429792 27017715 13339734 21534264 23453602 11116105 19151158 21983858 22832198 10334931 11137691 21734529 12514587 24970488 24280832 22098701 17706060 26559674 20772258 12402555 22798180 15600717 23051077 13082130 18156009 32335189 18864752 14364365
22295294 0 16210900 19221182 12113921 8782132 12441543 17688482 10351485 8428403 24828867 13318553 20338676 19474042 20026979 12841080 11157603 17417516 12534499 22007211 15541556 14548191 14717811 29065823 17784009 9892739 19834903 11283704 18734064 10093881 15167760 29346940 9535519 11854549
19199149 16210900 0 21758650 8137059 22276755 8464681 24139370 6374623 14569153 22965398 9645392 16361814 19704976 14967083 8864218 15312157 17889377 16689053 13299682 14866853 12684722 10740949 25088961 13807147 14047293 15471990 19775183 19205925 6117019 8742030 25370078 17697394 12085483
25173556 19221182 21758650 0 17661671 10439050 17989293 25324427 15899235 24093765 32801813 19170004 24966264 24882032 25574729 18388830 14035865 19074434 15412761 23664129 26840333 24658202 20265561 34613573 22411597 15300729 21491821 12940622 20390982 15641631 20715510 34894690 28756701 17262539
15102170 12113921 8137059 17661671 0 17038834 327622 20162166 2277644 6432094 17277207 4644056 8224755 12112052 7913058 4767239 10074236 17084220 11451132 17411608 9178662 6996531 2603890 20991982 5670088 11339100 15239300 14537262 15767672 2020040 3053839 17233019 12009203 12276875
18102289 8782132 22276755 10439050 17038834 0 17366456 14885377 19133617 17210535 28257637 20129987 14527214 17810765 17806546 19348813 6964598 8635384 5587702 13225079 24323688 22392280 14434944 30153594 11972547 8229462 11052771 2501572 9951932 18876013 20092673 29064073 18317651 10191272
15429792 12441543 8464681 17989293 327622 17366456 0 19834544 2605266 6104472 16949585 4316434 8552377 12439674 7585436 5094861 10401858 16756598 11778754 17083986 8851040 6668909 2931512 21319604 5997710 11666722 14911678 14864884 15440050 2347662 2726217 17560641 11681581 12604497
27017715 17688482 24139370 25324427 20162166 14885377 19834544 0 22439810 21671752 23446311 23967613 28386921 22845582 12788059 24748787 16846831 6249993 15469935 10839688 14159000 13165635 22766056 15268217 25832254 18111695 8667380 12383805 4933445 22182206 17108327 28700323 8152963 20073505
13339734 10351485 6374623 15899235 2277644 19133617 2605266 22439810 0 8709738 19554851 3785977 10502399 14389696 10190702 3004803 12351880 19361864 13728776 19674305 11456306 9274175 4881534 19229546 7947732 11961041 17516944 16814906 18045316 257604 5331483 19510663 14286847 9999231
21534264 8428403 14569153 24093765 6432094 17210535 6104472 21671752 8709738 0 23054057 10420906 14656849 16596046 13689908 11199333 12203227 15566219 13580123 15321140 14955512 12773381 9035984 27424076 12102182 10938363 13148832 16666253 16882767 8452134 8830689 23665113 17786053 8976553
23453602 24828867 22965398 32801813 17277207 28257637 16949585 23446311 19554851 23054057 0 21266019 25501962 29389259 11632178 22044446 24046831 20803340 22669935 25393035 12462807 10280676 19881097 38269189 22947295 24693076 23220727 25756065 19486792 19297247 14223368 15681502 15293348 22731266
11116105 13318553 9645392 19170004 4644056 20129987 4316434 23967613 3785977 10420906 21266019 0 8035053 16756108 11716093 781174 13165389 20350716 14542285 21400420 13167474 10985343 7247946 17005917 10314144 11900525 19228112 17628415 19034168 3528373 7042651 21877075 15998015 13785208
19151158 20338676 16361814 24966264 8224755 14527214 8552377 28386921 10502399 14656849 25501962 8035053 0 8996631 16137813 8816227 13091211 23162598 14468107 21308483 17403417 15221286 5620865 25040970 2554667 14356075 23464055 17028786 23992427 10244795 11278594 20249994 20233958 16317885
21983858 19474042 19704976 24882032 12112052 17810765 12439674 22845582 14389696 16596046 29389259 16756108 8996631 0 20025110 16879291 10846167 16901547 12223063 12311852 20698656 19108583 9508162 26200428 6441964 9581303 14484160 15309193 18218095 14132092 15165891 24137291 14692619 7619493
22832198 20026979 14967083 25574729 7913058 17806546 7585436 12788059 10190702 13689908 11632178 11716093 16137813 20025110 0 12497267 15677296 9171162 17054192 13760857 12349876 10167745 10516948 28056276 13583146 16942160 11588549 15304974 7854614 9933098 6225053 25146077 15180417 18903970
10334931 12841080 8864218 18388830 4767239 19348813 5094861 24748787 3004803 11199333 22044446 781174 8816227 16879291 12497267 0 12384215 21131890 13761111 22163900 13945901 11763770 7371129 16224743 10437327 11119351 20006539 16847241 19815342 2747199 7821078 22000258 16776442 13004034
11137691 11157603 15312157 14035865 10074236 6964598 10401858 16846831 12351880 12203227 24046831 13165389 13091211 10846167 15677296 12384215 0 10596838 1376896 15186533 19252898 17070767 7470346 28608958 10536544 1264864 13014225 4463026 11913386 12094276 13128075 22099475 20693122 3226674
21734529 17417516 17889377 19074434 17084220 8635384 16756598 6249993 19361864 15566219 20803340 20350716 23162598 16901547 9171162 21131890 10596838 0 9219942 4589695 20408993 19338907 18067184 21518210 20607931 11861702 2417387 6133812 1316548 19104260 15396215 22450330 14402956 13823512
12514587 12534499 16689053 15412761 11451132 5587702 11778754 15469935 13728776 13580123 22669935 14542285 14468107 12223063 17054192 13761111 1376896 9219942 0 13809637 20629794 18447663 8847242 29985854 11913440 2641760 11637329 3086130 10536490 13471172 14504971 23476371 22070018 4603570
24970488 22007211 13299682 23664129 17411608 13225079 17083986 10839688 19674305 15321140 25393035 21400420 21308483 12311852 13760857 22163900 15186533 4589695 13809637 0 24998688 23752895 20015498 26107905 18753816 16451397 2172308 10723507 5906243 19416701 19810203 17860635 18992651 15848398
24280832 15541556 14866853 26840333 9178662 24323688 8851040 14159000 11456306 14955512 12462807 13167474 17403417 20698656 12349876 13945901 19252898 20408993 20629794 24998688 0 2182131 11782552 29427217 14848750 20517762 22826380 22072839 19092445 11198702 6124823 26411681 6006037 21455537
22098701 14548191 12684722 24658202 6996531 22392280 6668909 13165635 9274175 12773381 10280676 10985343 15221286 19108583 10167745 11763770 17070767 19338907 18447663 23752895 2182131 0 9600421 27988513 12666619 18335631 21580587 19890708 18022359 9016571 3942692 24229550 5012672 19273406
17706060 14717811 10740949 20265561 2603890 14434944 2931512 22766056 4881534 9035984 19881097 7247946 5620865 9508162 10516948 7371129 7470346 18067184 8847242 20015498 11782552 9600421 0 23595872 3066198 8735210 17843190 11933372 18371562 4623930 5657729 14629129 14613093 10697020
26559674 29065823 25088961 34613573 20991982 30153594 21319604 15268217 19229546 27424076 38269189 17005917 25040970 26200428 28056276 16224743 28608958 21518210 29985854 26107905 29427217 27988513 23595872 0 26662070 27344094 23935597 27652022 20201662 18971942 24045821 38225001 23421180 29228777
20772258 17784009 13807147 22411597 5670088 11972547 5997710 25832254 7947732 12102182 22947295 10314144 2554667 6441964 13583146 10437327 10536544 20607931 11913440 18753816 14848750 12666619 3066198 26662070 0 11801408 20909388 14474119 21437760 7690128 8723927 17695327 17679291 13763218
12402555 9892739 14047293 15300729 11339100 8229462 11666722 18111695 11961041 10938363 24693076 11900525 14356075 9581303 16942160 11119351 1264864 11861702 2641760 16451397 20517762 18335631 8735210 27344094 11801408 0 14279089 5727890 13178250 12218645 14392939 23364339 19428258 1961810
22798180 19834903 15471990 21491821 15239300 11052771 14911678 8667380 17516944 13148832 23220727 19228112 23464055 14484160 11588549 20006539 13014225 2417387 11637329 2172308 22826380 21580587 17843190 23935597 20909388 14279089 0 8551199 3733935 17259340 17637895 20032943 16820343 13676090
15600717 11283704 19775183 12940622 14537262 2501572 14864884 12383805 16814906 16666253 25756065 17628415 17028786 15309193 15304974 16847241 4463026 6133812 3086130 10723507 22072839 19890708 11933372 27652022 14474119 5727890 8551199 0 7450360 16557302 17591101 26562501 20536768 7689700
23051077 18734064 19205925 20390982 15767672 9951932 15440050 4933445 18045316 16882767 19486792 19034168 23992427 18218095 7854614 19815342 11913386 1316548 10536490 5906243 19092445 18022359 18371562 20201662 21437760 13178250 3733935 7450360 0 17787712 14079667 23766878 13086408 15140060
13082130 10093881 6117019 15641631 2020040 18876013 2347662 22182206 257604 8452134 19297247 3528373 10244795 14132092 9933098 2747199 12094276 19104260 13471172 19416701 11198702 9016571 4623930 18971942 7690128 12218645 17259340 16557302 17787712 0 5073879 19253059 14029243 10256835
18156009 15167760 8742030 20715510 3053839 20092673 2726217 17108327 5331483 8830689 14223368 7042651 11278594 15165891 6225053 7821078 13128075 15396215 14504971 19810203 6124823 3942692 5657729 24045821 8723927 14392939 17637895 17591101 14079667 5073879 0 20286858 8955364 15330714
32335189 29346940 25370078 34894690 17233019 29064073 17560641 28700323 19510663 23665113 15681502 21877075 20249994 24137291 25146077 22000258 22099475 22450330 23476371 17860635 26411681 24229550 14629129 38225001 17695327 23364339 20032943 26562501 23766878 19253059 20286858 0 29242222 25326149
18864752 9535519 17697394 28756701 12009203 18317651 11681581 8152963 14286847 17786053 15293348 15998015 20233958 14692619 15180417 16776442 20693122 14402956 22070018 18992651 6006037 5012672 14613093 23421180 17679291 19428258 16820343 20536768 13086408 14029243 8955364 29242222 0 21390068
14364365 11854549 12085483 17262539 12276875 10191272 12604497 20073505 9999231 8976553 22731266 13785208 16317885 7619493 18903970 13004034 3226674 13823512 4603570 15848398 21455537 19273406 10697020 29228777 13763218 1961810 13676090 7689700 15140060 10256835 15330714 25326149 21390068 0
40 186194563
0 3148286 765565 5563583 1894900 8332662 1781773 3465925 4516129 5263780 2333900 3355917 4678520 4460451 1257357 4499578 3879675 3707446 4750108 4496525 4618841 4631907 2939561 4277997 5863956 4843198 2514128 3150732 5006160 2601655 6434966 3346717 2967645 4153271 1328135 1826588 2179525 3946479 4748241 4056147
3148286 0 2382721 5847821 1253386 7873980 3398929 3750163 3087374 4069169 1387249 4973073 4609057 5129411 2463792 5090284 3238161 2794026 4737305 3051991 3977327 2916609 4145996 3636483 5222442 1953891 1872614 2204081 7252741 3808090 5793452 2705203 2326131 5218150 2393014 1894561 3796681 3884362 3303707 3414633
765565 2382721 0 4798018 1129335 7749929 1016208 2700360 3822719 4674110 3099465 2590352 5444085 4684980 2022922 4645853 3114110 2941881 3984543 3858102 3853276 3993484 3705126 3512432 5098391 4336612 1748563 3531826 5659431 3367220 5669401 2581152 2202080 4918836 2093700 2592153 1413960 3760311 4109818 3290582
5563583 5847821 4798018 0 5927353 9542379 5814226 2097658 3817823 4799618 4460572 7076412 5773682 4082278 4522491 4043151 5592348 4911979 3381841 3782440 5901690 3647058 5299444 4822924 8127322 4609776 5891979 5128233 6546060 5562878 5961357 5059390 7000098 6377801 4451713 3953260 3384058 6306362 4034156 6776091
1894900 1253386 1129335 5927353 0 6620594 2145543 3829695 2693384 3675179 2640635 3719687 4990773 4269435 3152257 4230308 1984775 4047412 3483919 2728767 2723941 2864149 3637894 2383097 3969056 3207277 619228 3457467 6788766 4496555 4540066 1451817 1072745 5556397 3223035 3147947 2543295 2630976 2980483 2161247
8332662 7873980 7749929 9542379 6620594 0 8766137 7444721 7042404 8024199 8010292 8683784 9339793 5716065 7075305 5755192 8000725 9013525 6160538 7077787 3896653 7213169 8618972 9003691 9761109 8175887 7239822 8423580 9873564 8419603 3581022 8072411 7693339 4179391 7004527 7502980 8731121 9251570 7329503 8781841
1781773 3398929 1016208 5814226 2145543 8766137 0 3716568 4838927 5690318 4115673 1574144 6460293 5701188 3039130 5662061 4130318 3958089 5000751 4874310 4869484 5009692 4721334 3827632 6114599 5352820 2764771 4548034 4643223 4383428 6676906 3597360 3218288 4915023 3109908 3608361 2430168 4776519 5126026 4306790
3465925 3750163 2700360 2097658 3829695 7444721 3716568 0 1720165 2701960 2362914 5228099 3676024 1984620 2424833 1945493 3494690 2814321 1284183 1684782 3804032 1549400 3201786 3893012 6029664 2512118 3794321 3030575 4448402 3465220 3863699 2961732 4902440 4583178 2354055 1855602 1286400 4208704 1936498 4678433
4516129 3087374 3822719 3817823 2693384 7042404 4838927 1720165 0 981795 2198008 4426335 2297389 2112803 3258772 2073676 1774525 1971121 1890223 35383 3932215 170765 1576568 2172847 4861024 1133483 2074156 1381176 5603249 3619549 4469739 1241567 3766129 2863013 3203773 2705320 3006565 2583486 287099 3053215
5263780 4069169 4674110 4799618 3675179 8024199 5690318 2701960 981795 0 3179803 5408130 3279184 3094598 4006423 3055471 2756320 2952916 2872018 1017178 4914010 1152560 2558363 3154642 4607465 2115278 3055951 2362971 6585044 2662125 5451534 2223362 4747924 3844808 4077201 3687115 3988360 3565281 1268894 4035010
2333900 1387249 3099465 4460572 2640635 8010292 4115673 2362914 2198008 3179803 0 3879809 4424631 4240045 1076543 4200918 3972533 1406777 3647097 2162625 5364576 2298007 2758747 4370855 6043203 2509298 3259863 816832 5865492 2420841 6226613 3439575 3713380 3830901 1005765 507312 2934698 3765665 2414341 4235394
3355917 4973073 2590352 7076412 3719687 8683784 1574144 5228099 4426335 5408130 3879809 0 6723724 6002386 2944822 5963259 3717726 5286586 6316558 4461718 6443628 4597100 4627026 2253488 6558635 5559818 4017357 4696641 6217367 4289120 5102762 3184768 3662324 5699180 2874044 3372497 4004312 5220555 4713434 4750826
4678520 4609057 5444085 5773682 4990773 9339793 6460293 3676024 2297389 3279184 4424631 6723724 0 4339426 5501174 4300299 4071914 4197744 4116846 2262006 6158838 2126624 3873957 4470236 7158413 3089342 4371545 3607799 7829872 4512372 6696362 3538956 6063518 5160402 5430396 4931943 4962424 4880875 2513722 5350604
4460451 5129411 4684980 4082278 4269435 5716065 5701188 1984620 2112803 3094598 4240045 6002386 4339426 0 3203094 39127 2284660 4013158 3268803 2077420 1819412 2212802 3689371 3748898 4045044 3175520 3650207 3423213 4719193 4547392 4197268 2817618 5045352 4975816 3273872 3772325 3271020 4696289 2329136 5166018
1257357 2463792 2022922 4522491 3152257 7075305 3039130 2424833 3258772 4006423 1076543 2944822 5501174 3203094 0 3242221 5033297 2483320 3709016 3239168 5022506 3374550 1682204 5198310 4966660 3585841 3771485 1893375 4930505 1344298 6288532 4500339 4225002 2895914 70778 569231 3436882 2689122 3490884 3158851
4499578 5090284 4645853 4043151 4230308 5755192 5662061 1945493 2073676 3055471 4200918 5963259 4300299 39127 3242221 0 2245533 3974031 3229676 2038293 1858539 2173675 3650244 3709771 4084171 3136393 3611080 3384086 4758320 4586519 4158141 2778491 5006225 4936689 3312999 3801095 3231893 4657162 2290009 5126891
3879675 3238161 3114110 5592348 1984775 8000725 4130318 3494690 1774525 2756320 3972533 3717726 4071914 2284660 5033297 2245533 0 3745646 3664748 1809908 4104072 1945290 3351093 1464238 4943708 2908008 1365547 3155701 7003853 5394074 6244264 532958 3057520 4637538 4978298 4479845 4528070 3605628 2061624 3135899
3707446 2794026 2941881 4911979 4047412 9013525 3958089 2814321 1971121 2952916 1406777 5286586 4197744 4013158 2483320 3974031 3745646 0 3790578 1935738 5832570 2071120 3547689 4143968 5864830 3033838 4045277 589945 5792253 1648428 6370094 3212688 5120157 4834134 2412542 1914089 1527921 3587292 2187454 4057021
4750108 4737305 3984543 3381841 3483919 6160538 5000751 1284183 1890223 2872018 3647097 6316558 4116846 3268803 3709016 3229676 3664748 3790578 0 1854840 4602359 1990222 3466791 4063070 6751247 2952940 3964379 3200633 3713026 4749403 2579516 3131790 4556664 4753236 3638238 3139785 2570583 4473709 2106556 4943438
4496525 3051991 3858102 3782440 2728767 7077787 4874310 1684782 35383 1017178 2162625 4461718 2262006 2077420 3239168 2038293 1809908 1935738 1854840 0 3896832 135382 1611951 2208230 4896407 1098100 2109539 1345793 5567866 3584166 4434356 1276950 3801512 2898396 3168390 2669937 2971182 2618869 251716 3088598
4618841 3977327 3853276 5901690 2723941 3896653 4869484 3804032 3932215 4914010 5364576 6443628 6158838 1819412 5022506 1858539 4104072 5832570 4602359 3896832 0 4032214 5508783 5107038 5864456 4994932 3343169 5242625 6538605 6366804 6016680 4175758 3796686 6795228 5093284 5591737 5090432 5354917 4148548 4885188
4631907 2916609 3993484 3647058 2864149 7213169 5009692 1549400 170765 1152560 2298007 4597100 2126624 2212802 3374550 2173675 1945290 2071120 1990222 135382 4032214 0 1747333 2343612 5031789 962718 2244921 1481175 5703248 3719548 4569738 1412332 3936894 3033778 3303772 2805319 2835800 2754251 387098 3223980
2939561 4145996 3705126 5299444 3637894 8618972 4721334 3201786 1576568 2558363 2758747 4627026 3873957 3689371 1682204 3650244 3351093 3547689 3466791 1611951 5508783 1747333 0 3749415 3284456 2710051 3650724 2957744 5036872 2945782 6046307 2818135 2565149 4439581 1752982 2251435 4488186 1006918 1863667 1476647
4277997 3636483 3512432 4822924 2383097 9003691 3827632 3893012 2172847 3154642 4370855 2253488 4470236 3748898 5198310 3709771 1464238 4143968 4063070 2208230 5107038 2343612 3749415 0 5342030 3306330 1763869 3554023 7776096 4434496 6642586 931280 3455842 5035860 5127532 4878167 4926392 4003950 2459946 3534221
5863956 5222442 5098391 8127322 3969056 9761109 6114599 6029664 4861024 4607465 6043203 6558635 7158413 4045044 4966660 4084171 4943708 5864830 6751247 4896407 5864456 5031789 3284456 5342030 0 5994507 4588284 6242200 3255228 4216402 8242312 4410750 2896311 7724037 5037438 5535891 6512351 2277538 5148123 1807809
4843198 1953891 4336612 4609776 3207277 8175887 5352820 2512118 1133483 2115278 2509298 5559818 3089342 3175520 3585841 3136393 2908008 3033838 2952940 1098100 4994932 962718 2710051 3306330 5994507 0 3207639 2443893 6665966 2952952 5532456 2375050 4280022 3996496 3515063 3016610 3798518 3716969 1349816 4186698
2514128 1872614 1748563 5891979 619228 7239822 2764771 3794321 2074156 3055951 3259863 4017357 4371545 3650207 3771485 3611080 1365547 4045277 3964379 2109539 3343169 2244921 3650724 1763869 4588284 3207639 0 3455332 7407994 5115783 5159294 832589 1691973 4937169 3842263 3767175 3162523 3250204 2361255 2780475
3150732 2204081 3531826 5128233 3457467 8423580 4548034 3030575 1381176 2362971 816832 4696641 3607799 3423213 1893375 3384086 3155701 589945 3200633 1345793 5242625 1481175 2957744 3554023 6242200 2443893 3455332 0 6382198 2238373 5780149 2622743 4530212 4244189 1822597 1324144 2117866 3964662 1597509 4434391
5006160 7252741 5659431 6546060 6788766 9873564 4643223 4448402 5603249 6585044 5865492 6217367 7829872 4719193 4930505 4758320 7003853 5792253 3713026 5567866 6538605 5703248 5036872 7776096 3255228 6665966 7407994 6382198 0 6274803 6292542 6844816 6151539 7684863 4859727 5358180 4264332 5532766 5819582 5063037
2601655 3808090 3367220 5562878 4496555 8419603 4383428 3465220 3619549 2662125 2420841 4289120 4512372 4547392 1344298 4586519 5394074 1648428 4749403 3584166 6366804 3719548 2945782 4434496 4216402 2952952 5115783 2238373 6274803 0 7328919 4861116 3497095 4240212 1415076 1913529 3176349 1938864 3835882 2408593
6434966 5793452 5669401 5961357 4540066 3581022 6676906 3863699 4469739 5451534 6226613 5102762 6696362 4197268 6288532 4158141 6244264 6370094 2579516 4434356 6016680 4569738 6046307 6642586 8242312 5532456 5159294 5780149 6292542 7328919 0 5711306 5612811 7332752 6217754 5719301 5150099 7053225 4686072 6701313
3346717 2705203 2581152 5059390 1451817 8072411 3597360 2961732 1241567 2223362 3439575 3184768 3538956 2817618 4500339 2778491 532958 3212688 3131790 1276950 4175758 1412332 2818135 931280 4410750 2375050 832589 2622743 6844816 4861116 5711306 0 2524562 4104580 4445340 3946887 3995112 3072670 1528666 2602941
2967645 2326131 2202080 7000098 1072745 7693339 3218288 4902440 3766129 4747924 3713380 3662324 6063518 5045352 4225002 5006225 3057520 5120157 4556664 3801512 3796686 3936894 2565149 3455842 2896311 4280022 1691973 4530212 6151539 3497095 5612811 2524562 0 5281566 4295780 4220692 3616040 1558231 4053228 1088502
4153271 5218150 4918836 6377801 5556397 4179391 4915023 4583178 2863013 3844808 3830901 5699180 5160402 4975816 2895914 4936689 4637538 4834134 4753236 2898396 6795228 3033778 4439581 5035860 7724037 3996496 4937169 4244189 7684863 4240212 7332752 4104580 5281566 0 2825136 3323589 5869578 5446499 3150112 5916228
1328135 2393014 2093700 4451713 3223035 7004527 3109908 2354055 3203773 4077201 1005765 2874044 5430396 3273872 70778 3312999 4978298 2412542 3638238 3168390 5093284 3303772 1752982 5127532 5037438 3515063 3842263 1822597 4859727 1415076 6217754 4445340 4295780 2825136 0 498453 3507660 2759900 3420106 3229629
1826588 1894561 2592153 3953260 3147947 7502980 3608361 1855602 2705320 3687115 507312 3372497 4931943 3772325 569231 3801095 4479845 1914089 3139785 2669937 5591737 2805319 2251435 4878167 5535891 3016610 3767175 1324144 5358180 1913529 5719301 3946887 4220692 3323589 498453 0 3142002 3258353 2921653 3728082
2179525 3796681 1413960 3384058 2543295 8731121 2430168 1286400 3006565 3988360 2934698 4004312 4962424 3271020 3436882 3231893 4528070 1527921 2570583 2971182 5090432 2835800 4488186 4926392 6512351 3798518 3162523 2117866 4264332 3176349 5150099 3995112 3616040 5869578 3507660 3142002 0 5115213 3222898 4704542
3946479 3884362 3760311 6306362 2630976 9251570 4776519 4208704 2583486 3565281 3765665 5220555 4880875 4696289 2689122 4657162 3605628 3587292 4473709 2618869 5354917 2754251 1006918 4003950 2277538 3716969 3250204 3964662 5532766 1938864 7053225 3072670 1558231 5446499 2759900 3258353 5115213 0 2870585 469729
4748241 3303707 4109818 4034156 2980483 7329503 5126026 1936498 287099 1268894 2414341 4713434 2513722 2329136 3490884 2290009 2061624 2187454 2106556 251716 4148548 387098 1863667 2459946 5148123 1349816 2361255 1597509 5819582 3835882 4686072 1528666 4053228 3150112 3420106 2921653 3222898 2870585 0 3340314
4056147 3414633 3290582 6776091 2161247 8781841 4306790 4678433 3053215 4035010 4235394 4750826 5350604 5166018 3158851 5126891 3135899 4057021 4943438 3088598 4885188 3223980 1476647 3534221 1807809 4186698 2780475 4434391 5063037 2408593 6701313 2602941 1088502 5916228 3229629 3728082 4704542 469729 3340314 0
32 115891847
0 2765016 2242147 2606931 3801776 3127802 1433230 829551 1329664 1188211 3012837 1357075 4353826 2020148 2336768 1813416 1203478 820251 2292715 2958531 544792 2426770 974126 1676240 529535 2771401 247429 2724208 2145965 1387173 2496330 2055748
2765016 0 2692140 1820733 3683486 4094164 1393185 1935465 3419417 1638204 4306672 2481589 4454255 3839614 3176090 3107251 3208694 1944765 3417229 1469133 2919587 3551284 3063879 2800754 3294551 4450565 2622224 4038488 3083731 3249173 3128800 2580598
2242147 2692140 0 3192667 3667501 4101790 1298955 1412596 1931496 1053936 3783803 1958720 4955658 3333056 4548024 2584382 2516386 1421896 2894360 3544267 2716368 3028415 2287034 2277885 2771682 4084309 2489576 4895784 4088939 3101377 2981004 2432802
2606931 1820733 3192667 0 2565953 2273431 3213918 2761219 1988343 3119879 3072939 2447322 3336722 2678827 1355357 3933005 1862157 2770519 3541992 351600 2062139 2153211 1632805 2128157 3136466 2629832 2359502 2217755 3434710 1428440 1308067 759865
3801776 3683486 3667501 2565953 0 4839384 2858584 2972225 3830258 2613565 4984875 3518349 5199475 4520742 3921310 4144011 3704072 2981525 4453989 2214353 3904054 4588044 3474720 3837514 4331311 5195785 4049205 4783708 5276625 3994393 3874020 3325818
3127802 4094164 4101790 2273431 4839384 0 3739833 3282090 2509214 3494814 3990650 3828214 5533376 1107654 3628788 4453876 1924324 3291390 3509096 2625031 2583010 3070922 2153676 4147379 3657337 356401 2880373 4491186 1863537 2943454 3581498 3033296
1433230 1393185 1298955 3213918 2858584 3739833 0 603679 2087631 245019 2974886 1149803 5111793 2632179 3769998 1775465 1815509 612979 2085443 2862318 1526402 2219498 1732093 1468968 1962765 3383432 1229039 3705818 3127575 2368783 2289058 2837260
829551 1935465 1412596 2761219 2972225 3282090 603679 0 1483952 358660 2371207 546124 4508114 2174436 3166319 1171786 1357766 9300 1481764 3112819 1374343 1615819 1128414 865289 1359086 2925689 1076980 3553759 2930319 2216724 1685379 2233581
1329664 3419417 1931496 1988343 3830258 2509214 2087631 1483952 0 1842612 3855159 2030076 3024162 1401560 3343700 2655738 584890 1493252 2264725 2339943 784872 3099771 355538 2349241 1859199 2152813 1082235 2964288 2157443 2221979 3169331 2748208
1188211 1638204 1053936 3119879 2613565 3494814 245019 358660 1842612 0 2729867 904784 4866774 2387160 3524979 1530446 1570490 367960 1840424 3107337 1733003 1974479 1487074 1223949 1717746 3138413 1435640 3912419 3143043 2575384 2044039 2592241
3012837 4306672 3783803 3072939 4984875 3990650 2974886 2371207 3855159 2729867 0 1989423 6409661 2882996 2183225 1199421 3375359 2380507 3764415 3424539 3557629 919728 3499621 2308588 2483302 3634249 3260266 5290694 3638879 4345455 3128678 3676880
1357075 2481589 1958720 2447322 3518349 3828214 1149803 546124 2030076 904784 1989423 0 5054238 2720560 3693843 1717910 1903890 536824 2009288 2798922 1901867 1069695 1674538 319165 1886610 3471813 1604504 4081283 3476443 2356032 1139255 1687457
4353826 4454255 4955658 3336722 5199475 5533376 5111793 4508114 3024162 4866774 6409661 5054238 0 4425722 4692079 5679900 3609052 4517414 5288887 2985122 3809034 5489933 3379700 5373403 4883361 5176975 4106397 5554477 5181605 4765162 4644789 4096587
2020148 3839614 3333056 2678827 4520742 1107654 2632179 2174436 1401560 2387160 2882996 2720560 4425722 0 4034184 3346222 816670 2183736 2496505 3030427 1475356 1963268 1046022 3039725 2549683 751253 1772719 3654772 755883 2912463 3386836 3438692
2336768 3176090 4548024 1355357 3921310 3628788 3769998 3166319 3343700 3524979 2183225 3693843 4692079 4034184 0 3091114 3217514 3157019 4629483 1706957 2881560 3102953 2988162 3483514 1807233 3985189 2584197 3573112 4482733 2783797 2663424 2115222
1813416 3107251 2584382 3933005 4144011 4453876 1775465 1171786 2655738 1530446 1199421 1717910 5679900 3346222 3091114 0 2529552 1181086 2564994 4284605 2358208 2119149 2300200 2037075 1283881 4097475 2060845 4537624 3959381 3200589 2857165 3405367
1203478 3208694 2516386 1862157 3704072 1924324 1815509 1357766 584890 1570490 3375359 1903890 3609052 816670 3217514 2529552 0 1367066 1679835 2213757 658686 2779938 229352 2223055 1733013 1567923 956049 2838102 1572553 2095793 3043145 2622022
820251 1944765 1421896 2770519 2981525 3291390 612979 9300 1493252 367960 2380507 536824 4517414 2183736 3157019 1181086 1367066 0 1472464 3122119 1365043 1606519 1137714 855989 1349786 2934989 1067680 3544459 2939619 2207424 1676079 2224281
2292715 3417229 2894360 3541992 4453989 3509096 2085443 1481764 2264725 1840424 3764415 2009288 5288887 2496505 4629483 2564994 1679835 1472464 0 3893592 2338521 3078983 1909187 2328453 2822250 3152695 2540144 4517937 3252388 3679888 3148543 3696745
2958531 1469133 3544267 351600 2214353 2625031 2862318 3112819 2339943 3107337 3424539 2798922 2985122 3030427 1706957 4284605 2213757 3122119 3893592 0 2413739 2504811 1984405 2479757 3488066 2981432 2711102 2569355 3786310 1780040 1659667 1111465
544792 2919587 2716368 2062139 3904054 2583010 1526402 1374343 784872 1733003 3557629 1901867 3809034 1475356 2881560 2358208 658686 1365043 2338521 2413739 0 2971562 429334 2221032 1074327 2226609 297363 2179416 1601173 1437107 2653884 2105682
2426770 3551284 3028415 2153211 4588044 3070922 2219498 1615819 3099771 1974479 919728 1069695 5489933 1963268 3102953 2119149 2779938 1606519 3078983 2504811 2971562 0 2744233 1388860 2956305 2714521 2674199 4370966 2719151 3425727 2208950 2757152
974126 3063879 2287034 1632805 3474720 2153676 1732093 1128414 355538 1487074 3499621 1674538 3379700 1046022 2988162 2300200 229352 1137714 1909187 1984405 429334 2744233 0 1993703 1503661 1797275 726697 2608750 1801905 1866441 2813793 2392670
1676240 2800754 2277885 2128157 3837514 4147379 1468968 865289 2349241 1223949 2308588 319165 5373403 3039725 3483514 2037075 2223055 855989 2328453 2479757 2221032 1388860 1993703 0 2205775 3790978 1923669 4345912 3795608 2036867 820090 1368292
529535 3294551 2771682 3136466 4331311 3657337 1962765 1359086 1859199 1717746 2483302 1886610 4883361 2549683 1807233 1283881 1733013 1349786 2822250 3488066 1074327 2956305 1503661 2205775 0 3300936 776964 3253743 2675500 1916708 3025865 2585283
2771401 4450565 4084309 2629832 5195785 356401 3383432 2925689 2152813 3138413 3634249 3471813 5176975 751253 3985189 4097475 1567923 2934989 3152695 2981432 2226609 2714521 1797275 3790978 3300936 0 2523972 4406025 1507136 3299855 3937899 3389697
247429 2622224 2489576 2359502 4049205 2880373 1229039 1076980 1082235 1435640 3260266 1604504 4106397 1772719 2584197 2060845 956049 1067680 2540144 2711102 297363 2674199 726697 1923669 776964 2523972 0 2476779 1898536 1139744 2356521 1808319
2724208 4038488 4895784 2217755 4783708 4491186 3705818 3553759 2964288 3912419 5290694 4081283 5554477 3654772 3573112 4537624 2838102 3544459 4517937 2569355 2179416 4370966 2608750 4345912 3253743 4406025 2476779 0 3780589 3616523 3525822 2977620
2145965 3083731 4088939 3434710 5276625 1863537 3127575 2930319 2157443 3143043 3638879 3476443 5181605 755883 4482733 3959381 1572553 2939619 3252388 3786310 1601173 2719151 1801905 3795608 2675500 1507136 1898536 3780589 0 3038280 4142719 3706855
1387173 3249173 3101377 1428440 3994393 2943454 2368783 2216724 2221979 2575384 4345455 2356032 4765162 2912463 2783797 3200589 2095793 2207424 3679888 1780040 1437107 3425727 1866441 2036867 1916708 3299855 1139744 3616523 3038280 0 1216777 668575
2496330 3128800 2981004 1308067 3874020 3581498 2289058 1685379 3169331 2044039 3128678 1139255 4644789 3386836 2663424 2857165 3043145 1676079 3148543 1659667 2653884 2208950 2813793 820090 3025865 3937899 2356521 3525822 4142719 1216777 0 548202
2055748 2580598 2432802 759865 3325818 3033296 2837260 2233581 2748208 2592241 3676880 1687457 4096587 3438692 2115222 3405367 2622022 2224281 3696745 1111465 2105682 2757152 2392670 1368292 2585283 3389697 1808319 2977620 3706855 668575 548202 0
38 501519759
0 6181502 10641394 4581034 8174624 5528303 9018869 17068654 2468620 5519955 7335481 10246614 3576534 3502031 10358131 8336041 7781888 7586599 5252481 6532950 11479428 9624449 2012978 6861962 6122190 7732853 7320147 12869690 6572876 14645561 8767637 9410924 5409042 1796828 9961250 4243566 6718623 11979988
6181502 0 4459892 10762536 13463553 9143550 15200371 23250156 8650122 11701457 12119781 15535543 9758036 9683533 16539633 13897082 13070817 11974156 11433983 12714452 15094675 3442947 8194480 13043464 11411119 13914355 13501649 17073356 10960433 19429861 14949139 13614590 11590544 7978330 14164916 10425068 10083068 15344433
10641394 4459892 0 10302586 11037551 6717548 15708612 21966732 13110014 7817857 9693779 13109541 8669317 11582318 15287125 11471080 10644815 9548154 8754175 8830852 12048311 1016945 10232873 12355604 8985117 11868046 12486974 13265408 8534431 17003859 15636359 9806642 13808524 12438222 10356968 10640054 6275120 11536485
4581034 10762536 10302586 0 3593590 3585038 9166023 19078132 7049654 8556714 11916515 5665580 5536807 5536749 8080997 4027119 3200854 3005565 7212754 9569709 9536163 9285641 6594012 8871440 1541156 9742331 5043013 9781244 1991842 19226595 9417255 6322478 9990076 6377862 5772152 337468 8678896 13940261
8174624 13463553 11037551 3593590 0 4320003 9677301 15484542 10643244 9291679 10521951 2071990 6271772 6048027 5272879 1219001 392736 3516843 7947719 10304674 10271128 10020606 7835328 5277850 2052434 6148741 2234895 6187654 2503120 17180543 9928533 2728888 6730770 9971452 2178562 3931058 6260410 11521775
5528303 9143550 6717548 3585038 4320003 0 8991064 19707227 7996923 4971676 8837828 6391993 1951769 4864770 8807410 4753532 3927267 2830606 3627716 5984671 5951125 5700603 3515325 9597853 2267569 10123547 5769426 10507657 1816883 16147908 9242296 7048891 10937345 7325131 6498565 3922506 5093858 10355223
9018869 15200371 15708612 9166023 9677301 8991064 0 16871411 11487489 8069734 12328394 11749291 8569447 11482448 14164708 10110830 9284565 8187904 9413694 7056739 14942189 14691667 7005891 6664719 7624867 5880110 11126724 12672447 7174181 15392923 251232 9213681 5211799 8824013 9764007 9503491 11473036 16734401
17068654 23250156 21966732 19078132 15484542 19707227 16871411 0 19537274 20360195 12272953 17556532 19159012 19979417 19199285 16703543 15877278 16876621 20834959 19347200 25658352 20949787 17595456 10206692 17536976 11077583 16161301 16214420 17890344 4962873 16620179 12755654 11659612 15271826 13305980 19415600 16287176 21548541
2468620 8650122 13110014 7049654 10643244 7996923 11487489 19537274 0 7957957 9804101 12715234 6045154 5970651 12826751 10804661 10250508 10055219 7721101 8970952 10859426 12093069 4481598 9330582 8590810 10201473 9788767 13269317 9041496 17114181 11236257 9810551 7877662 4265448 10360877 6712186 9187243 14448608
5519955 11701457 7817857 8556714 9291679 4971676 8069734 20360195 7957957 0 9905966 10877863 3019907 5932908 12789008 9725208 8898943 7802282 1343960 1012995 10922801 8834802 4583463 10153503 7239245 11024394 9751024 13152284 6788559 16741697 7818502 9693518 10928997 7316783 10243844 8894182 6161996 11423361
7335481 12119781 9693779 11916515 10521951 8837828 12328394 12272953 9804101 9905966 0 12593941 6886059 9799060 13273546 11740952 10914687 11668434 8562006 10918961 14788953 8676834 5322503 10342025 11105397 9854467 11198710 7456039 10654711 7310080 12077162 7793063 11794945 9132309 8343389 11579047 4261541 9522906
10246614 15535543 13109541 5665580 2071990 6391993 11749291 17556532 12715234 10877863 12593941 0 8343762 8120017 7344869 3290991 2464726 5588833 9533903 11890858 12343118 12092596 9907318 7349840 4124424 8220731 4306885 8259644 4575110 19252533 12000523 4800878 8802760 12043442 4250552 6003048 8332400 13593765
3576534 9758036 8669317 5536807 6271772 1951769 8569447 19159012 6045154 3019907 6886059 8343762 0 2913001 9769101 6705301 5879036 4782375 1675947 4032902 7902894 7652372 1563556 9042669 4219338 8171778 6731117 10132377 3768652 14196139 8318215 6673611 8985576 5373362 7223937 5874275 3142089 8403454
3502031 9683533 11582318 5536749 6048027 4864770 11482448 19979417 5970651 5932908 9799060 8120017 2913001 0 6856100 4834010 5655291 5460002 4588948 6945903 10815895 10565373 4476557 9772725 3995593 10643616 3818116 10682529 4446279 17109140 11231216 7223763 8911073 5298859 7774089 5874217 6055090 11316455
10358131 16539633 15287125 8080997 5272879 8807410 14164708 19199285 12826751 12789008 13273546 7344869 9769101 6856100 0 4053878 4880143 8004250 11445048 13802003 11601678 14508013 11332657 8992593 6539841 9863484 3037984 9902397 6990527 20015420 14415940 6443631 10445513 12154959 6993957 8418465 9012005 14273370
8336041 13897082 11471080 4027119 1219001 4753532 10110830 16703543 10804661 9725208 11740952 3290991 6705301 4834010 4053878 0 826265 3950372 8381248 10738203 10704657 10454135 8268857 6496851 2485963 7367742 1015894 7406655 2936649 15961542 10362062 3947889 7949771 10132869 3397563 4364587 7479411 12665113
7781888 13070817 10644815 3200854 392736 3927267 9284565 15877278 10250508 8898943 10914687 2464726 5879036 5655291 4880143 826265 0 3124107 7554983 9911938 9878392 9627870 7442592 5670586 1659698 6541477 1842159 6580390 2110384 16787807 9535797 3121624 7123506 9578716 2571298 3538322 6653146 11914511
7586599 11974156 9548154 3005565 3516843 2830606 8187904 16876621 10055219 7802282 11668434 5588833 4782375 5460002 8004250 3950372 3124107 0 6458322 8815277 8781731 8531209 6345931 8794693 1464409 9665584 4966266 9704497 1013723 18978514 8439136 6245731 10247613 9383427 5695405 3343033 7924464 13185829
5252481 11433983 8754175 7212754 7947719 3627716 9413694 20834959 7721101 1343960 8562006 9533903 1675947 4588948 11445048 8381248 7554983 6458322 0 2356955 9578841 9328319 3239503 10718616 5895285 9847725 8407064 11808324 5444599 15872086 9162462 8349558 10661523 7049309 8899884 7550222 4818036 10079401
6532950 12714452 8830852 9569709 10304674 5984671 7056739 19347200 8970952 1012995 10918961 11890858 4032902 6945903 13802003 10738203 9911938 8815277 2356955 0 11935796 9847797 5596458 9140508 8252240 10011399 10764019 14165279 7801554 17754692 6805507 10706513 10593428 8329778 11256839 9907177 7174991 11707198
11479428 15094675 12048311 9536163 10271128 5951125 14942189 25658352 10859426 10922801 14788953 12343118 7902894 10815895 11601678 10704657 9878392 8781731 9578841 11935796 0 11651728 9466450 15548978 8218694 16074672 11720551 16458782 7768008 22099033 15193421 13000016 16888470 13276256 12449690 9873631 11044983 16306348
9624449 3442947 1016945 9285641 10020606 5700603 14691667 20949787 12093069 8834802 8676834 12092596 7652372 10565373 14508013 10454135 9627870 8531209 9328319 9847797 11651728 0 9215928 13372549 7968172 12884991 11470029 14282353 7517486 15986914 14942899 10823587 14825469 11421277 11373913 9623109 7292065 12553430
2012978 8194480 10232873 6594012 7835328 3515325 7005891 17595456 4481598 4583463 5322503 9907318 1563556 4476557 11332657 8268857 7442592 6345931 3239503 5596458 9466450 9215928 0 7479113 5782894 6608222 8294673 11695933 5332208 12632583 6754659 8237167 7422020 3809806 8787493 6256544 4705645 9967010
6861962 13043464 12355604 8871440 5277850 9597853 6664719 10206692 9330582 10153503 10342025 7349840 9042669 9772725 8992593 6496851 5670586 8794693 10718616 9140508 15548978 13372549 7479113 0 7330284 870891 5954609 6007728 7780970 15169565 6413487 2548962 1452920 5065134 3099288 9208908 6080484 11341849
6122190 11411119 8985117 1541156 2052434 2267569 7624867 17536976 8590810 7239245 11105397 4124424 4219338 3995593 6539841 2485963 1659698 1464409 5895285 8252240 8218694 7968172 5782894 7330284 0 8201175 3501857 8240088 450686 18415477 7876099 4781322 8783204 7919018 4230996 1878624 7361427 12622792
7732853 13914355 11868046 9742331 6148741 10123547 5880110 11077583 10201473 11024394 9854467 8220731 8171778 10643616 9863484 7367742 6541477 9665584 9847725 10011399 16074672 12884991 6608222 870891 8201175 0 6825500 6878619 8651861 16040456 6131342 3419853 2323811 5936025 3970179 10079799 5592926 10854291
7320147 13501649 12486974 5043013 2234895 5769426 11126724 16161301 9788767 9751024 11198710 4306885 6731117 3818116 3037984 1015894 1842159 4966266 8407064 10764019 11720551 11470029 8294673 5954609 3501857 6825500 0 6864413 3952543 16977436 11377956 3405647 7407529 9116975 3955973 5380481 6937169 12198534
12869690 17073356 13265408 9781244 6187654 10507657 12672447 16214420 13269317 13152284 7456039 8259644 10132377 10682529 9902397 7406655 6580390 9704497 11808324 14165279 16458782 14282353 11695933 6007728 8240088 6878619 6864413 0 8690774 14766119 12421215 3458766 7460648 11072862 4009092 10118712 6990288 12251653
6572876 10960433 8534431 1991842 2503120 1816883 7174181 17890344 9041496 6788559 10654711 4575110 3768652 4446279 6990527 2936649 2110384 1013723 5444599 7801554 7768008 7517486 5332208 7780970 450686 8651861 3952543 8690774 0 17964791 7425413 5232008 9233890 8369704 4681682 2329310 6910741 12172106
14645561 19429861 17003859 19226595 17180543 16147908 15392923 4962873 17114181 16741697 7310080 19252533 14196139 17109140 20015420 15961542 16787807 18978514 15872086 17754692 22099033 15986914 12632583 15169565 18415477 16040456 16977436 14766119 17964791 0 15141691 15103143 16622485 16442389 15653469 18889127 11571621 16832986
8767637 14949139 15636359 9417255 9928533 9242296 251232 16620179 11236257 7818502 12077162 12000523 8318215 11231216 14415940 10362062 9535797 8439136 9162462 6805507 15193421 14942899 6754659 6413487 7876099 6131342 11377956 12421215 7425413 15141691 0 8962449 4960567 8572781 9512775 9754723 11460304 16721669
9410924 13614590 9806642 6322478 2728888 7048891 9213681 12755654 9810551 9693518 7793063 4800878 6673611 7223763 6443631 3947889 3121624 6245731 8349558 10706513 13000016 10823587 8237167 2548962 4781322 3419853 3405647 3458766 5232008 15103143 8962449 0 4001882 7614096 550326 6659946 3531522 8792887
5409042 11590544 13808524 9990076 6730770 10937345 5211799 11659612 7877662 10928997 11794945 8802760 8985576 8911073 10445513 7949771 7123506 10247613 10661523 10593428 16888470 14825469 7422020 1452920 8783204 2323811 7407529 7460648 9233890 16622485 4960567 4001882 0 3612214 4552208 9652608 7533404 12794769
1796828 7978330 12438222 6377862 9971452 7325131 8824013 15271826 4265448 7316783 9132309 12043442 5373362 5298859 12154959 10132869 9578716 9383427 7049309 8329778 13276256 11421277 3809806 5065134 7919018 5936025 9116975 11072862 8369704 16442389 8572781 7614096 3612214 0 8164422 6040394 8515451 13776816
9961250 14164916 10356968 5772152 2178562 6498565 9764007 13305980 10360877 10243844 8343389 4250552 7223937 7774089 6993957 3397563 2571298 5695405 8899884 11256839 12449690 11373913 8787493 3099288 4230996 3970179 3955973 4009092 4681682 15653469 9512775 550326 4552208 8164422 0 6109620 4081848 9343213
4243566 10425068 10640054 337468 3931058 3922506 9503491 19415600 6712186 8894182 11579047 6003048 5874275 5874217 8418465 4364587 3538322 3343033 7550222 9907177 9873631 9623109 6256544 9208908 1878624 10079799 5380481 10118712 2329310 18889127 9754723 6659946 9652608 6040394 6109620 0 9016364 14277729
6718623 10083068 6275120 8678896 6260410 5093858 11473036 16287176 9187243 6161996 4261541 8332400 3142089 6055090 9012005 7479411 6653146 7924464 4818036 7174991 11044983 7292065 4705645 6080484 7361427 5592926 6937169 6990288 6910741 11571621 11460304 3531522 7533404 8515451 4081848 9016364 0 5261365
11979988 15344433 11536485 13940261 11521775 10355223 16734401 21548541 14448608 11423361 9522906 13593765 8403454 11316455 14273370 12665113 11914511 13185829 10079401 11707198 16306348 12553430 9967010 11341849 12622792 10854291 12198534 12251653 12172106 16832986 16721669 8792887 12794769 13776816 9343213 14277729 5261365 0
39 703485847
0 7691165 29413254 8821635 11381526 18254563 607391 9747557 11536267 17019032 8512387 8114768 5217389 9602011 15580103 9426331 5944663 4445762 5460955 17526898 14937160 10124950 2870795 9309738 7219617 10875214 13850323 7583167 7427258 11158776 12857750 11617513 4599410 5018081 9400607 11356479 4279928 9058483 5950767
7691165 0 21722089 1130470 8395221 12968681 8298556 4461675 12366045 18968607 4391760 4789379 2473776 11551586 11992786 3413349 7894238 8203338 7410530 11513916 8924178 4111968 4820370 3366577 1933735 7549825 7837341 1570185 13739295 14266463 9532361 8292124 6255671 6967656 11350182 5413318 6947100 3115322 5276261
29413254 21722089 0 22852559 30117310 27565692 30020645 26183764 34088134 40690696 26113849 26511468 24195865 33273675 33714875 25135438 29616327 29925427 29132619 33236005 30646267 25834057 26542459 25088666 23655824 29271914 29559430 23292274 35461384 35988552 31254450 30014213 27977760 28689745 28035996 27135407 28669189 24837411 26998350
8821635 1130470 22852559 0 9525691 14099151 9117220 5592145 13072969 20099077 5522230 5919849 3604246 12682056 13123256 4543819 9024708 9333808 8541000 12644386 10054648 5242438 5950840 4497047 3064205 8680295 8967811 2700655 14869765 15396933 10662831 9422594 5125201 8098126 10550456 6543788 5816630 4245792 4145791
11381526 8395221 30117310 9525691 0 21363902 11113219 12856896 3970824 22412061 4003461 3605842 6164137 10661508 20388007 11808570 7004160 14951590 10853984 19909137 15590224 12507189 8510731 5531154 10328956 845396 16232562 9965406 12783129 12601388 6614645 7108587 14650892 10411110 14793636 7577895 7440682 5279899 5769843
18254563 12968681 27565692 14099151 21363902 0 18861954 13562886 25334726 24172182 17360441 17758060 15442457 22114984 21093997 13241660 18457636 21172019 17973928 21342227 18752489 13940279 15383768 16335258 11034946 20518506 17665652 11398496 25681821 24829861 22501042 21260805 19224352 17531054 13902719 18381999 19915781 16084003 18244942
607391 8298556 30020645 9117220 11113219 18861954 0 10354948 10928876 17626423 7904996 7507377 5824780 10209402 14972712 10033722 6552054 3838371 6068346 18134289 15544551 10732341 3478186 8952273 7827008 10267823 14457714 8190558 8034649 10551385 12250359 11010122 3992019 5625472 9417274 11479430 3672537 9181434 5343376
9747557 4461675 26183764 5592145 12856896 13562886 10354948 0 16827720 18405909 8853435 9251054 6935451 13607978 7531111 4734654 9950630 12665013 8894632 12835221 10245483 5433273 6876762 7828252 2527940 12011500 9158646 2891490 17174815 12997602 13994036 12753799 10717346 9024048 13406574 9874993 11408775 7576997 9737936
11536267 12366045 34088134 13072969 3970824 25334726 10928876 16827720 0 26309291 7974285 7576666 10134961 11961720 21292200 15779394 10974984 14767247 14824808 23879961 19561048 16478013 12481555 9501978 14299780 4816220 20203386 13936230 16753953 16572212 10585469 11079411 14920895 14381934 18764460 11548719 7256339 9250723 8927178
17019032 18968607 40690696 20099077 22412061 24172182 17626423 18405909 26309291 0 18408600 18806219 16494831 14347571 10874798 17880438 17222105 21464794 11558077 25981005 23391267 17181819 14148237 16880907 18497059 21566665 22304430 18860609 24446290 23594330 19189768 17949531 20208109 12000951 16383477 19430158 21298960 17132162 20489804
8512387 4391760 26113849 5522230 4003461 17360441 7904996 8853435 7974285 18408600 0 397619 6865536 12974177 16384546 7805109 9316829 11743367 6850523 15905676 12382001 8503728 8554935 1527693 6325495 3158065 12229101 5961945 11309085 14676532 5140601 3900364 10647431 6407649 10790175 3574434 4232459 1276438 2561620
8114768 4789379 26511468 5919849 3605842 17758060 7507377 9251054 7576666 18806219 397619 0 7263155 12576558 16782165 8202728 8919210 11345748 7248142 16303295 11984382 8901347 8952554 1925312 6723114 2760446 12626720 6359564 10911466 14278913 4742982 3502745 11045050 6805268 11187794 3972053 3834840 1674057 2164001
5217389 2473776 24195865 3604246 6164137 15442457 5824780 6935451 10134961 16494831 6865536 7263155 0 9077810 14466562 5887125 5420462 9663151 4936754 13987692 11397954 6585744 2346594 5840353 4407511 7009533 10311117 4043961 12644647 11792687 12006137 10765900 8729447 4493880 8876406 7887094 9420876 5589098 7750037
9602011 11551586 33273675 12682056 10661508 22114984 10209402 13607978 11961720 14347571 12974177 12576558 9077810 0 21139089 13286752 3657348 14047773 9321376 16945625 18797581 13985371 6731216 13758458 11080038 9816112 13269050 11443588 17029269 10029573 17276153 16079303 14201421 8878502 13261028 13379209 13881939 14009713 14740559
15580103 11992786 33714875 13123256 20388007 21093997 14972712 7531111 21292200 10874798 16384546 16782165 14466562 21139089 0 9219385 17481741 18811083 15541746 17319952 14730214 9918004 14407873 15359363 10059051 19542611 13643377 10422601 23007361 20528713 21525147 20284910 10980693 15098872 16405948 17406104 14035861 15108108 15706700
9426331 3413349 25135438 4543819 11808570 13241660 10033722 4734654 15779394 17880438 7805109 8202728 5887125 13286752 9219385 0 9629404 11616687 6322361 8100567 5510829 698619 6555536 6779926 2206714 10963174 4423992 1843164 16853589 16001629 12945710 11705473 9669020 5879487 10262013 8826667 10360449 6528671 8689610
5944663 7894238 29616327 9024708 7004160 18457636 6552054 9950630 10974984 17222105 9316829 8919210 5420462 3657348 17481741 9629404 0 10390425 5664028 17729971 15140233 10328023 3073868 10101110 7422690 6158764 14053396 7786240 13371921 6372225 13618805 12421955 10544073 5221154 9603680 12650361 10224591 10352365 11083211
4445762 8203338 29925427 9333808 14951590 21172019 3838371 12665013 14767247 21464794 11743367 11345748 9663151 14047773 18811083 11616687 10390425 0 9906717 19717254 14326286 12315306 7316557 11569915 10137073 14106194 16040679 9773523 11873020 6713014 16088730 14848493 7830390 9463843 13255645 13616656 7510908 11318660 9181747
5460955 7410530 29132619 8541000 10853984 17973928 6068346 8894632 14824808 11558077 6850523 7248142 4936754 9321376 15541746 6322361 5664028 9906717 0 14422928 11833190 5623742 2590160 5322830 6938982 10008588 10746353 7302532 12888213 12036253 11991124 10750887 8650032 442874 4825400 7872081 9740883 5574085 8931727
17526898 11513916 33236005 12644386 19909137 21342227 18134289 12835221 23879961 25981005 15905676 16303295 13987692 16945625 17319952 8100567 17729971 19717254 14422928 0 13611396 8799186 14656103 14880493 10307281 19063741 3676575 9943731 24954156 24102196 21046277 19806040 17769587 13980054 18362580 16927234 18461016 14629238 16790177
14937160 8924178 30646267 10054648 15590224 18752489 15544551 10245483 19561048 23391267 12382001 11984382 11397954 18797581 14730214 5510829 15140233 14326286 11833190 13611396 0 6209448 12066365 12290755 7717543 14744828 9934821 7353993 21346834 21039300 16727364 15487127 15179849 11390316 15772842 14337496 15819222 12039500 14148383
10124950 4111968 25834057 5242438 12507189 13940279 10732341 5433273 16478013 17181819 8503728 8901347 6585744 13985371 9918004 698619 10328023 12315306 5623742 8799186 6209448 0 7254155 7478545 2905333 11661793 5122611 2541783 17552208 16700248 13644329 12404092 10367639 5180868 9563394 9525286 11059068 7227290 9388229
2870795 4820370 26542459 5950840 8510731 15383768 3478186 6876762 12481555 14148237 8554935 8952554 2346594 6731216 14407873 6555536 3073868 7316557 2590160 14656103 12066365 7254155 0 7027242 4348822 9232632 10979528 4712372 10298053 9446093 13695536 12455299 7470205 2147286 6529812 9576493 7150723 7278497 8821562
9309738 3366577 25088666 4497047 5531154 16335258 8952273 7828252 9501978 16880907 1527693 1925312 5840353 13758458 15359363 6779926 10101110 11569915 5322830 14880493 12290755 7478545 7027242 0 5300312 4685758 11203918 4936762 10875228 15476462 6668294 5428057 9622248 4879956 9262482 2549251 5279736 251255 3608897
7219617 1933735 23655824 3064205 10328956 11034946 7827008 2527940 14299780 18497059 6325495 6723114 4407511 11080038 10059051 2206714 7422690 10137073 6938982 10307281 7717543 2905333 4348822 5300312 0 9483560 6630706 363550 14646875 13794915 11466096 10225859 8189406 6496108 10878634 7347053 8880835 5049057 7209996
10875214 7549825 29271914 8680295 845396 20518506 10267823 12011500 4816220 21566665 3158065 2760446 7009533 9816112 19542611 10963174 6158764 14106194 10008588 19063741 14744828 11661793 9232632 4685758 9483560 0 15387166 9120010 13628525 12530989 7460041 6263191 13805496 9565714 13948240 6732499 6595286 4434503 4924447
13850323 7837341 29559430 8967811 16232562 17665652 14457714 9158646 20203386 22304430 12229101 12626720 10311117 13269050 13643377 4423992 14053396 16040679 10746353 3676575 9934821 5122611 10979528 11203918 6630706 15387166 0 6267156 21277581 20425621 17369702 16129465 14093012 10303479 14686005 13250659 14784441 10952663 13113602
7583167 1570185 23292274 2700655 9965406 11398496 8190558 2891490 13936230 18860609 5961945 6359564 4043961 11443588 10422601 1843164 7786240 9773523 7302532 9943731 7353993 2541783 4712372 4936762 363550 9120010 6267156 0 15010425 14158465 11102546 9862309 7825856 6859658 11242184 6983503 8517285 4685507 6846446
7427258 13739295 35461384 14869765 12783129 25681821 8034649 17174815 16753953 24446290 11309085 10911466 12644647 17029269 23007361 16853589 13371921 11873020 12888213 24954156 21346834 17552208 10298053 10875228 14646875 13628525 21277581 15010425 0 18586034 6168484 7408721 12026668 12445339 16827865 8325977 11707186 10623973 13075467
11158776 14266463 35988552 15396933 12601388 24829861 10551385 12997602 16572212 23594330 14676532 14278913 11792687 10029573 20528713 16001629 6372225 6713014 12036253 24102196 21039300 16700248 9446093 15476462 13794915 12530989 20425621 14158465 18586034 0 15073372 16313609 14543404 11593379 15975905 17523203 13785751 15225207 12114912
12857750 9532361 31254450 10662831 6614645 22501042 12250359 13994036 10585469 19189768 5140601 4742982 12006137 17276153 21525147 12945710 13618805 16088730 11991124 21046277 16727364 13644329 13695536 6668294 11466096 7460041 17369702 11102546 6168484 15073372 0 1240237 15788032 11548250 15724065 8715035 8577822 6417039 6906983
11617513 8292124 30014213 9422594 7108587 21260805 11010122 12753799 11079411 17949531 3900364 3502745 10765900 16079303 20284910 11705473 12421955 14848493 10750887 19806040 15487127 12404092 12455299 5428057 10225859 6263191 16129465 9862309 7408721 16313609 1240237 0 14547795 10308013 14690539 7474798 7337585 5176802 5666746
4599410 6255671 27977760 5125201 14650892 19224352 3992019 10717346 14920895 20208109 10647431 11045050 8729447 14201421 10980693 9669020 10544073 7830390 8650032 17769587 15179849 10367639 7470205 9622248 8189406 13805496 14093012 7825856 12026668 14543404 15788032 14547795 0 9092906 5425255 11668989 7664556 9370993 9270992
5018081 6967656 28689745 8098126 10411110 17531054 5625472 9024048 14381934 12000951 6407649 6805268 4493880 8878502 15098872 5879487 5221154 9463843 442874 13980054 11390316 5180868 2147286 4879956 6496108 9565714 10303479 6859658 12445339 11593379 11548250 10308013 9092906 0 4382526 7429207 9298009 5131211 8488853
9400607 11350182 28035996 10550456 14793636 13902719 9417274 13406574 18764460 16383477 10790175 11187794 8876406 13261028 16405948 10262013 9603680 13255645 4825400 18362580 15772842 9563394 6529812 9262482 10878634 13948240 14686005 11242184 16827865 15975905 15724065 14690539 5425255 4382526 0 11811733 12166707 9513737 10495868
11356479 5413318 27135407 6543788 7577895 18381999 11479430 9874993 11548719 19430158 3574434 3972053 7887094 13379209 17406104 8826667 12650361 13616656 7872081 16927234 14337496 9525286 9576493 2549251 7347053 6732499 13250659 6983503 8325977 17523203 8715035 7474798 11668989 7429207 11811733 0 7806893 2297996 6136054
4279928 6947100 28669189 5816630 7440682 19915781 3672537 11408775 7256339 21298960 4232459 3834840 9420876 13881939 14035861 10360449 10224591 7510908 9740883 18461016 15819222 11059068 7150723 5279736 8880835 6595286 14784441 8517285 11707186 13785751 8577822 7337585 7664556 9298009 12166707 7806893 0 5508897 1670839
9058483 3115322 24837411 4245792 5279899 16084003 9181434 7576997 9250723 17132162 1276438 1674057 5589098 14009713 15108108 6528671 10352365 11318660 5574085 14629238 12039500 7227290 7278497 251255 5049057 4434503 10952663 4685507 10623973 15225207 6417039 5176802 9370993 5131211 9513737 2297996 5508897 0 3838058
5950767 5276261 26998350 4145791 5769843 18244942 5343376 9737936 8927178 20489804 2561620 2164001 7750037 14740559 15706700 8689610 11083211 9181747 8931727 16790177 14148383 9388229 8821562 3608897 7209996 4924447 13113602 6846446 13075467 12114912 6906983 5666746 9270992 8488853 10495868 6136054 1670839 3838058 0
39 631366052
0 16171841 12334869 20577360 23859384 17914715 22606024 7110013 12965755 12598290 14180378 25434389 19494701 14480726 16146796 14459524 13356028 16243737 23941278 13344188 20020476 17649975 18811478 19430997 15265529 9598110 14342631 14485651 13329991 9040696 22464121 14038475 19142122 9305554 23950454 18741035 20183515 15675520 18071328
16171841 0 3921645 16658932 9921646 13996287 17957132 11439723 7539338 4185066 5767154 17021165 15576273 10562298 25045 1796990 2815813 2305999 10003540 2827653 18067775 1478134 12660057 5493259 5239564 7158843 5929407 1823117 10531361 16002328 16652192 11599208 13330193 6866287 10012716 8715070 6284012 13236253 12259399
12334869 3921645 0 12737287 13057205 10074642 16329785 12673424 6689516 263421 1845509 13099520 11654628 6640653 3896600 2124655 1815265 6227644 13925185 1827105 21939330 5399779 12091203 9414904 8989290 3321871 2007762 2150782 6609716 12080683 16152907 7762236 12865883 3029315 13934361 12464796 10155567 9399281 11795089
20577360 16658932 12737287 0 20753738 2662645 21152161 23606414 19426803 13000708 14582796 25836807 1082659 6096634 16633887 14861942 14552552 14472690 6775149 14564392 24254883 18137066 23192911 17659950 17406255 16059158 14745049 14888069 19347003 11536664 16251798 14340235 15079012 15766602 22179407 14608355 22892854 15977280 16149806
23859384 9921646 13057205 20753738 0 18091093 23266780 16749371 12848986 12793784 14902714 25629883 19671079 14657104 9946691 11718636 12737459 7615647 15313188 12749299 27989421 11399780 17969705 10802907 10549212 16379076 11049443 11744763 19140079 20097134 21961840 20819441 18639841 16086520 15322364 14024718 16205658 22456486 17569047
17914715 13996287 10074642 2662645 18091093 0 18489516 22748066 16764158 10338063 11920151 23174162 1579986 3433989 13971242 12199297 11889907 16302286 9437794 11901747 26917528 15474421 20530266 19489546 19063932 13396513 12082404 12225424 16684358 8874019 13589153 17002880 12416367 13103957 20399169 17271000 20230209 18639925 13487161
22606024 17957132 16329785 21152161 23266780 18489516 0 22944579 16960671 16593206 18175294 23043885 20069502 17965192 17982177 18454440 17350944 15651133 23348674 17339104 33001496 19435266 19711727 12463873 18584698 13593026 18337547 18480567 14230240 20063480 23793346 8567549 23137038 13300470 16983330 22060204 22375592 10204594 22066244
7110013 11439723 12673424 23606414 16749371 22748066 22944579 0 13304310 12936845 14518933 25772944 24328052 19314077 11464768 13236713 13694583 9133724 16831265 13682743 27130489 12917857 18564921 12320984 12067289 9351553 14681186 13262840 13083434 16150709 22802676 14377030 19480677 9644109 16840441 15542795 17723735 16014075 18409883
12965755 7539338 6689516 19426803 12848986 16764158 16960671 13304310 0 6952937 8535025 19789036 18344144 13330169 7564383 8814171 7710675 5233339 12930880 7698835 25607113 9017472 12148678 8420599 2299774 3952757 8697278 8840298 7684638 12979979 9498366 8393122 6176367 3660201 12940056 5775280 13823350 10030167 5105573
12598290 4185066 263421 13000708 12793784 10338063 16593206 12936845 6952937 0 2108930 12836099 11918049 6904074 4160021 2388076 2078686 6491065 14188606 2090526 22202751 5663200 11827782 9678325 9252711 3585292 1744341 2414203 6346295 12344104 16416328 8025657 13129304 3292736 14197782 12728217 10418988 9662702 12058510
14180378 5767154 1845509 14582796 14902714 11920151 18175294 14518933 8535025 2108930 0 14945029 13500137 8486162 5742109 3970164 3660774 8073153 15770694 3672614 23784839 7245288 13936712 11260413 10834799 5167380 3853271 3996291 8455225 13926192 15676001 9607745 12354002 4874824 15779870 14310305 12001076 11244790 11283208
25434389 17021165 13099520 25836807 25629883 23174162 23043885 25772944 19789036 12836099 14945029 0 24754148 19740173 16996120 15224175 14914785 19327164 23408531 14926625 35038850 16295877 24663881 22514424 19050831 16421391 14580440 15250302 19182394 25180203 29252427 14476336 25965403 16128835 27033881 15575325 23255087 12839291 24894609
19494701 15576273 11654628 1082659 19671079 1579986 20069502 24328052 18344144 11918049 13500137 24754148 0 5013975 15551228 13779283 13469893 15555349 7857808 13481733 25337542 17054407 22110252 18319000 18488914 14976499 13662390 13805410 18264344 10454005 15169139 15422894 13996353 14683943 21979155 15691014 21810195 17059939 15067147
14480726 10562298 6640653 6096634 14657104 3433989 17965192 19314077 13330169 6904074 8486162 19740173 5013975 0 10537253 8765308 8455918 12868297 12871783 8467758 28579983 12040432 17096277 16055557 15629943 9962524 8648415 8791435 13250369 5440030 14445965 14402889 8982378 9669968 20575014 17095097 16796220 16039934 10053172
16146796 25045 3896600 16633887 9946691 13971242 17982177 11464768 7564383 4160021 5742109 16996120 15551228 10537253 0 1771945 2790768 2331044 10028585 2802608 18042730 1503179 12685102 5518304 5264609 7133798 5904362 1798072 10506316 15977283 16677237 11574163 13355238 6841242 10037761 8740115 6258967 13211208 12284444
14459524 1796990 2124655 14861942 11718636 12199297 18454440 13236713 8814171 2388076 3970164 15224175 13779283 8765308 1771945 0 3939920 4102989 11800530 3951760 19814675 3275124 14215858 7290249 7036554 5446526 4132417 26127 8734371 14205338 18277562 9886891 14990538 5153970 11809706 10512060 8030912 11523936 13919744
13356028 2815813 1815265 14552552 12737459 11889907 17350944 13694583 7710675 2078686 3660774 14914785 13469893 8455918 2790768 3939920 0 5121812 12819353 11840 20833498 4293947 13556398 8309072 8055377 4343030 3823027 3966047 8074911 13895948 14337642 8783395 13887042 4050474 12222799 11530883 9049735 10420440 12816248
16243737 2305999 6227644 14472690 7615647 16302286 15651133 9133724 5233339 6491065 8073153 19327164 15555349 12868297 2331044 4102989 5121812 0 7697541 5133652 20373774 3784133 10354058 3187260 2933565 9186096 8235406 4129116 12837360 18213318 14346193 13626461 11024194 8893540 7706717 6409071 8590011 15263506 9953400
23941278 10003540 13925185 6775149 15313188 9437794 23348674 16831265 12930880 14188606 15770694 23408531 7857808 12871783 10028585 11800530 12819353 7697541 0 12831193 17479734 11481674 18051599 10884801 10631106 16883637 15932947 11826657 20534901 18311813 15581964 21115384 10118377 16591081 15404258 7833206 16287552 22752429 11189171
13344188 2827653 1827105 14564392 12749299 11901747 17339104 13682743 7698835 2090526 3672614 14926625 13481733 8467758 2802608 3951760 11840 5133652 12831193 0 20845338 4305787 13544558 8320912 8067217 4331190 3834867 3977887 8063071 13907788 14349482 8771555 13875202 4038634 12210959 11542723 9061575 10408600 12804408
20020476 18067775 21939330 24254883 27989421 26917528 33001496 27130489 25607113 22202751 23784839 35038850 25337542 28579983 18042730 19814675 20833498 20373774 17479734 20845338 0 19545909 17077678 20537623 23307339 25176528 23947092 19840802 22559165 23286194 28513576 29616893 25191577 24883972 25057080 25312940 22061323 31253938 24120783
17649975 1478134 5399779 18137066 11399780 15474421 19435266 12917857 9017472 5663200 7245288 16295877 17054407 12040432 1503179 3275124 4293947 3784133 11481674 4305787 19545909 0 14138191 6971393 6717698 8636977 7407541 3301251 12009495 17480462 18130326 13077342 14808327 8344421 11490850 10193204 7762146 14714387 13737533
18811478 12660057 12091203 23192911 17969705 20530266 19711727 18564921 12148678 11827782 13936712 24663881 22110252 17096277 12685102 14215858 13556398 10354058 18051599 13544558 17077678 14138191 0 13541318 13287623 9213368 13572123 14241985 5481487 22536307 11435898 14238845 8113899 9505924 12841506 16763129 18944069 15875890 7043105
19430997 5493259 9414904 17659950 10802907 19489546 12463873 12320984 8420599 9678325 11260413 22514424 18319000 16055557 5518304 7290249 8309072 3187260 10884801 8320912 20537623 6971393 13541318 0 6120825 12373356 11422666 7316376 16024620 21400578 11329473 12429084 14211454 12080800 4519457 9596331 11777271 14066129 13140660
15265529 5239564 8989290 17406255 10549212 19063932 18584698 12067289 2299774 9252711 10834799 19050831 18488914 15629943 5264609 7036554 8055377 2933565 10631106 8067217 23307339 6717698 13287623 6120825 0 6252531 10997052 7062681 9984412 15279753 11412628 10692896 8090629 5959975 10640282 3475506 11523576 12329941 7019835
9598110 7158843 3321871 16059158 16379076 13396513 13593026 9351553 3952757 3585292 5167380 16421391 14976499 9962524 7133798 5446526 4343030 9186096 16883637 4331190 25176528 8636977 9213368 12373356 6252531 0 5329633 5472653 3731881 15402554 13451123 5025477 10129124 292556 16542149 9728037 10585405 6662522 9058330
14342631 5929407 2007762 14745049 11049443 12082404 18337547 14681186 8697278 1744341 3853271 14580440 13662390 8648415 5904362 4132417 3823027 8235406 15932947 3834867 23947092 7407541 13572123 11422666 10997052 5329633 0 4158544 8090636 14088445 18160669 9769998 14873645 5037077 15942123 14472558 12163329 11407043 13802851
14485651 1823117 2150782 14888069 11744763 12225424 18480567 13262840 8840298 2414203 3996291 15250302 13805410 8791435 1798072 26127 3966047 4129116 11826657 3977887 19840802 3301251 14241985 7316376 7062681 5472653 4158544 0 8760498 14231465 18303689 9913018 15016665 5180097 11835833 10538187 8057039 11550063 13945871
13329991 10531361 6609716 19347003 19140079 16684358 14230240 13083434 7684638 6346295 8455225 19182394 18264344 13250369 10506316 8734371 8074911 12837360 20534901 8063071 22559165 12009495 5481487 16024620 9984412 3731881 8090636 8760498 0 18690399 16917385 8757358 13595386 4024437 18322993 13459918 14317286 10394403 12524592
9040696 16002328 12080683 11536664 20097134 8874019 20063480 16150709 12979979 12344104 13926192 25180203 10454005 5440030 15977283 14205338 13895948 18213318 18311813 13907788 23286194 17480462 22536307 21400578 15279753 15402554 14088445 14231465 18690399 0 19885995 15648479 14422408 15109998 25920035 18755259 22236250 17285524 15493202
22464121 16652192 16152907 16251798 21961840 13589153 23793346 22802676 9498366 16416328 15676001 29252427 15169139 14445965 16677237 18277562 14337642 14346193 15581964 14349482 28513576 18130326 11435898 11329473 11412628 13451123 18160669 18303689 16917385 19885995 0 17891488 5463587 13158567 6810016 14888134 22936204 19528533 4392793
14038475 11599208 7762236 14340235 20819441 17002880 8567549 14377030 8393122 8025657 9607745 14476336 15422894 14402889 11574163 9886891 8783395 13626461 21115384 8771555 29616893 13077342 14238845 12429084 10692896 5025477 9769998 9913018 8757358 15648479 17891488 0 14569489 4732921 16948541 14168402 13808043 1637045 13498695
19142122 13330193 12865883 15079012 18639841 12416367 23137038 19480677 6176367 13129304 12354002 25965403 13996353 8982378 13355238 14990538 13887042 11024194 10118377 13875202 25191577 14808327 8113899 14211454 8090629 10129124 14873645 15016665 13595386 14422408 5463587 14569489 0 9836568 12273603 11566135 19614205 16206534 1070794
9305554 6866287 3029315 15766602 16086520 13103957 13300470 9644109 3660201 3292736 4874824 16128835 14683943 9669968 6841242 5153970 4050474 8893540 16591081 4038634 24883972 8344421 9505924 12080800 5959975 292556 5037077 5180097 4024437 15109998 13158567 4732921 9836568 0 16249593 9435481 10877961 6369966 8765774
23950454 10012716 13934361 22179407 15322364 20399169 16983330 16840441 12940056 14197782 15779870 27033881 21979155 20575014 10037761 11809706 12222799 7706717 15404258 12210959 25057080 11490850 12841506 4519457 10640282 16542149 15942123 11835833 18322993 25920035 6810016 16948541 12273603 16249593 0 14115788 16296728 18585586 11202809
18741035 8715070 12464796 14608355 14024718 17271000 22060204 15542795 5775280 12728217 14310305 15575325 15691014 17095097 8740115 10512060 11530883 6409071 7833206 11542723 25312940 10193204 16763129 9596331 3475506 9728037 14472558 10538187 13459918 18755259 14888134 14168402 11566135 9435481 14115788 0 14999082 15805447 10495341
20183515 6284012 10155567 22892854 16205658 20230209 22375592 17723735 13823350 10418988 12001076 23255087 21810195 16796220 6258967 8030912 9049735 8590011 16287552 9061575 22061323 7762146 18944069 11777271 11523576 10585405 12163329 8057039 14317286 22236250 22936204 13808043 19614205 10877961 16296728 14999082 0 15445088 18543411
15675520 13236253 9399281 15977280 22456486 18639925 10204594 16014075 10030167 9662702 11244790 12839291 17059939 16039934 13211208 11523936 10420440 15263506 22752429 10408600 31253938 14714387 15875890 14066129 12329941 6662522 11407043 11550063 10394403 17285524 19528533 1637045 16206534 6369966 18585586 15805447 15445088 0 15135740
18071328 12259399 11795089 16149806 17569047 13487161 22066244 18409883 5105573 12058510 11283208 24894609 15067147 10053172 12284444 13919744 12816248 9953400 11189171 12804408 24120783 13737533 7043105 13140660 7019835 9058330 13802851 13945871 12524592 15493202 4392793 13498695 1070794 8765774 11202809 10495341 18543411 15135740 0
32 172109062
0 2523965 3720566 3110290 4035154 6295664 2371273 3166574 5420156 3341169 3295033 3429612 3139581 1935593 3014493 2622828 3411179 4079279 1942123 4951931 2328561 976596 3653624 8290418 4167612 2794397 3057177 3051477 832269 3388321 3107514 3872488
2523965 0 2968131 889553 2446203 6401529 1618838 2414139 5656253 3447034 1074296 2183799 2387146 3528488 1768680 1377015 2846958 2891172 2047988 4387710 2434426 3302169 2064673 7537983 2198223 1205446 4100949 2299042 3157842 2142508 3258321 4916260
3720566 2968131 0 2946610 3502268 5036866 1349293 1762435 2688122 3177489 3131353 1828879 580985 4052999 2850813 2459148 2577413 3057299 1778443 4118165 2164881 2926607 3489944 7268438 2622900 2630717 1779912 669089 2888297 3224641 3682998 2595223
3110290 889553 2946610 0 1556650 5521708 1597317 2392618 5218737 2567213 184743 1294246 2365625 2638935 879127 487462 2825437 2001619 1168167 4366189 1554605 2422348 1175120 7516462 1308670 315893 3211396 2277521 2278021 1252955 2368768 4026707
4035154 2446203 3502268 1556650 0 6446572 2152975 2948276 6190390 3492077 1741393 2219110 2921283 2691105 1803991 1412326 3381095 444969 2093031 4921847 2479469 3347212 381530 8072120 2865320 1240757 4420964 2833179 3202885 2177819 3925418 5236275
6295664 6401529 5036866 5521708 6446572 0 4782691 5577992 7724988 4979711 5706451 5841030 5550999 6412663 5425911 5034246 6010811 6490697 4353541 7551563 3967103 5607722 6065042 10701836 5159680 5205815 3256954 5462895 5463395 5641546 6219778 4072265
2371273 1618838 1349293 1597317 2152975 4782691 0 795301 4037415 1828196 1782060 1916639 768308 2703706 1501520 1109855 1228120 1708006 429150 2768872 815588 1683331 2140651 5919145 2810223 1281424 2804191 680204 1539004 1875348 3870321 3384018
3166574 2414139 1762435 2392618 2948276 5577992 795301 0 4450557 2623497 2577361 2711940 1563609 3499007 2296821 1905156 2023421 2503307 1224451 3564173 1610889 2478632 2935952 6714446 3605524 2076725 3542347 1475505 2334305 2670649 4665622 4179319
5420156 5656253 2688122 5218737 6190390 7724988 4037415 4450557 0 5865611 5033994 4517001 3269107 5080967 5538935 5147270 3605381 5745421 4466565 2064629 4853003 5614729 5900452 8828831 3910067 5318839 4468034 3357211 5576419 5652258 2849969 5283345
3341169 3447034 3177489 2567213 3492077 4979711 1828196 2623497 5865611 0 2751956 2886535 2596504 1432952 2471416 2079751 2908538 3536202 1399046 4449290 1012608 2653227 3110547 7747341 3875883 2251320 4632387 2508400 2508900 2687051 4935981 5064436
3295033 1074296 3131353 184743 1741393 5706451 1782060 2577361 5033994 2751956 0 1478989 2550368 2823678 1063870 672205 3010180 2186362 1352910 4550932 1739348 2607091 1359863 7701205 1123927 500636 3026653 2462264 2462764 1437698 2184025 3841964
3429612 2183799 1828879 1294246 2219110 5841030 1916639 2711940 4517001 2886535 1478989 0 2409864 3301395 1198449 806784 3144759 2664079 1487489 4685511 1873927 2741670 1837580 7835784 2602916 978353 3608791 2497968 2597343 1572277 3663014 3724164
3139581 2387146 580985 2365625 2921283 5550999 768308 1563609 3269107 2596504 2550368 2409864 0 3472014 2269828 1878163 1996428 2476314 1197458 3537180 1583896 2345622 2908959 6687453 2041915 2049732 2360897 88104 2307312 2643656 3102013 3176208
1935593 3528488 4052999 2638935 2691105 6412663 2703706 3499007 5080967 1432952 2823678 3301395 3472014 0 2886276 2494611 1475586 3136074 2831998 3016338 2445560 2912189 3072635 8622851 3947605 2323042 4446795 3383910 2767862 3260104 5007703 3631484
3014493 1768680 2850813 879127 1803991 5425911 1501520 2296821 5538935 2471416 1063870 1198449 2269828 2886276 0 391665 2729640 2248960 1072370 4270392 1458808 2326551 1422461 7420665 2187797 563234 4090523 2181724 2182224 1157158 3247895 4885538
2622828 1377015 2459148 487462 1412326 5034246 1109855 1905156 5147270 2079751 672205 806784 1878163 2494611 391665 0 2337975 1857295 680705 3878727 1067143 1934886 1030796 7029000 1796132 171569 3698858 1790059 1790559 765493 2856230 4493873
3411179 2846958 2577413 2825437 3381095 6010811 1228120 2023421 3605381 2908538 3010180 3144759 1996428 1475586 2729640 2337975 0 2936126 1657270 1540752 2043708 2911451 3368771 7147265 4038343 2509544 2971209 1908324 2767124 3103468 5098441 2155898
4079279 2891172 3057299 2001619 444969 6490697 1708006 2503307 5745421 3536202 2186362 2664079 2476314 3136074 2248960 1857295 2936126 0 2137156 4476878 2523594 3391337 826499 7627151 3310289 1685726 4512197 2388210 3247010 2622788 4370387 5092024
1942123 2047988 1778443 1168167 2093031 4353541 429150 1224451 4466565 1399046 1352910 1487489 1197458 2831998 1072370 680705 1657270 2137156 0 3198022 386438 1254181 1711501 6348295 2476837 852274 3233341 1109354 1109854 1446198 3536935 3813168
4951931 4387710 4118165 4366189 4921847 7551563 2768872 3564173 2064629 4449290 4550932 4685511 3537180 3016338 4270392 3878727 1540752 4476878 3198022 0 3584460 4452203 4909523 8688017 5579095 4050296 4511961 3449076 4307876 4644220 4914598 3696650
2328561 2434426 2164881 1554605 2479469 3967103 815588 1610889 4853003 1012608 1739348 1873927 1583896 2445560 1458808 1067143 2043708 2523594 386438 3584460 0 1640619 2097939 6734733 2863275 1238712 3619779 1495792 1496292 1674443 3923373 4199606
976596 3302169 2926607 2422348 3347212 5607722 1683331 2478632 5614729 2653227 2607091 2741670 2345622 2912189 2326551 1934886 2911451 3391337 1254181 4452203 1640619 0 2965682 7602476 3731018 2106455 2369235 2363535 144327 2700379 4084110 3184546
3653624 2064673 3489944 1175120 381530 6065042 2140651 2935952 5900452 3110547 1359863 1837580 2908959 3072635 1422461 1030796 3368771 826499 1711501 4909523 2097939 2965682 0 7724179 2483790 859227 4386516 2820855 2821355 1796289 3543888 5201827
8290418 7537983 7268438 7516462 8072120 10701836 5919145 6714446 8828831 7747341 7701205 7835784 6687453 8622851 7420665 7029000 7147265 7627151 6348295 8688017 6734733 7602476 7724179 0 8729368 7200569 8723336 6599349 7458149 7794493 8277158 9303163
4167612 2198223 2622900 1308670 2865320 5159680 2810223 3605524 3910067 3875883 1123927 2602916 2041915 3947605 2187797 1796132 4038343 3310289 2476837 5579095 2863275 3731018 2483790 8729368 0 1624563 1902726 2130019 3586691 1742191 1060098 2718037
2794397 1205446 2630717 315893 1240757 5205815 1281424 2076725 5318839 2251320 500636 978353 2049732 2323042 563234 171569 2509544 1685726 852274 4050296 1238712 2106455 859227 7200569 1624563 0 3527289 1961628 1962128 937062 2684661 4342600
3057177 4100949 1779912 3211396 4420964 3256954 2804191 3542347 4468034 4632387 3026653 3608791 2360897 4446795 4090523 3698858 2971209 4512197 3233341 4511961 3619779 2369235 4386516 8723336 1902726 3527289 0 2449001 2224908 3644917 2962824 815311
3051477 2299042 669089 2277521 2833179 5462895 680204 1475505 3357211 2508400 2462264 2497968 88104 3383910 2181724 1790059 1908324 2388210 1109354 3449076 1495792 2363535 2820855 6599349 2130019 1961628 2449001 0 2219208 2555552 3190117 3264312
832269 3157842 2888297 2278021 3202885 5463395 1539004 2334305 5576419 2508900 2462764 2597343 2307312 2767862 2182224 1790559 2767124 3247010 1109854 4307876 1496292 144327 2821355 7458149 3586691 1962128 2224908 2219208 0 2556052 3939783 3040219
3388321 2142508 3224641 1252955 2177819 5641546 1875348 2670649 5652258 2687051 1437698 1572277 2643656 3260104 1157158 765493 3103468 2622788 1446198 4644220 1674443 2700379 1796289 7794493 1742191 937062 3644917 2555552 2556052 0 2802289 4460228
3107514 3258321 3682998 2368768 3925418 6219778 3870321 4665622 2849969 4935981 2184025 3663014 3102013 5007703 3247895 2856230 5098441 4370387 3536935 4914598 3923373 4084110 3543888 8277158 1060098 2684661 2962824 3190117 3939783 2802289 0 3778135
3872488 4916260 2595223 4026707 5236275 4072265 3384018 4179319 5283345 5064436 3841964 3724164 3176208 3631484 4885538 4493873 2155898 5092024 3813168 3696650 4199606 3184546 5201827 9303163 2718037 4342600 815311 3264312 3040219 4460228 3778135 0
30 178152699
0 3829653 3001592 4087378 2080004 2959286 5234636 7167827 4485864 3026814 7292037 8038157 3826039 5270959 2443474 4356197 3024980 3792540 4456006 5790490 6018280 5103630 5342192 4894358 4014065 1863812 6309408 1789325 5234722 7885668
3829653 0 4820199 257725 4077350 3938616 1404983 8986434 4593258 4794977 10394606 6162569 5929662 3451925 3713880 6265792 3132374 3899934 626353 2179175 3780685 2866035 4194331 5930782 6011411 1965841 2479755 5618978 5336751 4566269
3001592 4820199 0 4562474 1760865 881583 3563090 4166235 2798071 25222 6714979 5036565 1836606 4314343 2124335 4539664 2705841 3473401 5446552 2788898 3016688 2102038 3052062 1892766 3694926 3872374 4766638 1212267 6892986 5595538
4087378 257725 4562474 0 4335075 3680891 1662708 8728709 4850983 4537252 10652331 6420294 6187387 3709650 3971605 6523517 3390099 4157659 884078 2436900 4038410 3123760 3936606 6188507 6269136 2223566 2222030 5774741 5594476 4823994
2080004 4077350 1760865 4335075 0 879282 5249581 5927100 2405860 1735643 8475844 6746986 3597471 5168843 363470 6300529 944976 1712536 4703703 4475389 4606866 3812459 4812927 3603187 1934061 2111509 6527503 2973132 5482419 7356403
2959286 3938616 881583 3680891 879282 0 4394229 5047818 2639268 856361 7596562 5867704 2718189 5195926 1242752 5421247 1824258 2591818 4564969 3620037 3847827 2933177 3933645 2723905 2813343 2990791 5648221 2093850 6361701 6477121
5234636 1404983 3563090 1662708 5249581 4394229 0 7729325 5765489 3537868 9834097 4757586 5399696 4856908 4886111 7670775 4304605 5072165 2031336 774192 2375702 1461052 5599314 4525799 6485396 3370824 3884738 4775357 6741734 5971252
7167827 8986434 4166235 8728709 5927100 5047818 7729325 0 6964306 4191457 8685528 6721486 6002841 7457160 6290570 8705899 6872076 7639636 9612787 6955133 7182923 6268273 6247576 6059001 7861161 8038609 7962152 5378502 9525807 8791052
4485864 4593258 2798071 4850983 2405860 2639268 5765489 6964306 0 2772849 7560333 5734423 4634677 2762983 2042390 7337735 1460884 2228444 4858803 4991297 5764315 4849665 5850133 3875573 4339921 2627417 7073013 4010338 5998327 8334105
3026814 4794977 25222 4537252 1735643 856361 3537868 4191457 2772849 0 6740201 5011343 1861828 4339565 2099113 4564886 2680619 3448179 5421330 2763676 2991466 2076816 3077284 1867544 3669704 3847152 4791860 1237489 6918208 5620760
7292037 10394606 6714979 10652331 8475844 7596562 9834097 8685528 7560333 6740201 0 5076511 7539426 8047951 8839314 9668855 9021217 9004318 11020959 9059905 9731667 8817017 8371813 8607745 10409905 9029326 9500990 5502712 12400236 5828337
8038157 6162569 5036565 6420294 6746986 5867704 4757586 6721486 5734423 5011343 5076511 0 5449177 2971440 7110456 8152235 7195307 7962867 6788922 3983394 5584904 4670254 8088627 6878887 8681047 8128410 8642324 6248832 10379482 10632103
3826039 5929662 1836606 6187387 3597471 2718189 5399696 6002841 4634677 1861828 7539426 5449177 0 2477737 3960941 2703058 4542447 5310007 6556015 4625504 4853294 3938644 4888668 3729372 5531532 5689851 5731748 2036714 5056380 6543576
5270959 3451925 4314343 3709650 5168843 5195926 4856908 7457160 2762983 4339565 8047951 2971440 2477737 0 4805373 5180795 4223867 4991427 4078278 5631100 6398397 6317960 7366405 6207109 6725336 5390400 5931680 4514451 7534117 8018194
2443474 3713880 2124335 3971605 363470 1242752 4886111 6290570 2042390 2099113 8839314 7110456 3960941 4805373 0 6663999 581506 1349066 4340233 4111919 4970336 4175929 5176397 3966657 2297531 1748039 6193635 3336602 5118949 7454727
4356197 6265792 4539664 6523517 6300529 5421247 7670775 8705899 7337735 4564886 9668855 8152235 2703058 5180795 6663999 0 6167305 6934865 6892145 7328562 7556352 6641702 6155201 6432430 8234590 5000772 7513171 4739772 7759438 3840518
3024980 3132374 2705841 3390099 944976 1824258 4304605 6872076 1460884 2680619 9021217 7195307 4542447 4223867 581506 6167305 0 767560 3758727 3530413 5131923 4217273 4611879 3749816 2879037 1166533 5612129 3918108 4537443 6873221
3792540 3899934 3473401 4157659 1712536 2591818 5072165 7639636 2228444 3448179 9004318 7962867 5310007 4991427 1349066 6934865 767560 0 4526287 4297973 5899483 4984833 3844319 2982256 3646597 1934093 5558895 4685668 5305003 6387795
4456006 626353 5446552 884078 4703703 4564969 2031336 9612787 4858803 5421330 11020959 6788922 6556015 4078278 4340233 6892145 3758727 4526287 0 2805528 4407038 3492388 4044506 6557135 6637764 2592194 2329930 6245331 5963104 5192622
5790490 2179175 2788898 2436900 4475389 3620037 774192 6955133 4991297 2763676 9059905 3983394 4625504 5631100 4111919 7328562 3530413 4297973 2805528 0 1601510 686860 5840960 3751607 5711204 4145016 4658930 4001165 6396088 6745444
6018280 3780685 3016688 4038410 4606866 3847827 2375702 7182923 5764315 2991466 9731667 5584904 4853294 6398397 4970336 7556352 5131923 5899483 4407038 1601510 0 914650 4763148 3979397 5938994 5746526 6260440 4228955 4794578 7306624
5103630 2866035 2102038 3123760 3812459 2933177 1461052 6268273 4849665 2076816 8817017 4670254 3938644 6317960 4175929 6641702 4217273 4984833 3492388 686860 914650 0 5154100 3064747 5024344 4831876 5345790 3314305 5709228 7432304
5342192 4194331 3052062 3936606 4812927 3933645 5599314 6247576 5850133 3077284 8371813 8088627 4888668 7366405 5176397 6155201 4611879 3844319 4044506 5840960 4763148 5154100 0 4944828 6746988 5778412 1714576 4264329 9149322 2543476
4894358 5930782 1892766 6188507 3603187 2723905 4525799 6059001 3875573 1867544 8607745 6878887 3729372 6207109 3966657 6432430 3749816 2982256 6557135 3751607 3979397 3064747 4944828 0 5537248 4916349 6659404 3105033 8287259 7488304
4014065 6011411 3694926 6269136 1934061 2813343 6485396 7861161 4339921 3669704 10409905 8681047 5531532 6725336 2297531 8234590 2879037 3646597 6637764 5711204 5938994 5024344 6746988 5537248 0 4045570 8461564 4907193 7416480 8344100
1863812 1965841 3872374 2223566 2111509 2990791 3370824 8038609 2627417 3847152 9029326 8128410 5689851 5390400 1748039 5000772 1166533 1934093 2592194 4145016 5746526 4831876 5778412 4916349 4045570 0 4445596 3653137 3370910 6532110
6309408 2479755 4766638 2222030 6527503 5648221 3884738 7962152 7073013 4791860 9500990 8642324 5731748 5931680 6193635 7513171 5612129 5558895 2329930 4658930 6260440 5345790 1714576 6659404 8461564 4445596 0 5978905 7816506 3672653
1789325 5618978 1212267 5774741 2973132 2093850 4775357 5378502 4010338 1237489 5502712 6248832 2036714 4514451 3336602 4739772 3918108 4685668 6245331 4001165 4228955 3314305 4264329 3105033 4907193 3653137 5978905 0 7024047 6807805
5234722 5336751 6892986 5594476 5482419 6361701 6741734 9525807 5998327 6918208 12400236 10379482 5056380 7534117 5118949 7759438 4537443 5305003 5963104 6396088 4794578 5709228 9149322 8287259 7416480 3370910 7816506 7024047 0 9903020
7885668 4566269 5595538 4823994 7356403 6477121 5971252 8791052 8334105 5620760 5828337 10632103 6543576 8018194 7454727 3840518 6873221 6387795 5192622 6745444 7306624 7432304 2543476 7488304 8344100 6532110 3672653 6807805 9903020 0
34 269499537
0 4912405 3503729 1883129 5377755 3627105 8133146 8610618 6049598 5394723 2561567 6676317 5314583 3256880 10528582 3449598 10895139 6132062 5086651 2907561 5063546 4582756 7269199 5532849 559092 6611654 5641797 2006920 6539654 6443152 4013919 6342541 8306582 4317809
4912405 0 7208576 6795534 8207657 8539510 3714175 11104637 4662707 8224625 7473972 7994138 6532738 8169285 5616177 8362003 7146542 7004657 7287844 7819966 5936141 6129549 10099101 5179456 5471497 5224763 9135348 6919325 1627249 1530747 6985768 8543734 9560876 9230214
3503729 7208576 0 5119698 3831333 4116172 5559361 7469598 2545869 3848301 3699075 4202198 2740798 3745947 9763259 3553229 12681230 2628333 1916176 5896548 1559817 1079027 5722777 2029120 3985988 3107925 5745428 4995907 7106621 5677829 510190 3172066 5768936 4891279
1883129 6795534 5119698 0 3494626 1743976 9073151 6727489 5828659 3511594 3609416 4793188 6254588 1373751 9719487 1566469 9012010 4697626 3203522 1024432 5659135 6198725 5386070 6345408 2442221 5266603 3758668 123791 8422783 8326281 4609508 4459412 8428151 2434680
5377755 8207657 3831333 3494626 0 4790494 7099812 5352755 5568753 16968 6296185 5742649 4281249 4620795 12424532 4813513 8961653 1203000 4727129 3729477 2271516 4101911 1891444 5052004 5801128 6130809 7005712 3370835 8161906 8700713 3321143 5983019 7053417 1059946
3627105 8539510 4116172 1743976 4790494 0 8655153 8223883 4825133 4807462 5105810 6289582 5836590 370225 11215881 562943 10755986 5724125 2199996 2520826 4655609 4591206 5252698 5177137 4050478 4263077 2755142 1620185 9058355 7957093 3605982 3455886 8743974 3931074
8133146 3714175 5559361 9073151 7099812 8655153 0 7547363 7718932 7082844 8238056 4279963 2818563 8284928 9330352 8092210 10860717 7167314 6455157 9850001 6098798 6638388 8991256 7202183 8524969 7668067 9863236 8949360 2086926 5244922 5049171 7711047 5846701 8159758
8610618 11104637 7469598 6727489 5352755 8223883 7547363 0 6441930 5369723 7445677 6190200 4728800 7853658 13659320 8046376 8612956 6555755 8244640 7504339 7624271 6875274 7244199 5925181 9033991 6181559 10092144 6603698 9634289 9573890 6959408 9500530 1700662 4292809
6049598 4662707 2545869 5828659 5568753 4825133 7718932 6441930 0 5585721 5863050 6366173 4904773 4454908 7217390 4262190 11284683 4792308 2625137 6605509 3723792 1466842 7460197 516749 6149963 562056 4472641 5704868 6289956 3131960 2674165 3881027 5042953 6628699
5394723 8224625 3848301 3511594 16968 4807462 7082844 5369723 5585721 0 6297493 5725681 4264281 4637763 12407564 4830481 8978621 1219968 4744097 3712509 2288484 4118879 1908412 5068972 5818096 6147777 7022680 3387803 8144938 8717681 3338111 5999987 7070385 1076914
2561567 7473972 3699075 3609416 6296185 5105810 8238056 7445677 5863050 6297493 0 6880893 5419493 4735585 11280039 4928303 12621426 5307028 4594871 2584984 4238512 4778102 8187629 5728195 2002475 6425106 7120502 3485625 6354775 8995010 3188885 5709763 5745015 5236239
6676317 7994138 4202198 4793188 5742649 6289582 4279963 6190200 6366173 5725681 6880893 0 1461400 5919357 12063427 6112075 11401832 5810151 5097994 5570038 4741635 5281225 7634093 6231318 7099690 6928229 8304274 4669397 6366889 7977997 3692008 6353884 4489538 6802595
5314583 6532738 2740798 6254588 4281249 5836590 2818563 4728800 4904773 4264281 5419493 1461400 0 5466365 10602027 5273647 9940432 4348751 3636594 7031438 3280235 3819825 6172693 4769918 5706406 5466829 7465846 6130797 4905489 6516597 2230608 4892484 3028138 5341195
3256880 8169285 3745947 1373751 4620795 370225 8284928 7853658 4454908 4637763 4735585 5919357 5466365 0 10845656 192718 10385761 5353900 1829771 2150601 4285384 4824974 5622923 4971657 3680253 3892852 2384917 1249960 9428580 7586868 3235757 3085661 8373749 3560849
10528582 5616177 9763259 9719487 12424532 11215881 9330352 13659320 7217390 12407564 11280039 12063427 10602027 10845656 0 11038374 12762719 12009698 9842527 8695055 10941182 8684232 14315976 7734139 11087674 7779446 11690031 9595696 7243426 4085430 9891555 11098417 12260343 11906585
3449598 8362003 3553229 1566469 4813513 562943 8092210 8046376 4262190 4830481 4928303 6112075 5273647 192718 11038374 0 10578479 5161182 1637053 2343319 4092666 4632256 5815641 4778939 3872971 3700134 2192199 1442678 9621298 7394150 3043039 2892943 8181031 3753567
10895139 7146542 12681230 9012010 8961653 10755986 10860717 8612956 11284683 8978621 12621426 11401832 9940432 10385761 12762719 10578479 0 10164653 12215532 10036442 11233169 12751525 7070209 11801432 11454231 10722627 12770678 9135801 8773791 8677289 12171040 13471422 6912294 10021599
6132062 7004657 2628333 4697626 1203000 5724125 7167314 6555755 4792308 1219968 5307028 5810151 4348751 5353900 12009698 5161182 10164653 0 3524129 4932477 1068516 3707360 3094444 4657453 5593941 5354364 7353381 4573835 8631906 7924268 2118143 4780019 7376889 2262946
5086651 7287844 1916176 3203522 4727129 2199996 6455157 8244640 2625137 4744097 4594871 5097994 3636594 1829771 9842527 1637053 12215532 3524129 0 3980372 2455613 2995203 6618573 3141886 4881784 2063081 3829252 3079731 8002417 5757097 1405986 1255890 6543978 5390620
2907561 7819966 5896548 1024432 3729477 2520826 9850001 7504339 6605509 3712509 2584984 5570038 7031438 2150601 8695055 2343319 10036442 4932477 3980372 0 6000993 6975575 5620921 7122258 3330934 6043453 4535518 900641 8939759 9350713 5386358 5236262 8329999 3211530
5063546 5936141 1559817 5659135 2271516 4655609 6098798 7624271 3723792 2288484 4238512 4741635 3280235 4285384 10941182 4092666 11233169 1068516 2455613 6000993 0 2638844 4162960 3588937 4525425 4285848 6284865 5535344 7563390 6855752 1049627 3711503 6308373 3331462
4582756 6129549 1079027 6198725 4101911 4591206 6638388 6875274 1466842 4118879 4778102 5281225 3819825 4824974 8684232 4632256 12751525 3707360 2995203 6975575 2638844 0 5993355 950093 5065015 2028898 5939483 6074934 7756798 4598802 1589217 4251093 6509795 5161857
7269199 10099101 5722777 5386070 1891444 5252698 8991256 7244199 7460197 1908412 8187629 7634093 6172693 5622923 14315976 5815641 7070209 3094444 6618573 5620921 4162960 5993355 0 6943448 7692572 8022253 8007840 5262279 10053350 10592157 5212587 7475768 8944861 2951390
5532849 5179456 2029120 6345408 5052004 5177137 7202183 5925181 516749 5068972 5728195 6231318 4769918 4971657 7734139 4778939 11801432 4657453 3141886 7122258 3588937 950093 6943448 0 6015108 1078805 4989390 6221617 6806705 3648709 2539310 4397776 5559702 6111950
559092 5471497 3985988 2442221 5801128 4050478 8524969 9033991 6149963 5818096 2002475 7099690 5706406 3680253 11087674 3872971 11454231 5593941 4881784 3330934 4525425 5065015 7692572 6015108 0 6712019 6065170 2430293 7098746 7002244 3475798 6137674 7747490 4741182
6611654 5224763 3107925 5266603 6130809 4263077 7668067 6181559 562056 6147777 6425106 6928229 5466829 3892852 7779446 3700134 10722627 5354364 2063081 6043453 4285848 2028898 8022253 1078805 6712019 0 3910585 5142812 6852012 3694016 3236221 3318971 4480897 7190755
5641797 9135348 5745428 3758668 7005712 2755142 9863236 10092144 4472641 7022680 7120502 8304274 7465846 2384917 11690031 2192199 12770678 7353381 3829252 4535518 6284865 5939483 8007840 4989390 6065170 3910585 0 3634877 10762597 7604601 5235238 5085142 8391482 5945766
2006920 6919325 4995907 123791 3370835 1620185 8949360 6603698 5704868 3387803 3485625 4669397 6130797 1249960 9595696 1442678 9135801 4573835 3079731 900641 5535344 6074934 5262279 6221617 2430293 5142812 3634877 0 8546574 8450072 4485717 4335621 8304360 2310889
6539654 1627249 7106621 8422783 8161906 9058355 2086926 9634289 6289956 8144938 6354775 6366889 4905489 9428580 7243426 9621298 8773791 8631906 8002417 8939759 7563390 7756798 10053350 6806705 7098746 6852012 10762597 8546574 0 3157996 6596431 9258307 7933627 9221852
6443152 1530747 5677829 8326281 8700713 7957093 5244922 9573890 3131960 8717681 8995010 7977997 6516597 7586868 4085430 7394150 8677289 7924268 5757097 9350713 6855752 4598802 10592157 3648709 7002244 3694016 7604601 8450072 3157996 0 5806125 7012987 8174913 9760659
4013919 6985768 510190 4609508 3321143 3605982 5049171 6959408 2674165 3338111 3188885 3692008 2230608 3235757 9891555 3043039 12171040 2118143 1405986 5386358 1049627 1589217 5212587 2539310 3475798 3236221 5235238 4485717 6596431 5806125 0 2661876 5258746 4381089
6342541 8543734 3172066 4459412 5983019 3455886 7711047 9500530 3881027 5999987 5709763 6353884 4892484 3085661 11098417 2892943 13471422 4780019 1255890 5236262 3711503 4251093 7475768 4397776 6137674 3318971 5085142 4335621 9258307 7012987 2661876 0 7799868 6646510
8306582 9560876 5768936 8428151 7053417 8743974 5846701 1700662 5042953 7070385 5745015 4489538 3028138 8373749 12260343 8181031 6912294 7376889 6543978 8329999 6308373 6509795 8944861 5559702 7747490 4480897 8391482 8304360 7933627 8174913 5258746 7799868 0 5993471
4317809 9230214 4891279 2434680 1059946 3931074 8159758 4292809 6628699 1076914 5236239 6802595 5341195 3560849 11906585 3753567 10021599 2262946 5390620 3211530 3331462 5161857 2951390 6111950 4741182 7190755 5945766 2310889 9221852 9760659 4381089 6646510 5993471 0
30 703709021
0 26446426 26491845 16794229 30320758 23473379 16503959 26710052 18296334 25479312 18692262 29835502 29189600 24565701 29590484 26017601 26372820 22554078 26037622 28761439 34324137 23411780 16988277 27685904 24318569 28430622 25564908 25229929 22329629 26053859
26446426 0 45419 10232737 8139250 14226193 9942467 3697103 13883540 2421373 14204134 7188191 7361023 5841454 8834615 428825 73606 7596618 3579178 3172663 12495560 8454320 10426785 1930896 2127857 8593071 12134664 6505682 5571056 2995920
26491845 45419 0 10278156 8184669 14180774 9987886 3742522 13928959 2466792 14249553 7142772 7406442 5886873 8880034 474244 119025 7642037 3533759 3218082 12540979 8499739 10472204 1885477 2173276 8547652 12089245 6551101 5616475 3041339
16794229 10232737 10278156 0 15675227 8827848 290270 9915823 3650803 12509685 4046731 17420062 12395371 7771472 18669255 9803912 10159131 5759849 13811915 12547750 17529908 6617551 194048 12163633 8104880 18824942 10919377 8435700 15659368 13084232
30320758 8139250 8184669 15675227 0 17201469 15965497 10978703 12024424 10560623 12420352 15327441 15353061 13123054 16973865 7710425 8065644 15134677 11718428 4966587 20487598 15992379 15869275 10070146 9409457 16732321 19292998 13787282 13710306 11135170
23473379 14226193 14180774 8827848 17201469 0 9118118 10929829 5177045 12415860 5572973 17552592 20452212 8785478 15521155 14198107 14299799 10797101 13943579 16941945 25586749 11654803 9021896 12295297 15897139 16681017 2091529 9449706 15565543 12990407
16503959 9942467 9987886 290270 15965497 9118118 0 10206093 3941073 12363840 4261667 17130658 12685641 8061742 18777082 9513642 9868861 6050119 13521645 12257480 17820178 6907821 484318 11873363 7814610 18535538 11209647 8725970 15513523 12938387
26710052 3697103 3742522 9915823 10978703 10929829 10206093 0 13566626 6118476 13962554 10885294 10910914 2144351 12531718 3268278 3623497 4155974 7276281 6012116 16045451 5013676 10109871 5627999 4967310 12290174 8838300 2808579 9268159 6693023
18296334 13883540 13928959 3650803 12024424 5177045 3941073 13566626 0 16160488 395928 21070865 16046174 11422275 20698200 13454715 13809934 9410652 17462718 16198553 21180711 10268354 3844851 15814436 11755683 21858062 7268574 12086503 19310171 16735035
25479312 2421373 2466792 12509685 10560623 12415860 12363840 6118476 16160488 0 16556416 9609564 9782396 8262827 11255988 2850198 2494979 10017991 6000551 5594036 14916933 10875693 12315637 4352269 4549230 11014444 10324331 8927055 3149683 574547
18692262 14204134 14249553 4046731 12420352 5572973 4261667 13962554 395928 16556416 0 21392325 16442102 11818203 21094128 13775309 14130528 9806580 17783312 16519147 21576639 10664282 4240779 16135030 12076277 22253990 7664502 12482431 19706099 17130963
29835502 7188191 7142772 17420062 15327441 17552592 17130658 10885294 21070865 9609564 21392325 0 5024691 13029645 2564742 7617016 7261797 14784809 6905577 10360854 10159228 15642511 17614110 5257295 9316048 1404880 15461063 13693873 10613570 10184111
29189600 7361023 7406442 12395371 15353061 20452212 12685641 10910914 16046174 9782396 16442102 5024691 0 13055265 7589433 7642636 7287417 14957641 9805197 10386474 5134537 15815343 12589419 8156915 9341668 6429571 18360683 13719493 12932079 10356943
24565701 5841454 5886873 7771472 13123054 8785478 8061742 2144351 11422275 8262827 11818203 13029645 13055265 0 10897783 5412629 5767848 2011623 9420632 8156467 18189802 2869325 7965520 7772350 7111661 12057645 6693949 664228 11412510 8837374
29590484 8834615 8880034 18669255 16973865 15521155 18777082 12531718 20698200 11255988 21094128 2564742 7589433 10897783 0 9263440 8908221 12909406 9470319 12007278 12723970 13767108 18863303 7822037 10962472 1159862 17591732 11562011 11667627 11830535
26017601 428825 474244 9803912 7710425 14198107 9513642 3268278 13454715 2850198 13775309 7617016 7642636 5412629 9263440 0 355219 7424252 4008003 2743838 12777173 8281954 9997960 2359721 1699032 9021896 12106578 6076857 5999881 3424745
26372820 73606 119025 10159131 8065644 14299799 9868861 3623497 13809934 2494979 14130528 7261797 7287417 5767848 8908221 355219 0 7670224 3652784 3099057 12421954 8527926 10353179 2004502 2054251 8666677 12208270 6432076 5644662 3069526
22554078 7596618 7642037 5759849 15134677 10797101 6050119 4155974 9410652 10017991 9806580 14784809 14957641 2011623 12909406 7424252 7670224 0 11175796 10168090 20092178 857702 5953897 9527514 9123284 14069268 8705572 2675851 13167674 10592538
26037622 3579178 3533759 13811915 11718428 13943579 13521645 7276281 17462718 6000551 17783312 6905577 9805197 9420632 9470319 4008003 3652784 11175796 0 6751841 14939734 12033498 14005963 1648282 5707035 8310457 11852050 10084860 3707993 6575098
28761439 3172663 3218082 12547750 4966587 16941945 12257480 6012116 16198553 5594036 16519147 10360854 10386474 8156467 12007278 2743838 3099057 10168090 6751841 0 15521011 11025792 12524628 5103559 4442870 11765734 14850416 8820695 8743719 6168583
34324137 12495560 12540979 17529908 20487598 25586749 17820178 16045451 21180711 14916933 21576639 10159228 5134537 18189802 12723970 12777173 12421954 20092178 14939734 15521011 0 20949880 17723956 13291452 14476205 11564108 23495220 18854030 18066616 15491480
23411780 8454320 8499739 6617551 15992379 11654803 6907821 5013676 10268354 10875693 10664282 15642511 15815343 2869325 13767108 8281954 8527926 857702 12033498 11025792 20949880 0 6811599 10385216 9980986 14926970 9563274 3533553 14025376 11450240
16988277 10426785 10472204 194048 15869275 9021896 484318 10109871 3844851 12315637 4240779 17614110 12589419 7965520 18863303 9997960 10353179 5953897 14005963 12524628 17723956 6811599 0 12357681 8298928 19018990 11113425 8629748 15465320 12890184
27685904 1930896 1885477 12163633 10070146 12295297 11873363 5627999 15814436 4352269 16135030 5257295 8156915 7772350 7822037 2359721 2004502 9527514 1648282 5103559 13291452 10385216 12357681 0 4058753 6662175 10203768 8436578 5356275 4926816
24318569 2127857 2173276 8104880 9409457 15897139 7814610 4967310 11755683 4549230 12076277 9316048 9341668 7111661 10962472 1699032 2054251 9123284 5707035 4442870 14476205 9980986 8298928 4058753 0 10720928 13805610 7775889 7698913 5123777
28430622 8593071 8547652 18824942 16732321 16681017 18535538 12290174 21858062 11014444 22253990 1404880 6429571 12057645 1159862 9021896 8666677 14069268 8310457 11765734 11564108 14926970 19018990 6662175 10720928 0 16865943 12721873 12018450 11588991
25564908 12134664 12089245 10919377 19292998 2091529 11209647 8838300 7268574 10324331 7664502 15461063 18360683 6693949 17591732 12106578 12208270 8705572 11852050 14850416 23495220 9563274 11113425 10203768 13805610 16865943 0 7358177 13474014 10898878
25229929 6505682 6551101 8435700 13787282 9449706 8725970 2808579 12086503 8927055 12482431 13693873 13719493 664228 11562011 6076857 6432076 2675851 10084860 8820695 18854030 3533553 8629748 8436578 7775889 12721873 7358177 0 12076738 9501602
22329629 5571056 5616475 15659368 13710306 15565543 15513523 9268159 19310171 3149683 19706099 10613570 12932079 11412510 11667627 5999881 5644662 13167674 3707993 8743719 18066616 14025376 15465320 5356275 7698913 12018450 13474014 12076738 0 3724230
26053859 2995920 3041339 13084232 11135170 12990407 12938387 6693023 16735035 574547 17130963 10184111 10356943 8837374 11830535 3424745 3069526 10592538 6575098 6168583 15491480 11450240 12890184 4926816 5123777 11588991 10898878 9501602 3724230 0
40 444817808
0 9672793 11852092 9150302 9698483 7251254 13729992 3795661 10751794 5515147 6890448 9651088 7952237 5710106 7549884 3104594 3913806 7169135 10035738 9575618 9801739 6190897 9091547 6615652 7457665 8285148 11092913 6601910 10301323 8048204 6113638 6732937 8124395 5806764 9918617 5209457 16471815 9877336 10247051 6775940
9672793 0 11674848 9056519 6686642 7074010 15093623 11650239 7655800 7773483 6713204 9473844 6407180 5616323 7372640 10265679 5758987 4157294 6892394 6432274 8198941 9060613 9132850 3057141 5912608 3041281 13351249 8860246 10678446 5036363 9332262 6555693 10994111 8676480 9145836 8079173 15795506 9910149 8644253 7055207
11852092 11674848 0 12416779 8288764 5322450 7331825 8718984 15675117 6336945 4961644 2201004 8009302 8976583 5621080 11295570 10772883 7517554 9034583 9494703 7872935 7624075 9913345 13474729 7514730 8633567 11914711 7423708 3187146 6638485 11036961 5119155 9557573 7239942 6781141 6642635 11159600 2637309 8318247 5937613
9150302 9056519 12416779 0 7428573 7815941 6037104 12392170 14712349 8503670 7455135 10215775 6949178 3440196 8114571 10807677 5236496 4899225 9866351 9406231 10366426 9790800 9874781 7938342 6454606 6015238 14081436 9590433 9337341 5778294 10074193 7297624 11724298 9406667 12119793 8809360 17036502 10652080 10811738 7797138
9698483 6686642 8288764 7428573 0 3687926 13213624 10022293 12342472 4387399 3327120 6087760 3021096 3988377 3986556 6879595 5784677 2529348 7496474 7036354 6080200 5674529 2446208 8486523 2526524 3645361 6727050 4935845 7292362 1650279 7704316 3169609 7608027 5290396 9402249 4693089 12908487 6524065 6525512 3669123
7251254 7074010 5322450 7815941 3687926 0 10061287 9559068 11879247 1736107 360806 3121446 3408464 4375745 298630 6694732 6172045 2916716 7883842 7423722 3272097 3023237 5312507 8873891 2913892 4032729 7313873 2822870 4960014 2037647 7241091 518317 4956735 2639104 6750957 2041797 10257195 3557751 3717409 1336775
13729992 15093623 7331825 6037104 13213624 10061287 0 15747532 18067711 8826225 10201526 9532829 12934162 9477300 9762657 13586557 11273600 10936329 11782840 12242960 13112817 9501975 11500971 13975446 12439590 12052342 13502337 9011334 10518971 11563345 13429555 10044015 11435473 7923228 12035081 8520535 18491425 9969134 13558129 10862473
3795661 11650239 8718984 12392170 10022293 9559068 15747532 0 6956133 7822961 9198262 6517980 9742831 8951974 9857698 6900255 7709467 7492945 12460071 11999951 12109553 9110091 8512060 10411313 9248259 8608958 11227201 6736198 11906130 8372014 2317977 9040751 10820870 7824304 11936157 8128651 14603966 6081675 12554865 9859209
10751794 7655800 15675117 14712349 12342472 11879247 18067711 6956133 0 10143140 11518441 13474113 11255154 11272153 12177877 13856388 13068453 9813124 14548194 14088074 14429732 11430270 10832239 10712941 11568438 10697081 13547380 9056377 14639042 10692193 4638156 11360930 13141049 10144483 14256336 10448830 21099808 13037808 14875044 12179388
5515147 7773483 6336945 8503670 4387399 1736107 8826225 7822961 10143140 0 1375301 4135941 4107937 5063474 2034737 4958625 6859774 3616189 7268292 7728412 4286592 1287130 3576400 7914864 3613365 4732202 5577766 1086763 5397556 2737120 5504984 1217790 3220628 902997 5014850 305690 10956668 4572246 4731904 2036248
6890448 6713204 4961644 7455135 3327120 360806 10201526 9198262 11518441 1375301 0 2760640 3047658 4014939 659436 6333926 5811239 2555910 7523036 7062916 2911291 2662431 4951701 8513085 2553086 3671923 6953067 2462064 4599208 1676841 6880285 157511 4595929 2278298 6390151 1680991 9896389 3196945 3356603 975969
9651088 9473844 2201004 10215775 6087760 3121446 9532829 6517980 13474113 4135941 2760640 0 5808298 6775579 3420076 9094566 8571879 5316550 10283676 9823556 5671931 5423071 7712341 11273725 5313726 6432563 9713707 5222704 5388150 4437481 8835957 2918151 7356569 5038938 8982145 4441631 8958596 436305 6117243 3736609
7952237 6407180 8009302 6949178 3021096 3408464 12934162 9742831 11255154 4107937 3047658 5808298 0 3708915 3707094 4847643 5505215 2249886 7217012 6756892 5958949 5395067 3953653 8207061 494572 3365899 8234495 5194700 7012900 1370817 7424854 2890147 7328565 5010934 9122787 4413627 12629025 6244603 6404261 3389661
5710106 5616323 8976583 3440196 3988377 4375745 9477300 8951974 11272153 5063474 4014939 6775579 3708915 0 4674375 7567414 1796300 1459029 6426155 5966035 6926230 6350604 6434585 4498146 3214343 2575042 10641240 6150237 5897145 2338098 6633997 3857428 8284102 5966471 8679597 5369164 13596306 7211884 7371542 4356942
7549884 7372640 5621080 8114571 3986556 298630 9762657 9857698 12177877 2034737 659436 3420076 3707094 4674375 0 6993362 6470675 3215346 8182472 7722352 3570727 3321867 5611137 9172521 3212522 4331359 7612503 3121500 5258644 2336277 7539721 816947 5255365 2937734 7049587 2340427 10555825 3856381 4016039 1635405
3104594 10265679 11295570 10807677 6879595 6694732 13586557 6900255 13856388 4958625 6333926 9094566 4847643 7567414 6993362 0 7018400 6108385 10209160 10615391 9245217 6047462 8535025 9720246 4353071 7224398 10536391 6045388 10157888 5229316 9218232 6176415 7980960 5663329 7955718 5066022 15915293 9530871 9690529 6994873
3913806 5758987 10772883 5236496 5784677 6172045 11273600 7709467 13068453 6859774 5811239 8571879 5505215 1796300 6470675 7018400 0 3255329 6121932 5661812 8722530 8146904 8230885 2701846 5010643 4371342 12437540 7946537 7693445 4134398 8430297 5653728 10080402 7762771 8375374 7165464 15025044 9008184 9167842 6153242
7169135 4157294 7517554 4899225 2529348 2916716 10936329 7492945 9813124 3616189 2555910 5316550 2249886 1459029 3215346 6108385 3255329 0 4967126 4507006 5467201 4903319 4975556 5957175 1755314 1116013 9193955 4702952 6521152 879069 5174968 2398399 6836817 4519186 7220568 3921879 12137277 5752855 5912513 2897913
10035738 6892394 9034583 9866351 7496474 7883842 11782840 12460071 14548194 7268292 7523036 10283676 7217012 6426155 8182472 10209160 6121932 4967126 0 460120 9008773 7944042 9942682 8823778 6722440 3851113 11944404 7453401 7932646 5846195 10142094 7365525 9877540 6365295 2253442 6962602 9823352 10719981 9454085 7865039
9575618 6432274 9494703 9406231 7036354 7423722 12242960 11999951 14088074 7728412 7062916 9823556 6756892 5966035 7722352 10615391 5661812 4507006 460120 0 8548653 8404162 9482562 8363658 6262320 3390993 12404524 7913521 8392766 5386075 9681974 6905405 10337660 6825415 2713562 7422722 9363232 10259861 8993965 7404919
9801739 8198941 7872935 10366426 6080200 3272097 13112817 12109553 14429732 4286592 2911291 5671931 5958949 6926230 3570727 9245217 8722530 5467201 9008773 8548653 0 5573722 7862992 11256082 5464377 5157660 9864358 5373355 7510499 4588132 9791576 3068802 7507220 5189589 9301442 4592282 12807680 6108236 445312 3887260
6190897 9060613 7624075 9790800 5674529 3023237 9501975 9110091 11430270 1287130 2662431 5423071 5395067 6350604 3321867 6047462 8146904 4903319 7944042 8404162 5573722 0 4863530 8590614 4900495 6019332 6864896 2373893 5771192 4024250 6792114 2504920 1933498 1578747 5690600 981440 12243798 5859376 6019034 2147953
9091547 9132850 9913345 9874781 2446208 5312507 11500971 8512060 10832239 3576400 4951701 7712341 3953653 6434585 5611137 8535025 8230885 4975556 9942682 9482562 7862992 4863530 0 10589610 4448225 6091569 4280842 2489637 8072302 4096487 6194083 4794190 6797028 3577743 7689596 3882090 14533068 8148646 8308304 5612648
6615652 3057141 13474729 7938342 8486523 8873891 13975446 10411313 10712941 7914864 8513085 11273725 8207061 4498146 9172521 9720246 2701846 5957175 8823778 8363658 11256082 8590614 10589610 0 7712489 6098422 12590976 8099973 10395291 6836244 11132143 8355574 10524112 7011867 11077220 7609174 17726890 11710030 11701394 8855088
7457665 5912608 7514730 6454606 2526524 2913892 12439590 9248259 11568438 3613365 2553086 5313726 494572 3214343 3212522 4353071 5010643 1755314 6722440 6262320 5464377 4900495 4448225 7712489 0 2871327 8729067 4700128 6518328 876245 6930282 2395575 6833993 4516362 8628215 3919055 12134453 5750031 5909689 2895089
8285148 3041281 8633567 6015238 3645361 4032729 12052342 8608958 10697081 4732202 3671923 6432563 3365899 2575042 4331359 7224398 4371342 1116013 3851113 3390993 5157660 6019332 6091569 6098422 2871327 0 10309968 5818965 7637165 1995082 6290981 3514412 7952830 5635199 6104555 5037892 12754225 6868868 5602972 4013926
11092913 13351249 11914711 14081436 6727050 7313873 13502337 11227201 13547380 5577766 6953067 9713707 8234495 10641240 7612503 10536391 12437540 9193955 11944404 12404524 9864358 6864896 4280842 12590976 8729067 10309968 0 4491003 10073668 8314886 8909224 6795556 8798394 5579109 9690962 5883456 16534434 10150012 10309670 7614014
6601910 8860246 7423708 9590433 4935845 2822870 9011334 6736198 9056377 1086763 2462064 5222704 5194700 6150237 3121500 6045388 7946537 4702952 7453401 7913521 5373355 2373893 2489637 8099973 4700128 5818965 4491003 0 5582665 3823883 4418221 2304553 4307391 1088106 5199959 1392453 12043431 5659009 5818667 3123011
10301323 10678446 3187146 9337341 7292362 4960014 10518971 11906130 14639042 5397556 4599208 5388150 7012900 5897145 5258644 10157888 7693445 6521152 7932646 8392766 7510499 5771192 8072302 10395291 6518328 7637165 10073668 5582665 0 5642083 10000886 4441697 7704690 4494559 5679204 5091866 14180575 5824455 7955811 3623239
8048204 5036363 6638485 5778294 1650279 2037647 11563345 8372014 10692193 2737120 1676841 4437481 1370817 2338098 2336277 5229316 4134398 879069 5846195 5386075 4588132 4024250 4096487 6836244 876245 1995082 8314886 3823883 5642083 0 6054037 1519330 5957748 3640117 7751970 3042810 11258208 4873786 5033444 2018844
6113638 9332262 11036961 10074193 7704316 7241091 13429555 2317977 4638156 5504984 6880285 8835957 7424854 6633997 7539721 9218232 8430297 5174968 10142094 9681974 9791576 6792114 6194083 11132143 6930282 6290981 8909224 4418221 10000886 6054037 0 6722774 8502893 5506327 9618180 5810674 16461652 8399652 10236888 7541232
6732937 6555693 5119155 7297624 3169609 518317 10044015 9040751 11360930 1217790 157511 2918151 2890147 3857428 816947 6176415 5653728 2398399 7365525 6905405 3068802 2504920 4794190 8355574 2395575 3514412 6795556 2304553 4441697 1519330 6722774 0 4438418 2120787 6232640 1523480 9738878 3354456 3514114 818458
8124395 10994111 9557573 11724298 7608027 4956735 11435473 10820870 13141049 3220628 4595929 7356569 7328565 8284102 5255365 7980960 10080402 6836817 9877540 10337660 7507220 1933498 6797028 10524112 6833993 7952830 8798394 4307391 7704690 5957748 8502893 4438418 0 3512245 7624098 2914938 14177296 7792874 7952532 4081451
5806764 8676480 7239942 9406667 5290396 2639104 7923228 7824304 10144483 902997 2278298 5038938 5010934 5966471 2937734 5663329 7762771 4519186 6365295 6825415 5189589 1578747 3577743 7011867 4516362 5635199 5579109 1088106 4494559 3640117 5506327 2120787 3512245 0 4111853 597307 11859665 5475243 5634901 2939245
9918617 9145836 6781141 12119793 9402249 6750957 12035081 11936157 14256336 5014850 6390151 8982145 9122787 8679597 7049587 7955718 8375374 7220568 2253442 2713562 9301442 5690600 7689596 11077220 8628215 6104555 9690962 5199959 5679204 7751970 9618180 6232640 7624098 4111853 0 4709160 12076794 9418450 9746754 7051098
5209457 8079173 6642635 8809360 4693089 2041797 8520535 8128651 10448830 305690 1680991 4441631 4413627 5369164 2340427 5066022 7165464 3921879 6962602 7422722 4592282 981440 3882090 7609174 3919055 5037892 5883456 1392453 5091866 3042810 5810674 1523480 2914938 597307 4709160 0 11262358 4877936 5037594 2341938
16471815 15795506 11159600 17036502 12908487 10257195 18491425 14603966 21099808 10956668 9896389 8958596 12629025 13596306 10555825 15915293 15025044 12137277 9823352 9363232 12807680 12243798 14533068 17726890 12134453 12754225 16534434 12043431 14180575 11258208 16461652 9738878 14177296 11859665 12076794 11262358 0 8522291 13252992 10557336
9877336 9910149 2637309 10652080 6524065 3557751 9969134 6081675 13037808 4572246 3196945 436305 6244603 7211884 3856381 9530871 9008184 5752855 10719981 10259861 6108236 5859376 8148646 11710030 5750031 6868868 10150012 5659009 5824455 4873786 8399652 3354456 7792874 5475243 9418450 4877936 8522291 0 6553548 4172914
10247051 8644253 8318247 10811738 6525512 3717409 13558129 12554865 14875044 4731904 3356603 6117243 6404261 7371542 4016039 9690529 9167842 5912513 9454085 8993965 445312 6019034 8308304 11701394 5909689 5602972 10309670 5818667 7955811 5033444 10236888 3514114 7952532 5634901 9746754 5037594 13252992 6553548 0 4332572
6775940 7055207 5937613 7797138 3669123 1336775 10862473 9859209 12179388 2036248 975969 3736609 3389661 4356942 1635405 6994873 6153242 2897913 7865039 7404919 3887260 2147953 5612648 8855088 2895089 4013926 7614014 3123011 3623239 2018844 7541232 818458 4081451 2939245 7051098 2341938 10557336 4172914 4332572 0
32 872225604
0 16013079 12067085 33161217 21647137 27889509 22300393 17898922 9735981 18073207 15746192 12556542 11573344 11262275 12319010 7313247 27110629 19271202 19913075 8716881 5111585 12054357 4337303 10216942 14722840 16869688 26098099 10022211 26506738 7844010 4954863 54272891
16013079 0 8035742 32680351 17615794 12302859 18269050 13867579 20542926 25237625 12533934 13943127 11966935 18426693 8711105 8699832 11097550 15239859 15881732 10103466 15918530 17634611 20305404 11603527 13557286 13812312 22066756 5990868 33671156 16798697 16075252 55659476
12067085 8035742 0 32177255 9580052 20338601 10233308 5831837 17634748 28359301 4498192 9997133 8046611 21548369 16668903 4753838 19133292 7204117 7845990 6157472 13010352 20756287 16359410 7657533 5521544 16420615 14031014 2044874 36119199 12852703 13167074 51713482
33161217 32680351 32177255 0 25708602 31264463 42410563 29456817 35250538 41365312 36675447 29859444 36134118 34554380 36531214 27423417 43777901 30829097 31470970 26019783 30626142 35346462 28823914 27519844 37698799 18868039 28135946 30132381 49798843 25317207 30782864 71575793
21647137 17615794 9580052 25708602 0 28335817 17376777 3748215 23223062 26275679 14078244 19577185 17626663 19464747 20346182 14333890 28713344 5120495 5762368 15737524 18598666 18672665 25939462 17237585 15101596 6840563 4450962 11624926 34709210 22432755 18755388 49362021
27889509 12302859 20338601 31264463 28335817 0 30571909 24587602 32845785 37540484 24836793 23012289 24269794 30729552 21013964 20576262 23400409 24559511 25201384 19172628 28221389 29937470 29557673 20672689 25860145 26115171 32786779 18293727 45974015 26050966 28378111 64728638
22300393 18269050 10233308 42410563 17376777 30571909 0 16065145 27868056 38592609 14731500 20230441 18279919 31781677 26902211 14987146 29366600 17437425 18079298 16390780 23243660 30989595 26592718 17890841 15754852 24217340 21827739 12278182 39994596 23086011 23400382 61946790
17898922 13867579 5831837 29456817 3748215 24587602 16065145 0 23466585 22527464 10330029 15828970 13878448 15716532 22500740 10585675 24965129 1372280 2014153 11989309 18842189 14924450 22191247 13489370 11353381 10588778 8199177 7876711 30960995 18684540 18998911 53110236
9735981 20542926 17634748 35250538 23223062 32845785 27868056 23466585 0 18565388 22132940 18503591 21309325 11754456 11831821 17049228 31640476 24838865 25480738 18452862 4624396 12546538 14073284 19952923 23156292 16382499 27674024 15589874 26998919 17579991 4781118 60589129
18073207 25237625 28359301 41365312 26275679 37540484 38592609 22527464 18565388 0 32857493 24960488 29646551 6810932 23499756 24000541 36335175 23899744 24541617 24120949 16292331 7603014 13735904 22620888 32796047 28050434 30726641 26709505 22055395 17242611 16135609 66676837
15746192 12533934 4498192 36675447 14078244 24836793 14731500 10330029 22132940 32857493 0 14495325 12544803 26046561 21167095 9252030 23631484 11702309 12344182 10655664 17508544 25254479 20083495 12155725 1023352 20918807 13059243 6543066 40617391 17350895 17665266 56211674
12556542 13943127 9997133 29859444 19577185 23012289 20230441 15828970 18503591 24960488 14495325 0 13953996 18149556 6671770 5243295 25040677 15951805 15309932 3839661 13879195 18941638 11224584 2339600 15518677 25637298 22566990 7952259 30801266 7717877 14035917 46395549
11573344 11966935 8046611 36134118 17626663 24269794 18279919 13878448 21309325 29646551 12544803 13953996 0 22835619 20625766 8710701 16171593 15250728 15892601 10114335 16684929 23627701 15910647 11614396 13568155 24467226 22077625 6001737 38080082 16809566 16528207 55670345
11262275 18426693 21548369 34554380 19464747 30729552 31781677 15716532 11754456 6810932 26046561 18149556 22835619 0 23581285 18530544 29524243 17088812 17730685 17310017 16373860 792082 6924972 15809956 25985115 26305310 23915709 21239508 15244463 10431679 16217138 59865905
12319010 8711105 16668903 36531214 20346182 21013964 26902211 22500740 11831821 23499756 21167095 6671770 20625766 23581285 0 11915065 19808655 22623575 21981702 10511431 7207425 24373367 16656313 9011370 22187757 18965528 15895220 14624029 37473036 14389647 7364147 53067319
7313247 8699832 4753838 27423417 14333890 20576262 14987146 10585675 17049228 24000541 9252030 5243295 8710701 18530544 11915065 0 19797382 11957955 12599828 1403634 12424832 19322626 11605572 2903695 10275382 21174453 18784852 2708964 31365361 8098865 12268110 46959644
27110629 11097550 19133292 43777901 28713344 23400409 29366600 24965129 31640476 36335175 23631484 25040677 16171593 29524243 19808655 19797382 0 26337409 26979282 21201016 27016080 28732161 31402954 22701077 24654836 24909862 33164306 17088418 44768706 27896247 27172802 66757026
19271202 15239859 7204117 30829097 5120495 24559511 17437425 1372280 24838865 23899744 11702309 15951805 15250728 17088812 22623575 11957955 26337409 0 641873 13361589 20214469 16296730 23563527 14861650 12725661 11961058 9571457 9248991 32333275 20056820 20371191 54482516
19913075 15881732 7845990 31470970 5762368 25201384 18079298 2014153 25480738 24541617 12344182 15309932 15892601 17730685 21981702 12599828 26979282 641873 0 14003462 20856342 16938603 24205400 15503523 13367534 12602931 10213330 9890864 32975148 20698693 21013064 55124389
8716881 10103466 6157472 26019783 15737524 19172628 16390780 11989309 18452862 24120949 10655664 3839661 10114335 17310017 10511431 1403634 21201016 13361589 14003462 0 13828466 18102099 10385045 1500061 11679016 22578087 20188486 4112598 29961727 6878338 13671744 45556010
5111585 15918530 13010352 30626142 18598666 28221389 23243660 18842189 4624396 16292331 17508544 13879195 16684929 16373860 7207425 12424832 27016080 20214469 20856342 13828466 0 17165942 9448888 15328527 18531896 11758103 23049628 10965478 31618323 12955595 156722 59384476
12054357 17634611 20756287 35346462 18672665 29937470 30989595 14924450 12546538 7603014 25254479 18941638 23627701 792082 24373367 19322626 28732161 16296730 16938603 18102099 17165942 0 7717054 16602038 26277831 25513228 23123627 22031590 16036545 11223761 17009220 60657987
4337303 20305404 16359410 28823914 25939462 29557673 26592718 22191247 14073284 13735904 20083495 11224584 15910647 6924972 16656313 11605572 31402954 23563527 24205400 10385045 9448888 7717054 0 8884984 19060143 21206991 27535737 14314536 22169435 3506707 9292166 52940933
10216942 11603527 7657533 27519844 17237585 20672689 17890841 13489370 19952923 22620888 12155725 2339600 11614396 15809956 9011370 2903695 22701077 14861650 15503523 1500061 15328527 16602038 8884984 0 13179077 24078148 21688547 5612659 28461666 5378277 15171805 44055949
14722840 13557286 5521544 37698799 15101596 25860145 15754852 11353381 23156292 32796047 1023352 15518677 13568155 25985115 22187757 10275382 24654836 12725661 13367534 11679016 18531896 26277831 19060143 13179077 0 21942159 14082595 7566418 41229578 18374247 18688618 57235026
16869688 13812312 16420615 18868039 6840563 26115171 24217340 10588778 16382499 28050434 20918807 25637298 24467226 26305310 18965528 21174453 24909862 11961058 12602931 22578087 11758103 25513228 21206991 24078148 21942159 0 11291525 18465489 41549773 24713698 11914825 56202584
26098099 22066756 14031014 28135946 4450962 32786779 21827739 8199177 27674024 30726641 13059243 22566990 22077625 23915709 15895220 18784852 33164306 9571457 10213330 20188486 23049628 23123627 27535737 21688547 14082595 11291525 0 16075888 39160172 26883717 23206350 44911059
10022211 5990868 2044874 30132381 11624926 18293727 12278182 7876711 15589874 26709505 6543066 7952259 6001737 21239508 14624029 2708964 17088418 9248991 9890864 4112598 10965478 22031590 14314536 5612659 7566418 18465489 16075888 0 34074325 10807829 11122200 49668608
26506738 33671156 36119199 49798843 34709210 45974015 39994596 30960995 26998919 22055395 40617391 30801266 38080082 15244463 37473036 31365361 44768706 32333275 32975148 29961727 31618323 16036545 22169435 28461666 41229578 41549773 39160172 34074325 0 25676142 31461601 72517615
7844010 16798697 12852703 25317207 22432755 26050966 23086011 18684540 17579991 17242611 17350895 7717877 16809566 10431679 14389647 8098865 27896247 20056820 20698693 6878338 12955595 11223761 3506707 5378277 18374247 24713698 26883717 10807829 25676142 0 12798873 49434226
4954863 16075252 13167074 30782864 18755388 28378111 23400382 18998911 4781118 16135609 17665266 14035917 16528207 16217138 7364147 12268110 27172802 20371191 21013064 13671744 156722 17009220 9292166 15171805 18688618 11914825 23206350 11122200 31461601 12798873 0 59227754
54272891 55659476 51713482 71575793 49362021 64728638 61946790 53110236 60589129 66676837 56211674 46395549 55670345 59865905 53067319 46959644 66757026 54482516 55124389 45556010 59384476 60657987 52940933 44055949 57235026 56202584 44911059 49668608 72517615 49434226 59227754 0
31 885852979
0 18680560 21717356 6702081 36729626 27576288 1499387 9395600 32699162 19560380 18811890 191343 14110346 28426555 11881541 17961573 13439508 9847445 6545299 1042442 19746764 14924662 34762635 14974403 7488249 23515729 19768897 20668992 4750711 11176069 32027066
18680560 0 3389826 18919496 33232866 36443892 20179947 28076160 25873581 8298832 27679494 18871903 17815185 29630695 19997717 8222106 25656923 22064860 18900022 19723002 1066204 27279385 29911241 16951128 19842972 20241349 32418202 23380166 21432968 7504491 24636636
21717356 3389826 0 21787351 36622692 33054066 20217969 31112956 22483755 4909006 24289668 21526013 21205011 26240869 16607891 4832280 23486073 19894010 17924087 22759798 2323622 24417550 26521415 20340954 16981137 16851523 29028376 19990340 18043142 10894317 21246810
6702081 18919496 21787351 0 35722836 23574059 8201468 14012797 27152997 16878345 14809661 6893424 20812427 33043752 5179460 24663654 6737427 3145364 13247380 5659639 19985700 21626743 28060554 21676484 14190330 20623812 17599945 13966911 11452792 17878150 25916052
36729626 33232866 36622692 35722836 0 59296895 36702698 46125226 41051923 41531698 50532497 36538283 43362238 61500726 30543376 41454972 42460263 38868200 31656786 37772068 34299070 23277423 53424470 44226295 30713836 31868490 25759613 38525391 41097651 40737357 42288868
27576288 36443892 33054066 23574059 59296895 0 28692989 36971888 45873261 37963072 8764398 27384945 41303948 56002843 28753519 28221786 30311486 26719423 33738901 28618730 35377688 42118264 51634613 42168005 34681851 39309557 39740046 32652656 31944313 38752357 44636316
1499387 20179947 20217969 8201468 36702698 28692989 0 10894987 31199775 18060993 19928591 1308044 15227047 29925942 13380928 19078274 14938895 11346832 5045912 2541829 21246151 13425275 36262022 16091104 5988862 22016342 21268284 21083073 5867412 12675456 32436720
9395600 28076160 31112956 14012797 46125226 36971888 10894987 0 41165794 28955980 28207490 9586943 23505946 19030955 19192257 27357173 20750224 17158161 15940899 8353158 29142364 24320262 27720605 24370003 16883849 27774771 27079613 21117870 14146311 20571669 39928849
32699162 25873581 22483755 27152997 41051923 45873261 31199775 41165794 0 27392761 37108863 32507819 30973721 48724624 32332457 17651475 33890424 30298361 26153863 32812636 24807377 17774500 40926830 30109664 25210913 26365567 42976302 33022468 28760786 22087942 1236945
19560380 8298832 4909006 16878345 41531698 37963072 18060993 28955980 27392761 0 29198674 19369037 24720533 31149875 11698885 9741286 18577067 14985004 13015081 20602822 7232628 19508544 21612409 25249960 12072131 11942517 24119370 18599418 22952148 15803323 26155816
18811890 27679494 24289668 14809661 50532497 8764398 19928591 28207490 37108863 29198674 0 18620547 32539550 47238445 19989121 19457388 21547088 17955025 24974503 19854332 26613290 33353866 42870215 33403607 25917453 30545159 32409606 23888258 23179915 29987959 35871918
191343 18871903 21526013 6893424 36538283 27384945 1308044 9586943 32507819 19369037 18620547 0 13919003 28617898 12072884 17770230 13630851 10038788 6353956 1233785 19938107 14733319 34953978 14783060 7296906 23324386 19960240 20860335 4559368 11367412 32083209
14110346 17815185 21205011 20812427 43362238 41303948 15227047 23505946 30973721 24720533 32539550 13919003 0 42536901 25991887 26037291 27549854 23957791 11705452 15152788 18881389 20084815 46332942 864057 12648402 23358743 33879243 16701842 18478371 25286415 29736776
28426555 29630695 26240869 33043752 61500726 56002843 29925942 19030955 48724624 31149875 47238445 28617898 42536901 0 30957350 31073149 39781179 36189116 34971854 27384113 28564491 43351217 46751560 43400958 35914804 39436816 43377835 32779915 33177266 37135186 47487679
11881541 19997717 16607891 5179460 30543376 28753519 13380928 19192257 32332457 11698885 19989121 12072884 25991887 30957350 0 21440171 11916887 8324824 18426840 10839099 18931513 25558296 22881094 26855944 18121883 23641402 12420485 19146371 16632252 23057610 31095512
17961573 8222106 4832280 24663654 41454972 28221786 19078274 27357173 17651475 9741286 19457388 17770230 26037291 31073149 21440171 0 28318353 24726290 22756367 19004015 7155902 29249830 31353695 25173234 21813417 21683803 33860656 24822620 13210862 15726597 16414530
13439508 25656923 23486073 6737427 42460263 30311486 14938895 20750224 33890424 18577067 21547088 13630851 27549854 39781179 11916887 28318353 0 3592063 19984807 12397066 25809695 27875120 34797981 28413911 20438707 27361239 24337372 20704338 18190219 24615577 32653479
9847445 22064860 19894010 3145364 38868200 26719423 11346832 17158161 30298361 14985004 17955025 10038788 23957791 36189116 8324824 24726290 3592063 0 16392744 8805003 22217632 24772107 31205918 24821848 17335694 23769176 20745309 17112275 14598156 21023514 29061416
6545299 18900022 17924087 13247380 31656786 33738901 5045912 15940899 26153863 13015081 24974503 6353956 11705452 34971854 18426840 22756367 19984807 16392744 0 7587741 17833818 8379363 34627490 12569509 942950 16970430 26314196 16037161 10913324 17721368 27390808
1042442 19723002 22759798 5659639 37772068 28618730 2541829 8353158 32812636 20602822 19854332 1233785 15152788 27384113 10839099 19004015 12397066 8805003 7587741 0 20789206 15967104 33720193 16016845 8530691 24558171 18726455 19626550 5793153 12218511 31575691
19746764 1066204 2323622 19985700 34299070 35377688 21246151 29142364 24807377 7232628 26613290 19938107 18881389 28564491 18931513 7155902 25809695 22217632 17833818 20789206 0 26213181 28845037 18017332 18776768 19175145 31351998 22313962 20366764 8570695 23570432
14924662 27279385 24417550 21626743 23277423 42118264 13425275 24320262 17774500 19508544 33353866 14733319 20084815 43351217 25558296 29249830 27875120 24772107 8379363 15967104 26213181 0 41120953 20948872 7436413 8591067 34693559 15247968 19292687 26100731 19011445
34762635 29911241 26521415 28060554 53424470 51634613 36262022 27720605 40926830 21612409 42870215 34953978 46332942 46751560 22881094 31353695 34797981 31205918 34627490 33720193 28845037 41120953 0 46862369 33684540 33554926 35301579 40211827 39513346 37415732 42163775
14974403 16951128 20340954 21676484 44226295 42168005 16091104 24370003 30109664 25249960 33403607 14783060 864057 43400958 26855944 25173234 28413911 24821848 12569509 16016845 18017332 20948872 46862369 0 13512459 22494686 34743300 15837785 19342428 24455619 28872719
7488249 19842972 16981137 14190330 30713836 34681851 5988862 16883849 25210913 12072131 25917453 7296906 12648402 35914804 18121883 21813417 20438707 17335694 942950 8530691 18776768 7436413 33684540 13512459 0 16027480 27257146 15094211 11856274 18664318 26447858
23515729 20241349 16851523 20623812 31868490 39309557 22016342 27774771 26365567 11942517 30545159 23324386 23358743 39436816 23641402 21683803 27361239 23769176 16970430 24558171 19175145 8591067 33554926 22494686 16027480 0 36061887 6656901 27883754 27108189 27602512
19768897 32418202 29028376 17599945 25759613 39740046 21268284 27079613 42976302 24119370 32409606 19960240 33879243 43377835 12420485 33860656 24337372 20745309 26314196 18726455 31351998 34693559 35301579 34743300 27257146 36061887 0 31566856 24519608 30944966 43515997
20668992 23380166 19990340 13966911 38525391 32652656 21083073 21117870 33022468 18599418 23888258 20860335 16701842 32779915 19146371 24822620 20704338 17112275 16037161 19626550 22313962 15247968 40211827 15837785 15094211 6656901 31566856 0 25419703 20451288 34259413
4750711 21432968 18043142 11452792 41097651 31944313 5867412 14146311 28760786 22952148 23179915 4559368 18478371 33177266 16632252 13210862 18190219 14598156 10913324 5793153 20366764 19292687 39513346 19342428 11856274 27883754 24519608 25419703 0 15926780 27523841
11176069 7504491 10894317 17878150 40737357 38752357 12675456 20571669 22087942 15803323 29987959 11367412 25286415 37135186 23057610 15726597 24615577 21023514 17721368 12218511 8570695 26100731 37415732 24455619 18664318 27108189 30944966 20451288 15926780 0 20850997
32027066 24636636 21246810 25916052 42288868 44636316 32436720 39928849 1236945 26155816 35871918 32083209 29736776 47487679 31095512 16414530 32653479 29061416 27390808 31575691 23570432 19011445 42163775 28872719 26447858 27602512 43515997 34259413 27523841 20850997 0
37 759077778
0 23558471 11044887 14702142 9695360 9497666 14212927 21497559 10622767 11028458 2465897 11846398 9840166 366182 10331363 13066353 9854648 4807261 11043212 25600188 16396190 16938604 20081012 22293668 13440258 14050286 19334484 22589288 16226521 8521234 15817974 16227037 4326632 22842205 14546751 23130204 10579616
23558471 0 27307178 18869893 13863111 23441615 17239584 27781807 14790518 15196209 21092574 22396758 22003568 23924653 27065663 17234104 16138896 18751210 12515259 34663651 19422847 19270663 21553059 35817360 17023934 18218037 25421945 26002138 25531481 22465183 10902110 29463085 26137560 20183573 24921267 3589880 19884576
11044887 27307178 0 23405871 18399089 8820585 16604550 27118914 19326496 19732187 13510784 22891285 20885053 11411069 20152326 21770082 20899535 13510990 19746941 35421151 18787813 19330227 22475470 31281808 15831881 22754015 18606584 24980911 18618144 14044278 24521703 21750081 6718255 33887092 23394317 29265935 12971239
14702142 18869893 23405871 0 5006782 14585286 11078959 21621182 4109997 6339880 12236245 14769464 11323047 15068324 20101711 1635789 9978271 9894881 6354634 35370536 13262222 13110038 13244987 29656735 24223111 651856 17113873 23759185 25235436 13608854 11129396 14183561 18895468 17624615 14240746 18309976 25148452
9695360 13863111 18399089 5006782 0 9578504 6072177 16614400 927407 1333098 7229463 9762682 8140457 10061542 15094929 3370993 4971489 4888099 1347852 30363754 8255440 8103256 10385652 24649953 19216329 4354926 14254538 18752403 22052846 8602072 6122614 16307875 13888686 16657223 11058156 13434844 20141670
9497666 23441615 8820585 14585286 9578504 0 15650681 26192904 10505911 10911602 7031769 19341186 17718961 9863848 14897235 12949497 14549993 4690405 10926356 30166060 17833944 17681760 19964156 29311096 22937924 13933430 23833042 28330907 25724187 8404378 15701118 16110181 13824298 26235727 20636660 23013348 20077282
14212927 17239584 16604550 11078959 6072177 15650681 0 19990873 6999584 7405275 13301640 15834859 14212634 14579109 20786131 9443170 8347962 10960276 4724325 36054956 2183263 2725677 13762125 19272374 18999921 10427103 10793553 22128876 21786184 14674249 12194791 12918099 9886295 22729400 15581286 19507021 16139279
21497559 27781807 27118914 21621182 16614400 26192904 19990873 0 17541807 17947498 23843863 26377082 24754857 21863741 21328762 19985393 11642911 21502499 15266548 25075313 22174136 22021952 22543432 32639249 17008317 20969326 26412318 2138003 8500770 25216472 22737014 22054257 20400659 27648299 27672556 30049244 14147675
10622767 14790518 19326496 4109997 927407 10505911 6999584 17541807 0 2260505 8156870 10690089 7213050 10988949 16022336 4298400 5898896 5815506 2275259 31291161 9182847 9030663 11313059 25577360 20143736 3458141 14918482 19679810 21125439 9529479 7050021 16989846 14816093 17584630 10130749 14362251 21069077
11028458 15196209 19732187 6339880 1333098 10911602 7405275 17947498 2260505 0 8562561 8429584 9473555 11394640 16428027 4704091 6304587 6221197 2680950 31190663 9588538 9436354 11718750 25983051 20549427 5688024 15587636 20085501 23385944 9935170 4789516 17640973 15221784 17990321 12391254 12101746 21474768
2465897 21092574 13510784 12236245 7229463 7031769 13301640 23843863 8156870 8562561 0 14312295 12306063 2832079 7865466 10600456 12200952 2341364 8577315 23134291 15484903 15332719 17615115 24759565 15906155 11584389 21484001 25055185 18692418 6055337 13352077 13761140 6792529 23886686 17012648 20664307 13045513
11846398 22396758 22891285 14769464 9762682 19341186 15834859 26377082 10690089 8429584 14312295 0 17903139 11480216 22177761 13133675 14734171 14650781 11110534 37446586 18018122 17865938 20148334 33407702 24604469 14117608 24017220 28515085 28072919 18364754 13219100 12185131 16173030 24051826 20820838 20531330 22426014
9840166 22003568 20885053 11323047 8140457 17718961 14212634 24754857 7213050 9473555 12306063 17903139 0 10206348 20171529 11511450 13111946 13028556 9488309 35440354 16395897 16243713 13462526 32133834 23280424 10671191 9593640 26892860 26066687 16742529 14263071 24202896 14166798 24797680 4805907 21575301 20419782
366182 23924653 11411069 15068324 10061542 9863848 14579109 21863741 10988949 11394640 2832079 11480216 10206348 0 10697545 13432535 10220830 5173443 11409394 25966370 16762372 17304786 20447194 21927486 13124253 14416468 19700666 22955470 16592703 8887416 16184156 16593219 4692814 22476023 14912933 23496386 10945798
10331363 27065663 20152326 20101711 15094929 14897235 20786131 21328762 16022336 16428027 7865466 22177761 20171529 10697545 0 18465922 20066418 10206830 16442781 15268825 22969394 20219938 25480581 32625031 10041729 19449855 24691442 19190759 12827992 13920803 21217543 21626606 13434071 31752152 20193951 23475783 7181087
13066353 17234104 21770082 1635789 3370993 12949497 9443170 19985393 4298400 4704091 10600456 13133675 11511450 13432535 18465922 0 8342482 8259092 4718845 33734747 11626433 11474249 11609198 28020946 22587322 983933 15478084 22123396 25423839 11973065 9493607 14515638 17259679 15988826 14429149 16674187 23512663
9854648 16138896 20899535 9978271 4971489 14549993 8347962 11642911 5898896 6304587 12200952 14734171 13111946 10220830 20066418 8342482 0 9859588 3623637 35335243 10531225 10379041 10900521 26925738 21492114 9326415 14769407 13780914 20143681 13573561 11094103 20571463 14181280 16005388 16029645 18406333 20434264
4807261 18751210 13510990 9894881 4888099 4690405 10960276 21502499 5815506 6221197 2341364 14650781 13028556 5173443 10206830 8259092 9859588 0 6235951 25475655 13143539 12991355 15273751 24620691 18247519 9243025 19142637 23640502 21033782 3713973 11010713 11419776 9133893 21545322 15946255 18322943 15386877
11043212 12515259 19746941 6354634 1347852 10926356 4724325 15266548 2275259 2680950 8577315 11110534 9488309 11409394 16442781 4718845 3623637 6235951 0 31711606 6907588 6755404 9037800 23302101 17868477 5702778 12906686 17404551 23400698 9949924 7470466 16947826 14610620 18005075 12406008 14782696 20729119
25600188 34663651 35421151 35370536 30363754 30166060 36054956 25075313 31291161 31190663 23134291 37446586 35440354 25966370 15268825 33734747 35335243 25475655 31711606 0 38238219 35488763 40749406 47893856 25310554 34718680 39960267 22937310 28096817 29189628 26401147 32106606 28702896 47020977 35462776 31073771 22449912
16396190 19422847 18787813 13262222 8255440 17833944 2183263 22174136 9182847 9588538 15484903 18018122 16395897 16762372 22969394 11626433 10531225 13143539 6907588 38238219 0 4908940 15945388 21455637 21183184 12610366 12976816 24312139 23969447 16857512 14378054 15101362 12069558 23147561 17764549 21690284 18322542
16938604 19270663 19330227 13110038 8103256 17681760 2725677 22021952 9030663 9436354 15332719 17865938 16243713 17304786 20219938 11474249 10379041 12991355 6755404 35488763 4908940 0 15793204 16546697 21725598 12458182 13519230 24159955 24511861 16705328 14225870 10192422 12611972 24760479 18306963 21538100 18864956
20081012 21553059 22475470 13244987 10385652 19964156 13762125 22543432 11313059 11718750 17615115 20148334 13462526 20447194 25480581 11609198 10900521 15273751 9037800 40749406 15945388 15793204 0 32339901 18518599 12593131 3868886 24681435 27026146 18987724 16508266 21342141 19820678 26905909 8656619 23820496 21379241
22293668 35817360 31281808 29656735 24649953 29311096 19272374 32639249 25577360 25983051 24759565 33407702 32133834 21927486 32625031 28020946 26925738 24620691 23302101 47893856 21455637 16546697 32339901 0 33677179 29004879 30065927 30501246 29223115 28334664 30772567 26739119 24563553 27035966 34853660 38084797 30816537
13440258 17023934 15831881 24223111 19216329 22937924 18999921 17008317 20143736 20549427 15906155 24604469 23280424 13124253 10041729 22587322 21492114 18247519 17868477 25310554 21183184 21725598 18518599 33677179 0 23571255 14649713 14870314 8507547 21961492 20746284 28577182 9113626 35600276 19437446 13434054 2860642
14050286 18218037 22754015 651856 4354926 13933430 10427103 20969326 3458141 5688024 11584389 14117608 10671191 14416468 19449855 983933 9326415 9243025 5702778 34718680 12610366 12458182 12593131 29004879 23571255 0 16462017 23107329 24583580 12956998 10477540 13531705 18243612 16972759 13588890 17658120 24496596
19334484 25421945 18606584 17113873 14254538 23833042 10793553 26412318 14918482 15587636 21484001 24017220 9593640 19700666 24691442 15478084 14769407 19142637 12906686 39960267 12976816 13519230 3868886 30065927 14649713 16462017 0 28550321 23157260 22856610 20377152 17473255 15951792 30774795 4787733 27689382 17510355
22589288 26002138 24980911 23759185 18752403 28330907 22128876 2138003 19679810 20085501 25055185 28515085 26892860 22955470 19190759 22123396 13780914 23640502 17404551 22937310 24312139 24159955 24681435 30501246 14870314 23107329 28550321 0 6362767 27354475 23911464 19916254 18262656 29786302 29810559 28304368 12009672
16226521 25531481 18618144 25235436 22052846 25724187 21786184 8500770 21125439 23385944 18692418 28072919 26066687 16592703 12827992 25423839 20143681 21033782 23400698 28096817 23969447 24511861 27026146 29223115 8507547 24583580 23157260 6362767 0 24747755 18675667 26279021 11899889 36149069 27944993 21941601 5646905
8521234 22465183 14044278 13608854 8602072 8404378 14674249 25216472 9529479 9935170 6055337 18364754 16742529 8887416 13920803 11973065 13573561 3713973 9949924 29189628 16857512 16705328 18987724 28334664 21961492 12956998 22856610 27354475 24747755 0 14724686 7705803 12847866 25259295 19660228 22036916 19100850
15817974 10902110 24521703 11129396 6122614 15701118 12194791 22737014 7050021 4789516 13352077 13219100 14263071 16184156 21217543 9493607 11094103 11010713 7470466 26401147 14378054 14225870 16508266 30772567 20746284 10477540 20377152 23911464 18675667 14724686 0 22430489 20011300 22779837 17180770 7312230 23606926
16227037 29463085 21750081 14183561 16307875 16110181 12918099 22054257 16989846 17640973 13761140 12185131 24202896 16593219 21626606 14515638 20571463 11419776 16947826 32106606 15101362 10192422 21342141 26739119 28577182 13531705 17473255 19916254 26279021 7705803 22430489 0 19463556 30504464 22260988 29742719 25716540
4326632 26137560 6718255 18895468 13888686 13824298 9886295 20400659 14816093 15221784 6792529 16173030 14166798 4692814 13434071 17259679 14181280 9133893 14610620 28702896 12069558 12611972 19820678 24563553 9113626 18243612 15951792 18262656 11899889 12847866 20011300 19463556 0 27168837 18873383 22547680 6252984
22842205 20183573 33887092 17624615 16657223 26235727 22729400 27648299 17584630 17990321 23886686 24051826 24797680 22476023 31752152 15988826 16005388 21545322 18005075 47020977 23147561 24760479 26905909 27035966 35600276 16972759 30774795 29786302 36149069 25259295 22779837 30504464 27168837 0 27715379 23773453 33421821
14546751 24921267 23394317 14240746 11058156 20636660 15581286 27672556 10130749 12391254 17012648 20820838 4805907 14912933 20193951 14429149 16029645 15946255 12406008 35462776 17764549 18306963 8656619 34853660 19437446 13588890 4787733 29810559 27944993 19660228 17180770 22260988 18873383 27715379 0 24493000 22298088
23130204 3589880 29265935 18309976 13434844 23013348 19507021 30049244 14362251 12101746 20664307 20531330 21575301 23496386 23475783 16674187 18406333 18322943 14782696 31073771 21690284 21538100 23820496 38084797 13434054 17658120 27689382 28304368 21941601 22036916 7312230 29742719 22547680 23773453 24493000 0 16294696
10579616 19884576 12971239 25148452 20141670 20077282 16139279 14147675 21069077 21474768 13045513 22426014 20419782 10945798 7181087 23512663 20434264 15386877 20729119 22449912 18322542 18864956 21379241 30816537 2860642 24496596 17510355 12009672 5646905 19100850 23606926 25716540 6252984 33421821 22298088 16294696 0
36 577841686
0 6845032 7442025 4720689 20181522 12750553 17831371 17432761 9076133 15122824 15421237 19984876 19948918 9145976 844651 12629399 10815686 6859322 15529001 11708090 15271737 13965819 9283300 12622431 10368818 12400500 9957292 15996769 10525613 19892077 9607930 24080819 5313905 8405295 92779 11389520
6845032 0 12971322 11380163 14958619 6611418 23830592 21560250 2231101 16344213 9623971 13139844 21440526 11267371 7689683 14750794 15819348 11720468 15938036 8705257 16763345 9620543 15942774 5777399 12490213 15330061 15538928 9151737 16107249 21113466 14611592 17235787 12158937 13934592 6752253 14656286
7442025 12971322 0 2721336 13313860 7035128 14267172 13450977 14349336 12179273 7979212 15231592 12506893 1703951 7316892 5187374 3373661 4859969 11773096 4266065 7829712 10044253 16210301 7869147 2926793 8418716 5975508 11243485 6543829 16046785 2165905 19327535 5983668 963270 7349246 7407736
4720689 11380163 2721336 0 16035196 8029864 16988508 15381188 11628000 14900609 10700548 16226328 15228229 4425287 4595556 7908710 6094997 2138633 14494432 6987401 10551048 11038989 13818431 8863883 5648129 10348927 7905719 12238221 8474040 18768121 4887241 20322271 3262332 3684606 4627910 9337947
20181522 14958619 13313860 16035196 0 16941086 19446293 20911251 12727518 20482108 5334648 25137550 17153714 11609909 20630752 15093332 16687521 18173829 20075931 14172023 21143572 19950211 10898222 17775105 10387067 15878990 13435782 21149443 14004103 18413639 15479765 24456619 18079169 14277130 20088743 14868010
12750553 6611418 7035128 8029864 16941086 0 17894398 17078203 8842519 11400833 11606438 8196464 14829108 5331177 12625420 8814600 10408789 5891231 10994656 7893291 10151927 3009125 19837527 834019 6554019 8718643 9602734 4208357 10171055 16170086 9201033 12292407 11292196 7998398 12657774 11034962
17831371 23830592 14267172 16988508 19446293 17894398 0 24310247 24164679 17820300 18838482 26090862 24336640 12563221 18676022 16046644 16707503 19127141 17414123 15125335 22096884 20903523 8548071 18728417 13786063 19277986 16834778 22102755 17403099 22589553 16433077 28858781 20250840 15230442 17738592 18267006
17432761 21560250 13450977 15381188 20911251 17078203 24310247 0 22887533 10950432 15576603 25274667 23520445 11747026 16588110 15230449 16779677 13398166 11356609 12854993 21280689 20087328 26253376 17912222 10524184 8782035 7475469 21286560 6907148 15719685 15616882 22955632 12118856 14414247 17525540 6903964
9076133 2231101 14349336 11628000 12727518 8842519 24164679 22887533 0 18575314 7392870 15370945 20549589 13498472 9920784 16981895 17722997 9489367 18169137 10936358 18478201 11851644 18173875 8008500 12445289 17561162 15494004 11382838 16062325 23344567 16515241 19466888 14390038 15312606 8983354 16887387
15122824 16344213 12179273 14900609 20482108 11400833 17820300 10950432 18575314 0 15147460 17929259 20354356 11317883 15967475 14801306 11221124 17039242 406177 13239561 15677175 14409958 24406124 10566814 10095041 8352892 7046326 11159708 6478005 4769253 10013368 12005200 11689713 13142543 15215603 7288532
15421237 9623971 7979212 10700548 5334648 11606438 18838482 15576603 7392870 15147460 0 19802902 13156719 6275261 15296104 9758684 11352873 12839181 14741283 8837375 15808924 14615563 16232870 12440457 5052419 10544342 8101134 15814795 8669455 19187119 10145117 23898845 12744521 8942482 15328458 9533362
19984876 13139844 15231592 16226328 25137550 8196464 26090862 25274667 15370945 17929259 19802902 0 23025572 13527641 20821884 17011064 17415021 14087695 17523082 16089755 18348391 11205589 27943457 7362445 14750483 16915107 17799198 10736783 18367519 22698512 16207265 18820833 19488660 16194862 19892097 19231426
19948918 21440526 12506893 15228229 17153714 14829108 24336640 23520445 20549589 20354356 13156719 23025572 0 11773419 19823785 15256842 11548744 13666015 19948179 13464652 4677181 11819983 26279769 15663127 12996261 18488184 16044976 13531629 16613297 25123609 10340988 25242392 18490561 13470163 19856139 17477204
9145976 11267371 1703951 4425287 11609909 5331177 12563221 11747026 13498472 11317883 6275261 13527641 11773419 0 9020843 3483423 5077612 6563920 10911706 2562114 9533663 8340302 14506350 6165196 1222842 6714765 4271557 9539534 4839878 15357542 3869856 17623584 7687619 2667221 9053197 5703785
844651 7689683 7316892 4595556 20630752 12625420 18676022 16588110 9920784 15967475 15296104 20821884 19823785 9020843 0 12504266 10690553 6734189 15752790 11582957 15146604 14810470 10127951 13459439 10243685 11555849 9112641 16833777 9680962 20198626 9482797 24917827 4469254 8280162 937430 10544869
12629399 14750794 5187374 7908710 15093332 8814600 16046644 15230449 16981895 14801306 9758684 17011064 15256842 3483423 12504266 0 8561035 10047343 14395129 6045537 13017086 11823725 17989773 9648619 4706265 10198188 7754980 13022957 8323301 18840965 7353279 21107007 9941155 6150644 12536620 9187208
10815686 15819348 3373661 6094997 16687521 10408789 16707503 16779677 17722997 11221124 11352873 17415021 11548744 5077612 10690553 8561035 0 8233630 10814947 7114091 6871563 13417914 19583962 11242808 6300454 11792377 9349169 13604797 9917490 15990377 1207756 20398561 9357329 4336931 10722907 10781397
6859322 11720468 4859969 2138633 18173829 5891231 19127141 13398166 9489367 17039242 12839181 14087695 13666015 6563920 6734189 10047343 8233630 0 16633065 9126034 8988834 8900356 15957064 6725250 7786762 12487560 10044352 10099588 10612673 20906754 7025874 18183638 5400965 5823239 6766543 11476580
15529001 15938036 11773096 14494432 20075931 10994656 17414123 11356609 18169137 406177 14741283 17523082 19948179 10911706 15752790 14395129 10814947 16633065 0 13473820 15270998 14003781 24812301 10160637 9688864 7946715 6640149 10753531 6071828 5175430 9607191 12411377 11283536 12736366 15621780 7694709
11708090 8705257 4266065 6987401 14172023 7893291 15125335 12854993 10936358 13239561 8837375 16089755 13464652 2562114 11582957 6045537 7114091 9126034 13473820 0 11570142 10902416 17068464 8727310 3784956 9276879 6833671 12101648 7401992 17919656 5906335 20185698 10249733 5229335 11615311 5951029
15271737 16763345 7829712 10551048 21143572 10151927 22096884 21280689 18478201 15677175 15808924 18348391 4677181 9533663 15146604 13017086 6871563 8988834 15270998 11570142 0 7142802 24040013 10985946 10756505 16248428 13805220 14360284 14373541 20446428 5663807 20565211 13813380 8792982 15178958 15237448
13965819 9620543 10044253 11038989 19950211 3009125 20903523 20087328 11851644 14409958 14615563 11205589 11819983 8340302 14810470 11823725 13417914 8900356 14003781 10902416 7142802 0 22846652 3843144 9563144 11727768 12611859 7217482 13180180 19179211 12210158 15301532 14301321 11007523 13873040 14044087
9283300 15942774 16210301 13818431 10898222 19837527 8548071 26253376 18173875 24406124 16232870 27943457 26279769 14506350 10127951 17989773 19583962 15957064 24812301 17068464 24040013 22846652 0 20671546 15729192 21221115 18777907 24045884 19346228 29175377 18376206 20310710 14597205 17173571 9190521 20210135
12622431 5777399 7869147 8863883 17775105 834019 18728417 17912222 8008500 10566814 12440457 7362445 15663127 6165196 13459439 9648619 11242808 6725250 10160637 8727310 10985946 3843144 20671546 0 7388038 9552662 10436753 3374338 11005074 15336067 10035052 11458388 12126215 8832417 12529652 11868981
10368818 12490213 2926793 5648129 10387067 6554019 13786063 10524184 12445289 10095041 5052419 14750483 12996261 1222842 10243685 4706265 6300454 7786762 9688864 3784956 10756505 9563144 15729192 7388038 0 5491923 3048715 10762376 3617036 14134700 5092698 18846426 7692102 3890063 10276039 4480943
12400500 15330061 8418716 10348927 15878990 8718643 19277986 8782035 17561162 8352892 10544342 16915107 18488184 6714765 11555849 10198188 11792377 12487560 7946715 9276879 16248428 11727768 21221115 9552662 5491923 0 2443208 12927000 1874887 8642777 10584621 20238236 7086595 9381986 12493279 3875436
9957292 15538928 5975508 7905719 13435782 9602734 16834778 7475469 15494004 7046326 8101134 17799198 16044976 4271557 9112641 7754980 9349169 10044352 6640149 6833671 13805220 12611859 18777907 10436753 3048715 2443208 0 13811091 568321 11085985 8141413 19051526 4643387 6938778 10050071 1432228
15996769 9151737 11243485 12238221 21149443 4208357 22102755 21286560 11382838 11159708 15814795 10736783 13531629 9539534 16833777 13022957 13604797 10099588 10753531 12101648 14360284 7217482 24045884 3374338 10762376 12927000 13811091 0 14379412 15928961 13409390 14832726 15500553 12206755 15903990 15243319
10525613 16107249 6543829 8474040 14004103 10171055 17403099 6907148 16062325 6478005 8669455 18367519 16613297 4839878 9680962 8323301 9917490 10612673 6071828 7401992 14373541 13180180 19346228 11005074 3617036 1874887 568321 14379412 0 10517664 8709734 18483205 5211708 7507099 10618392 2000549
19892077 21113466 16046785 18768121 18413639 16170086 22589553 15719685 23344567 4769253 19187119 22698512 25123609 15357542 20198626 18840965 15990377 20906754 5175430 17919656 20446428 19179211 29175377 15336067 14134700 8642777 11085985 15928961 10517664 0 14782621 11595459 15729372 17010055 19984856 12057785
9607930 14611592 2165905 4887241 15479765 9201033 16433077 15616882 16515241 10013368 10145117 16207265 10340988 3869856 9482797 7353279 1207756 7025874 9607191 5906335 5663807 12210158 18376206 10035052 5092698 10584621 8141413 13409390 8709734 14782621 0 19190805 8149573 3129175 9515151 9573641
24080819 17235787 19327535 20322271 24456619 12292407 28858781 22955632 19466888 12005200 23898845 18820833 25242392 17623584 24917827 21107007 20398561 18183638 12411377 20185698 20565211 15301532 20310710 11458388 18846426 20238236 19051526 14832726 18483205 11595459 19190805 0 23584603 20290805 23988040 19293732
5313905 12158937 5983668 3262332 18079169 11292196 20250840 12118856 14390038 11689713 12744521 19488660 18490561 7687619 4469254 9941155 9357329 5400965 11283536 10249733 13813380 14301321 14597205 12126215 7692102 7086595 4643387 15500553 5211708 15729372 8149573 23584603 0 6946938 5406684 6075615
8405295 13934592 963270 3684606 14277130 7998398 15230442 14414247 15312606 13142543 8942482 16194862 13470163 2667221 8280162 6150644 4336931 5823239 12736366 5229335 8792982 11007523 17173571 8832417 3890063 9381986 6938778 12206755 7507099 17010055 3129175 20290805 6946938 0 8312516 8371006
92779 6752253 7349246 4627910 20088743 12657774 17738592 17525540 8983354 15215603 15328458 19892097 19856139 9053197 937430 12536620 10722907 6766543 15621780 11615311 15178958 13873040 9190521 12529652 10276039 12493279 10050071 15903990 10618392 19984856 9515151 23988040 5406684 8312516 0 11482299
11389520 14656286 7407736 9337947 14868010 11034962 18267006 6903964 16887387 7288532 9533362 19231426 17477204 5703785 10544869 9187208 10781397 11476580 7694709 5951029 15237448 14044087 20210135 11868981 4480943 3875436 1432228 15243319 2000549 12057785 9573641 19293732 6075615 8371006 11482299 0
32 958218874
0 18794468 7793365 10515671 13024196 16291096 20503270 7282595 18140802 28828140 27010045 16853860 19632945 4482381 17364201 16660967 14783078 19864862 17298498 6617951 14326371 20883235 15634435 14290455 23289886 18061603 8420355 18967877 17477609 14404604 41974069 21304430
18794468 0 11001103 9260852 6810793 3485427 10720286 12552394 3974311 20737309 19501767 10419600 5597860 16306802 3197710 10226707 7547740 5829777 3263413 12176517 6235540 10340321 17588193 8040363 10484217 1714920 10374113 12717785 3311118 12483070 38203518 7269345
7793365 11001103 0 2722306 15364111 8497731 12709905 15075960 10347437 21034775 19216680 16661320 11839580 9768256 9570836 16468427 6989713 12071497 9505133 1175414 6533006 13089870 7841070 6497090 15496521 10268238 626990 11174512 9684244 16640199 34180704 13511065
10515671 9260852 2722306 0 12641805 5775425 14104316 17798266 11815763 22503101 16494374 18129646 13307906 7045950 11039162 17936753 8384124 13539823 10973459 3897720 8001332 14484281 9309396 8876747 12774215 7545932 2095316 13554169 11152570 16968173 36903010 14979391
13024196 6810793 15364111 12641805 0 6866380 17531079 5741601 10785104 27548102 26312560 17230393 12408653 17506577 10008503 17037500 14358533 12640570 10074206 16539525 13046333 17151114 21951201 14851156 13865170 5095873 14737121 19528578 10121911 19293863 40036300 14080138
16291096 3485427 8497731 5775425 6866380 0 14205713 12607981 7459738 24222736 22269799 13905027 9083287 12821375 6683137 13712134 11033167 9315204 6748840 9673145 9720967 13825748 15084821 11525790 6998790 1770507 7870741 16203212 6796545 15968497 34718091 10754772
20503270 10720286 12709905 14104316 17531079 14205713 0 23272680 6745975 25062175 9541411 14744466 9922726 21150266 7522576 14551573 5720192 10154643 7588279 13885319 10560406 379965 20550975 6212815 18780407 12435206 13336895 10890237 7635984 15676505 46122840 11594211
7282595 12552394 15075960 17798266 5741601 12607981 23272680 0 16526705 33289703 32054161 22971994 18150254 11764976 15750104 22779101 20100134 18382171 15815807 13900546 18787934 22892715 22917030 20592757 19606771 10837474 15702950 25270179 15863512 21687199 45777901 19821739
18140802 3974311 10347437 11815763 10785104 7459738 6745975 16526705 0 18316200 15527456 7998491 3176751 14632625 776601 7805598 5126631 3408668 842304 11522851 3814431 6366010 16934527 5619254 12034432 5689231 9720447 10296676 890009 8930530 39753733 4848236
28828140 20737309 21034775 22503101 27548102 24222736 25062175 33289703 18316200 0 33843656 19568981 19808343 29549051 17539599 19376088 21889629 20040260 17473896 22210189 14501769 24682210 27621865 22382252 28666024 22452229 20407785 22968039 17653007 21632451 26132500 21479828
27010045 19501767 19216680 16494374 26312560 22269799 9541411 32054161 15527456 33843656 0 23525947 18704207 23540324 16304057 23333054 12757825 18936124 16369760 20392094 19341887 9161446 25803770 13250448 27561888 21216687 18589690 17927870 16417465 23393557 53397384 20375692
16853860 10419600 16661320 18129646 17230393 13905027 14744466 22971994 7998491 19568981 23525947 0 9490634 12371479 7221890 192893 11571920 9722551 7156187 17836734 10128314 14364501 21626294 12064543 18348315 12134520 16034330 7914943 7335298 2449256 42237269 11162119
19632945 5597860 11839580 13307906 12408653 9083287 9922726 18150254 3176751 19808343 18704207 9490634 0 16124768 2400150 9297741 6750180 4900811 2334447 13014994 5306574 9542761 18426670 7242803 8857681 7312780 11212590 11920225 2513558 11554104 36576982 1671485
4482381 16306802 9768256 7045950 17506577 12821375 21150266 11764976 14632625 29549051 23540324 12371479 16124768 0 13856024 12178586 15430074 16356685 13790321 10943670 15047282 20998635 16355346 15922697 19820165 14591882 9141266 15387910 13969432 9922223 43948960 17796253
17364201 3197710 9570836 11039162 10008503 6683137 7522576 15750104 776601 17539599 16304057 7221890 2400150 13856024 0 7028997 4350030 2632067 65703 10746250 3037830 7142611 16157926 4842653 11257831 4912630 8943846 9520075 113408 9285360 38977132 4071635
16660967 10226707 16468427 17936753 17037500 13712134 14551573 22779101 7805598 19376088 23333054 192893 9297741 12178586 7028997 0 11379027 9529658 6963294 17643841 9935421 14171608 21433401 11871650 18155422 11941627 15841437 7722050 7142405 2256363 42044376 10969226
14783078 7547740 6989713 8384124 14358533 11033167 5720192 20100134 5126631 21889629 12757825 11571920 6750180 15430074 4350030 11379027 0 6982097 4415733 8165127 7387860 6100157 14830783 492623 15607861 9262660 7616703 5170045 4463438 10635732 41170417 8421665
19864862 5829777 12071497 13539823 12640570 9315204 10154643 18382171 3408668 20040260 18936124 9722551 4900811 16356685 2632067 9529658 6982097 0 2566364 13246911 5538491 9774678 18658587 7474720 13758492 7544697 11444507 12152142 2745475 11786021 41477793 6572296
17298498 3263413 9505133 10973459 10074206 6748840 7588279 15815807 842304 17473896 16369760 7156187 2334447 13790321 65703 6963294 4415733 2566364 0 10680547 2972127 7208314 16092223 4908356 11192128 4978333 8878143 9585778 179111 9219657 38911429 4005932
6617951 12176517 1175414 3897720 16539525 9673145 13885319 13900546 11522851 22210189 20392094 17836734 13014994 10943670 10746250 17643841 8165127 13246911 10680547 0 7708420 14265284 9016484 7672504 16671935 11443652 1802404 12349926 10859658 17815613 35356118 14686479
14326371 6235540 6533006 8001332 13046333 9720967 10560406 18787934 3814431 14501769 19341887 10128314 5306574 15047282 3037830 9935421 7387860 5538491 2972127 7708420 0 10180441 13120096 7880483 14164255 7950460 5906016 12557905 3151238 12191784 40634269 6978059
20883235 10340321 13089870 14484281 17151114 13825748 379965 22892715 6366010 24682210 9161446 14364501 9542761 20998635 7142611 14171608 6100157 9774678 7208314 14265284 10180441 0 20930940 6592780 18400442 12055241 13716860 11270202 7256019 15296540 46119743 11214246
15634435 17588193 7841070 9309396 21951201 15084821 20550975 22917030 16934527 27621865 25803770 21626294 18426670 16355346 16157926 21433401 14830783 18658587 16092223 9016484 13120096 20930940 0 14338160 22083611 16855328 7214080 19015582 16271334 23689764 42021774 20098155
14290455 8040363 6497090 8876747 14851156 11525790 6212815 20592757 5619254 22382252 13250448 12064543 7242803 15922697 4842653 11871650 492623 7474720 4908356 7672504 7880483 6592780 14338160 0 16100484 9755283 7124080 4677422 4956061 10143109 40677794 8914288
23289886 10484217 15496521 12774215 13865170 6998790 18780407 19606771 12034432 28666024 27561888 18348315 8857681 19820165 11257831 18155422 15607861 13758492 11192128 16671935 14164255 18400442 22083611 16100484 0 8769297 14869531 20777906 11371239 20411785 27719301 10529166
18061603 1714920 10268238 7545932 5095873 1770507 12435206 10837474 5689231 22452229 21216687 12134520 7312780 14591882 4912630 11941627 9262660 7544697 4978333 11443652 7950460 12055241 16855328 9755283 8769297 0 9641248 14432705 5026038 14197990 36488598 8984265
8420355 10374113 626990 2095316 14737121 7870741 13336895 15702950 9720447 20407785 18589690 16034330 11212590 9141266 8943846 15841437 7616703 11444507 8878143 1802404 5906016 13716860 7214080 7124080 14869531 9641248 0 11801502 9057254 17267189 34807694 12884075
18967877 12717785 11174512 13554169 19528578 16203212 10890237 25270179 10296676 22968039 17927870 7914943 11920225 15387910 9520075 7722050 5170045 12152142 9585778 12349926 12557905 11270202 19015582 4677422 20777906 14432705 11801502 0 9633483 5465687 45253700 13591710
17477609 3311118 9684244 11152570 10121911 6796545 7635984 15863512 890009 17653007 16417465 7335298 2513558 13969432 113408 7142405 4463438 2745475 179111 10859658 3151238 7256019 16271334 4956061 11371239 5026038 9057254 9633483 0 9398768 39090540 4185043
14404604 12483070 16640199 16968173 19293863 15968497 15676505 21687199 8930530 21632451 23393557 2449256 11554104 9922223 9285360 2256363 10635732 11786021 9219657 17815613 12191784 15296540 23689764 10143109 20411785 14197990 17267189 5465687 9398768 0 39788013 13225589
41974069 38203518 34180704 36903010 40036300 34718091 46122840 45777901 39753733 26132500 53397384 42237269 36576982 43948960 38977132 42044376 41170417 41477793 38911429 35356118 40634269 46119743 42021774 40677794 27719301 36488598 34807694 45253700 39090540 39788013 0 38248467
21304430 7269345 13511065 14979391 14080138 10754772 11594211 19821739 4848236 21479828 20375692 11162119 1671485 17796253 4071635 10969226 8421665 6572296 4005932 14686479 6978059 11214246 20098155 8914288 10529166 8984265 12884075 13591710 4185043 13225589 38248467 0
38 630955486
0 1640438 16662349 8403964 11539785 21794894 13914762 9389360 4125844 11445771 3204247 7664955 3969128 9945455 9353001 9998437 12929973 7736059 10051777 11014705 8265942 10206664 560333 6688663 6498360 8083741 10095648 12025942 7442305 11376162 14192278 4072244 15897270 5604494 13010799 10381725 4819066 7064221
1640438 0 15432948 10044402 9899347 20154456 12274324 10170496 5766282 11995884 3724019 8184727 4488900 8305017 10206855 10518209 12756834 9376497 11692215 10314842 6625504 8566226 1080105 7208435 7018132 9724179 11736086 10385504 9082743 9953385 14658942 4592016 16417042 6124266 11370361 10329517 6459504 7583993
16662349 15432948 0 14661749 20956138 10782909 23331115 25603444 12536505 19856432 19156967 21489048 17793221 19361808 25639803 20454175 20220936 15917162 18232880 21537474 22058452 19623017 16513053 22641383 22451080 24697670 17119865 25818452 15623408 21898931 25715733 17896337 29721363 21557214 22353427 21240880 11843283 14698128
8403964 10044402 14661749 0 6294389 21298472 8669366 11468063 4278120 11598047 10319993 14617107 10921280 4700059 11431704 5792426 9151876 1255413 3571131 10407654 13403359 4961268 8964297 13172335 12982032 12700964 10247924 13971293 961659 10075478 11053984 11024396 22849422 12720240 7691678 6579131 4971342 7826187
11539785 9899347 20956138 6294389 0 24685256 2374977 13617995 8649191 5785924 13623366 12708633 9012806 1594330 13654354 10163497 6046147 5626484 7942202 7466966 11156304 1855539 10979452 11793008 11983311 14923614 9174735 13162235 5332730 7828423 7948255 9115922 20940948 12877177 1471014 3618830 9342413 11031804
21794894 20154456 10782909 21298472 24685256 0 27060233 23369319 23319414 18899332 19461539 27637398 23941571 24075213 23405678 25167580 24386771 20630567 17727341 17218290 13528952 24336422 21234561 16357729 16167426 24674938 27902774 17288952 20336813 16856833 23972068 24044687 35869713 17061292 25292860 25954285 22626192 20846478
13914762 12274324 23331115 8669366 2374977 27060233 0 15992972 11024168 8160901 15998343 15083610 11387783 3969307 16029331 12538474 8421124 8001461 10317179 9841943 13531281 4230516 13354429 14167985 14358288 17298591 11549712 15537212 7707707 10203400 10323232 11490899 23315925 15252154 3845991 5993807 11717390 13406781
9389360 10170496 25603444 11468063 13617995 23369319 15992972 0 13515204 7832071 12593607 13716121 11704946 13542723 36359 5675637 17994540 10212650 12987552 6151029 9840367 13281514 9949693 10477071 10667374 1305619 16213698 13157452 10506404 6512486 7188798 11808062 19631069 11561240 14225599 13041685 14160006 11305161
4125844 5766282 12536505 4278120 8649191 23319414 11024168 13515204 0 7319927 7330091 10338987 6643160 7054861 13478845 8147228 9070875 3610215 5925933 9000969 12391786 7316070 4686177 10814507 10624204 12209585 5969804 16151786 3316461 9362426 13408786 6746276 18571302 9730338 10046480 8933933 693222 3548067
11445771 11995884 19856432 11598047 5785924 18899332 8160901 7832071 7319927 0 9491500 17658914 13963087 7380254 7868430 13507708 11832071 10930142 8517565 1681042 5370380 7641463 12006104 6007084 6197387 9137690 13289731 9130380 10636388 2042499 13734179 14066203 19443743 7091253 6393528 9404754 8013149 10867994
3204247 3724019 19156967 10319993 13623366 19461539 15998343 12593607 7330091 9491500 0 9748536 6052709 12029036 12557248 12082018 9725726 9652088 11967806 7810458 10349523 12290245 2643914 3484416 3294113 11287988 13299895 13830670 9358334 8171915 11098755 6155825 17980851 2400247 15094380 12465306 8023313 9147802
7664955 8184727 21489048 14617107 12708633 27637398 15083610 13716121 10338987 17658914 9748536 0 3695827 12132924 13679762 9725136 12786028 13949202 16264920 17558994 14810231 12394133 7104622 13232952 13042649 14949022 14922347 16143706 13655448 17920451 6527323 3592711 8232315 12148783 14179647 10108424 9645765 6790920
3969128 4488900 17793221 10921280 9012806 23941571 11387783 11704946 6643160 13963087 6052709 3695827 0 8437097 11668587 6029309 10957495 10253375 12569093 13863167 11114404 8698306 3408795 9537125 9346822 12052869 11226520 12654111 9959621 14224624 10223150 103116 11928142 8452956 10483820 6412597 5949938 3095093
9945455 8305017 19361808 4700059 1594330 24075213 3969307 13542723 7054861 7380254 12029036 12132924 8437097 0 13506364 8569167 4451817 4032154 6347872 9061296 12750634 261209 9385122 11172946 11363249 14775624 7580405 11567905 3738400 9422753 6353925 8540213 20365239 11777296 3065344 2024500 7748083 9437474
9353001 10206855 25639803 11431704 13654354 23405678 16029331 36359 13478845 7868430 12557248 13679762 11668587 13506364 0 5639278 17958181 10176291 13023911 6187388 9876726 13245155 9913334 10513430 10703733 1269260 16177339 13193811 10470045 6548845 7152439 11771703 19667428 11597599 14261958 13005326 14123647 11268802
9998437 10518209 20454175 5792426 10163497 25167580 12538474 5675637 8147228 13507708 12082018 9725136 6029309 8569167 5639278 0 13020984 4537013 7440239 11826666 11938867 8830376 9438104 12278332 12088029 6908538 14117032 8178867 4830767 12188123 12791717 6132425 17108118 12981895 10973278 7366048 8840450 9124402
12929973 12756834 20220936 9151876 6046147 24386771 8421124 17994540 9070875 11832071 9725726 12786028 10957495 4451817 17958181 13020984 0 8483971 10799689 12735690 16425028 4713026 12369640 8409648 8219345 19227441 12032222 16019722 8190217 13097147 10805742 10854379 21018343 7325479 7517161 6476317 8377653 11232498
7736059 9376497 15917162 1255413 5626484 20630567 8001461 10212650 3610215 10930142 9652088 13949202 10253375 4032154 10176291 4537013 8483971 0 2903226 9739749 13429087 4293363 8296392 11916922 11726619 11445551 9580019 12715880 293754 10101206 10386079 10356491 21645131 12052335 6436265 5911226 4303437 7158282
10051777 11692215 18232880 3571131 7942202 17727341 10317179 12987552 5925933 8517565 11967806 16264920 12569093 6347872 13023911 7440239 10799689 2903226 0 6836523 10525861 6609081 10612110 11162565 11352868 14293171 11895737 14285861 2609472 7197980 12701797 12672209 24497235 12246734 9339491 8226944 6619155 9474000
11014705 10314842 21537474 10407654 7466966 17218290 9841943 6151029 9000969 1681042 7810458 17558994 13863167 9061296 6187388 11826666 12735690 9739749 6836523 0 3689338 9322505 10454372 4326042 4516345 7456648 14325351 7449338 9445995 361457 12320987 13966283 21124785 5410211 8074570 11085796 9694191 12525529
8265942 6625504 22058452 13403359 11156304 13528952 13531281 9840367 12391786 5370380 10349523 14810231 11114404 12750634 9876726 11938867 16425028 13429087 10525861 3689338 0 13011843 7705609 8015380 8205683 11145986 17291775 3760000 13135333 3327881 16010325 11217520 23042546 9099549 11763908 14775134 13085008 14209497
10206664 8566226 19623017 4961268 1855539 24336422 4230516 13281514 7316070 7641463 12290245 12394133 8698306 261209 13245155 8830376 4713026 4293363 6609081 9322505 13011843 0 9646331 10911737 11102040 14514415 7319196 11306696 3999609 9683962 6092716 8801422 20380796 11995906 3326553 2285709 8009292 9698683
560333 1080105 16513053 8964297 10979452 21234561 13354429 9949693 4686177 12006104 2643914 7104622 3408795 9385122 9913334 9438104 12369640 8296392 10612110 10454372 7705609 9646331 0 6128330 5938027 8644074 10655981 11465609 8002638 10815829 13631945 3511911 15336937 5044161 12450466 9821392 5379399 6503888
6688663 7208435 22641383 13172335 11793008 16357729 14167985 10477071 10814507 6007084 3484416 13232952 9537125 11172946 10513430 12278332 8409648 11916922 11162565 4326042 8015380 10911737 6128330 0 190303 11782690 16330914 10726860 12210676 4687499 7994945 9640241 21465267 1084169 12400612 13197446 11054332 8199487
6498360 7018132 22451080 12982032 11983311 16167426 14358288 10667374 10624204 6197387 3294113 13042649 9346822 11363249 10703733 12088029 8219345 11726619 11352868 4516345 8205683 11102040 5938027 190303 0 11972993 16521217 10536557 12020373 4877802 7804642 9449938 21274964 893866 12590915 13387749 11244635 8389790
8083741 9724179 24697670 12700964 14923614 24674938 17298591 1305619 12209585 9137690 11287988 14949022 12052869 14775624 1269260 6908538 19227441 11445551 14293171 7456648 11145986 14514415 8644074 11782690 11972993 0 14908079 14463071 11739305 7818105 8421699 12155985 20936688 12866859 15531218 14274586 12854387 9999542
10095648 11736086 17119865 10247924 9174735 27902774 11549712 16213698 5969804 13289731 13299895 14922347 11226520 7580405 16177339 14117032 12032222 9580019 11895737 14325351 17291775 7319196 10655981 16330914 16521217 14908079 0 18625892 9286265 13963894 9466030 11329636 13061600 15700142 10645749 9604905 5276582 8131427
12025942 10385504 25818452 13971293 13162235 17288952 15537212 13157452 16151786 9130380 13830670 16143706 12654111 11567905 13193811 8178867 16019722 12715880 14285861 7449338 3760000 11306696 11465609 10726860 10536557 14463071 18625892 0 13009634 7087881 17399412 12550995 24376021 11430423 14633249 13592405 16845008 15749204
7442305 9082743 15623408 961659 5332730 20336813 7707707 10506404 3316461 10636388 9358334 13655448 9959621 3738400 10470045 4830767 8190217 293754 2609472 9445995 13135333 3999609 8002638 12210676 12020373 11739305 9286265 13009634 0 9807452 10092325 10062737 21887763 11758581 6730019 5617472 4009683 6864528
11376162 9953385 21898931 10075478 7828423 16856833 10203400 6512486 9362426 2042499 8171915 17920451 14224624 9422753 6548845 12188123 13097147 10101206 7197980 361457 3327881 9683962 10815829 4687499 4877802 7818105 13963894 7087881 9807452 0 12682444 14327740 21486242 5771668 8436027 11447253 10055648 12886986
14192278 14658942 25715733 11053984 7948255 23972068 10323232 7188798 13408786 13734179 11098755 6527323 10223150 6353925 7152439 12791717 10805742 10386079 12701797 12320987 16010325 6092716 13631945 7994945 7804642 8421699 9466030 17399412 10092325 12682444 0 10120034 14759638 8698508 9419269 8378425 14102008 13318243
4072244 4592016 17896337 11024396 9115922 24044687 11490899 11808062 6746276 14066203 6155825 3592711 103116 8540213 11771703 6132425 10854379 10356491 12672209 13966283 11217520 8801422 3511911 9640241 9449938 12155985 11329636 12550995 10062737 14327740 10120034 0 11825026 8556072 10586936 6515713 6053054 3198209
15897270 16417042 29721363 22849422 20940948 35869713 23315925 19631069 18571302 19443743 17980851 8232315 11928142 20365239 19667428 17108118 21018343 21645131 24497235 21124785 23042546 20380796 15336937 21465267 21274964 20936688 13061600 24376021 21887763 21486242 14759638 11825026 0 20381098 22411962 18340739 17878080 15023235
5604494 6124266 21557214 12720240 12877177 17061292 15252154 11561240 9730338 7091253 2400247 12148783 8452956 11777296 11597599 12981895 7325479 12052335 12246734 5410211 9099549 11995906 5044161 1084169 893866 12866859 15700142 11430423 11758581 5771668 8698508 8556072 20381098 0 13484781 13801796 10423560 9283656
13010799 11370361 22353427 7691678 1471014 25292860 3845991 14225599 10046480 6393528 15094380 14179647 10483820 3065344 14261958 10973278 7517161 6436265 9339491 8074570 11763908 3326553 12450466 12400612 12590915 15531218 10645749 14633249 6730019 8436027 9419269 10586936 22411962 13484781 0 5089844 10739702 12502818
10381725 10329517 21240880 6579131 3618830 25954285 5993807 13041685 8933933 9404754 12465306 10108424 6412597 2024500 13005326 7366048 6476317 5911226 8226944 11085796 14775134 2285709 9821392 13197446 13387749 14274586 9604905 13592405 5617472 11447253 8378425 6515713 18340739 13801796 5089844 0 9627155 7412974
4819066 6459504 11843283 4971342 9342413 22626192 11717390 14160006 693222 8013149 8023313 9645765 5949938 7748083 14123647 8840450 8377653 4303437 6619155 9694191 13085008 8009292 5379399 11054332 11244635 12854387 5276582 16845008 4009683 10055648 14102008 6053054 17878080 10423560 10739702 9627155 0 2854845
7064221 7583993 14698128 7826187 11031804 20846478 13406781 11305161 3548067 10867994 9147802 6790920 3095093 9437474 11268802 9124402 11232498 7158282 9474000 12525529 14209497 9698683 6503888 8199487 8389790 9999542 8131427 15749204 6864528 12886986 13318243 3198209 15023235 9283656 12502818 7412974 2854845 0
31 707772477
0 48808601 32408394 23830072 28701370 32172100 27332068 24034486 31972203 29693311 27302932 15414276 30633432 18111497 18860067 31820846 15376391 30593655 36954772 28783239 27125045 23160209 25332286 34098214 26956300 29705269 19662615 23403642 30680593 36410288 31475931
48808601 0 30679109 41885891 46757189 49568732 45387887 40854340 43042835 34876864 45358751 33470095 48689251 40695504 29948534 37321571 33432210 48649474 26132731 46260023 42017372 41216028 43388105 51105925 39686114 34498647 37718434 40800274 35864146 30232126 49531750
32408394 30679109 0 20534081 25405379 26342170 17032085 22388102 29779469 24214949 23373931 17069888 27337441 30355236 20515679 15735218 17032003 27297664 4546378 15580914 20431019 21203944 23139552 29519572 18099761 24845960 21318227 22855955 25202231 8645773 21175948
23830072 41885891 20534081 0 4871298 15174558 3501996 1854021 16477045 12987841 12746184 8415796 6803360 9821155 11937357 16325688 8453681 6763583 18019337 4953167 11629887 669863 9837128 10268142 4465954 8111197 4167457 14412824 12000559 13919942 7645859
28701370 46757189 25405379 4871298 0 20045856 8373294 6725319 19856202 13664795 17617482 13287094 11674658 14692453 16808655 21196986 13324979 11634881 22890635 9824465 16501185 5541161 14708426 15139440 9337252 12982495 9038755 19284122 12677513 18791240 12517157
32172100 49568732 26342170 15174558 20045856 0 18676554 17028579 21289501 15058127 27920742 22250628 14860515 24995713 25772189 30160520 22288513 21938141 30888548 20127725 25464719 14504695 14649584 11395733 18300786 15070085 18002289 8768458 16045409 27754774 22820417
27332068 45387887 17032085 3501996 8373294 18676554 0 5356017 19979041 14693421 9244188 11917792 10305356 13323151 15439353 16913089 11955677 10265579 19983625 1451171 12217288 4171859 13339124 13770138 6430242 11613193 7669453 17914820 13706139 15884230 4143863
24034486 40854340 22388102 1854021 6725319 17028579 5356017 0 18331066 14841862 14600205 10269817 8657381 7967134 10905806 18179709 10307702 8617604 19873358 6807188 13483908 2523884 11691149 12122163 6319975 9965218 6021478 16266845 13854580 15773963 9499880
31972203 43042835 29779469 16477045 19856202 21289501 19979041 18331066 0 8165971 27226674 16557927 23280405 26298200 20079488 24467819 16595812 14462531 25233091 19433657 19772018 15807182 6639917 26133105 14713294 18822670 12309588 12521043 7178689 21133696 24122904
29693311 34876864 24214949 12987841 13664795 15058127 14693421 14841862 8165971 0 21035267 20063911 19791201 22808996 23585472 16582020 20101796 19751424 22075270 13242250 11886219 12317978 12170795 19941698 8521887 12591296 15815572 6289669 987282 17975875 18837284
27302932 45358751 23373931 12746184 17617482 27920742 9244188 14600205 27226674 21035267 0 11964426 19549544 22567339 15410217 26157277 11926541 19509767 27920309 7793017 21461476 13416047 21882436 23014326 15674430 20857381 16212765 27159008 20047985 25128418 13388051
15414276 33470095 17069888 8415796 13287094 22250628 11917792 10269817 16557927 20063911 11964426 0 15219156 18236951 3521561 16406570 37885 15179379 21616266 13368963 11710769 7745933 9918010 18683938 11542024 15187267 4248339 15799136 19076629 20996012 16061655
30633432 48689251 27337441 6803360 11674658 14860515 10305356 8657381 23280405 19791201 19549544 15219156 0 16624515 18740717 23129048 15257041 13566943 24822697 11756527 18433247 7473223 16640488 3464782 11269314 14914557 10970817 21216184 18803919 20723302 14449219
18111497 40695504 30355236 9821155 14692453 24995713 13323151 7967134 26298200 22808996 22567339 18236951 16624515 0 18872940 26146843 18274836 16584738 27840492 14774322 21451042 10491018 19658283 20089297 14287109 17932352 13988612 24233979 21821714 23741097 17467014
18860067 29948534 20515679 11937357 16808655 25772189 15439353 10905806 20079488 23585472 15410217 3521561 18740717 18872940 0 19928131 3483676 18700940 25062057 16890524 15232330 11267494 13439571 22205499 15063585 18708828 7769900 19320697 22598190 24517573 19583216
31820846 37321571 15735218 16325688 21196986 30160520 16913089 18179709 24467819 16582020 26157277 16406570 23129048 26146843 19928131 0 16444455 23089271 11188840 18364260 4695801 15655825 17827902 26593830 19451916 23097159 12158231 22871689 17569302 15288235 12769226
15376391 33432210 17032003 8453681 13324979 22288513 11955677 10307702 16595812 20101796 11926541 37885 15257041 18274836 3483676 16444455 0 15217264 21578381 13406848 11748654 7783818 9955895 18721823 11579909 15225152 4286224 15837021 19114514 21033897 16099540
30593655 48649474 27297664 6763583 11634881 21938141 10265579 8617604 14462531 19751424 19509767 15179379 13566943 16584738 18700940 23089271 15217264 0 24782920 11716750 18393470 7433446 16600711 17031725 11229537 14874780 10931040 21176407 18764142 20683525 14409442
36954772 26132731 4546378 18019337 22890635 30888548 19983625 19873358 25233091 22075270 27920309 21616266 24822697 27840492 25062057 11188840 21578381 24782920 0 20127292 15884641 17349474 18593174 24973194 13553383 24790808 20847068 24474300 21087988 4099395 23958066
28783239 46260023 15580914 4953167 9824465 20127725 1451171 6807188 19433657 13242250 7793017 13368963 11756527 14774322 16890524 18364260 13406848 11716750 20127292 0 13668459 5623030 14790295 15221309 7881413 13064364 9120624 19365991 12254968 17335401 5595034
27125045 42017372 20431019 11629887 16501185 25464719 12217288 13483908 19772018 11886219 21461476 11710769 18433247 21451042 15232330 4695801 11748654 18393470 15884641 13668459 0 10960024 13132101 21898029 14756115 18401358 7462430 18175888 12873501 19984036 8073425
23160209 41216028 21203944 669863 5541161 14504695 4171859 2523884 15807182 12317978 13416047 7745933 7473223 10491018 11267494 15655825 7783818 7433446 17349474 5623030 10960024 0 9167265 10938005 3796091 7441334 3497594 13742961 11330696 13250079 8315722
25332286 43388105 23139552 9837128 14708426 14649584 13339124 11691149 6639917 12170795 21882436 9918010 16640488 19658283 13439571 17827902 9955895 16600711 18593174 14790295 13132101 9167265 0 20105270 12963356 12182753 5669671 5881126 13158077 14493779 17482987
34098214 51105925 29519572 10268142 15139440 11395733 13770138 12122163 26133105 19941698 23014326 18683938 3464782 20089297 22205499 26593830 18721823 17031725 24973194 15221309 21898029 10938005 20105270 0 11419811 18379339 14435599 20164191 18954416 20873799 17914001
26956300 39686114 18099761 4465954 9337252 18300786 6430242 6319975 14713294 8521887 15674430 11542024 11269314 14287109 15063585 19451916 11579909 11229537 13553383 7881413 14756115 3796091 12963356 11419811 0 11237425 7293685 14811556 7534605 9453988 10574105
29705269 34498647 24845960 8111197 12982495 15070085 11613193 9965218 18822670 12591296 20857381 15187267 14914557 17932352 18708828 23097159 15225152 14874780 24790808 13064364 18401358 7441334 12182753 18379339 11237425 0 10938928 6301627 13578578 20691413 15757056
19662615 37718434 21318227 4167457 9038755 18002289 7669453 6021478 12309588 15815572 16212765 4248339 10970817 13988612 7769900 12158231 4286224 10931040 20847068 9120624 7462430 3497594 5669671 14435599 7293685 10938928 0 11550797 14828290 16747673 11813316
23403642 40800274 22855955 14412824 19284122 8768458 17914820 16266845 12521043 6289669 27159008 15799136 21216184 24233979 19320697 22871689 15837021 21176407 24474300 19365991 18175888 13742961 5881126 20164191 14811556 6301627 11550797 0 7276951 20374905 22058683
30680593 35864146 25202231 12000559 12677513 16045409 13706139 13854580 7178689 987282 20047985 19076629 18803919 21821714 22598190 17569302 19114514 18764142 21087988 12254968 12873501 11330696 13158077 18954416 7534605 13578578 14828290 7276951 0 16988593 17850002
36410288 30232126 8645773 13919942 18791240 27754774 15884230 15773963 21133696 17975875 25128418 20996012 20723302 23741097 24517573 15288235 21033897 20683525 4099395 17335401 19984036 13250079 14493779 20873799 9453988 20691413 16747673 20374905 16988593 0 20028093
31475931 49531750 21175948 7645859 12517157 22820417 4143863 9499880 24122904 18837284 13388051 16061655 14449219 17467014 19583216 12769226 16099540 14409442 23958066 5595034 8073425 8315722 17482987 17914001 10574105 15757056 11813316 22058683 17850002 20028093 0
